2026-03-10 20:36:50,475 - mcp.server.lowlevel.server - DEBUG - [server.py:162] - Initializing server 'UnrealMCP_Advanced'
2026-03-10 20:36:50,475 - mcp.server.lowlevel.server - DEBUG - [server.py:439] - Registering handler for ListToolsRequest
2026-03-10 20:36:50,475 - mcp.server.lowlevel.server - DEBUG - [server.py:519] - Registering handler for CallToolRequest
2026-03-10 20:36:50,475 - mcp.server.lowlevel.server - DEBUG - [server.py:301] - Registering handler for ListResourcesRequest
2026-03-10 20:36:50,475 - mcp.server.lowlevel.server - DEBUG - [server.py:336] - Registering handler for ReadResourceRequest
2026-03-10 20:36:50,476 - mcp.server.lowlevel.server - DEBUG - [server.py:263] - Registering handler for PromptListRequest
2026-03-10 20:36:50,476 - mcp.server.lowlevel.server - DEBUG - [server.py:285] - Registering handler for GetPromptRequest
2026-03-10 20:36:50,476 - mcp.server.lowlevel.server - DEBUG - [server.py:321] - Registering handler for ListResourceTemplatesRequest
2026-03-10 20:36:50,552 - UnrealMCP_Advanced - INFO - [unreal_mcp_server_advanced.py:2795] - Starting Advanced MCP server with stdio transport
2026-03-10 20:36:50,555 - asyncio - DEBUG - [proactor_events.py:631] - Using proactor: IocpProactor
2026-03-10 20:36:50,558 - UnrealMCP_Advanced - INFO - [unreal_mcp_server_advanced.py:434] - UnrealMCP Advanced server starting up
2026-03-10 20:36:50,558 - UnrealMCP_Advanced - INFO - [unreal_mcp_server_advanced.py:435] - Connection will be established lazily on first tool call
2026-03-10 20:36:50,566 - mcp.server.lowlevel.server - DEBUG - [server.py:675] - Received message: root=InitializedNotification(method='notifications/initialized', params=None, jsonrpc='2.0')
2026-03-10 20:39:51,670 - mcp.server.lowlevel.server - DEBUG - [server.py:162] - Initializing server 'UnrealMCP_Advanced'
2026-03-10 20:39:51,670 - mcp.server.lowlevel.server - DEBUG - [server.py:439] - Registering handler for ListToolsRequest
2026-03-10 20:39:51,671 - mcp.server.lowlevel.server - DEBUG - [server.py:519] - Registering handler for CallToolRequest
2026-03-10 20:39:51,671 - mcp.server.lowlevel.server - DEBUG - [server.py:301] - Registering handler for ListResourcesRequest
2026-03-10 20:39:51,671 - mcp.server.lowlevel.server - DEBUG - [server.py:336] - Registering handler for ReadResourceRequest
2026-03-10 20:39:51,671 - mcp.server.lowlevel.server - DEBUG - [server.py:263] - Registering handler for PromptListRequest
2026-03-10 20:39:51,671 - mcp.server.lowlevel.server - DEBUG - [server.py:285] - Registering handler for GetPromptRequest
2026-03-10 20:39:51,671 - mcp.server.lowlevel.server - DEBUG - [server.py:321] - Registering handler for ListResourceTemplatesRequest
2026-03-10 20:39:51,821 - UnrealMCP_Advanced - INFO - [unreal_mcp_server_advanced.py:2795] - Starting Advanced MCP server with stdio transport
2026-03-10 20:39:51,826 - asyncio - DEBUG - [proactor_events.py:631] - Using proactor: IocpProactor
2026-03-10 20:39:51,830 - UnrealMCP_Advanced - INFO - [unreal_mcp_server_advanced.py:434] - UnrealMCP Advanced server starting up
2026-03-10 20:39:51,830 - UnrealMCP_Advanced - INFO - [unreal_mcp_server_advanced.py:435] - Connection will be established lazily on first tool call
2026-03-10 20:39:51,840 - mcp.server.lowlevel.server - DEBUG - [server.py:675] - Received message: root=InitializedNotification(method='notifications/initialized', params=None, jsonrpc='2.0')
2026-03-10 20:39:51,842 - mcp.server.lowlevel.server - DEBUG - [server.py:675] - Received message: <mcp.shared.session.RequestResponder object at 0x000001B6B64D6D50>
2026-03-10 20:39:51,842 - mcp.server.lowlevel.server - INFO - [server.py:720] - Processing request of type ListToolsRequest
2026-03-10 20:39:51,842 - mcp.server.lowlevel.server - DEBUG - [server.py:723] - Dispatching request of type ListToolsRequest
2026-03-10 20:39:51,844 - mcp.server.lowlevel.server - DEBUG - [server.py:790] - Response sent
2026-03-10 20:39:51,846 - mcp.server.lowlevel.server - DEBUG - [server.py:675] - Received message: <mcp.shared.session.RequestResponder object at 0x000001B6B64D6AD0>
2026-03-10 20:39:51,847 - mcp.server.lowlevel.server - INFO - [server.py:720] - Processing request of type ListPromptsRequest
2026-03-10 20:39:51,847 - mcp.server.lowlevel.server - DEBUG - [server.py:723] - Dispatching request of type ListPromptsRequest
2026-03-10 20:39:51,847 - mcp.server.lowlevel.server - DEBUG - [server.py:675] - Received message: <mcp.shared.session.RequestResponder object at 0x000001B6B64AD6E0>
2026-03-10 20:39:51,848 - mcp.server.lowlevel.server - INFO - [server.py:720] - Processing request of type ListResourcesRequest
2026-03-10 20:39:51,848 - mcp.server.lowlevel.server - DEBUG - [server.py:723] - Dispatching request of type ListResourcesRequest
2026-03-10 20:39:51,848 - mcp.server.fastmcp.resources.resource_manager - DEBUG - [resource_manager.py:109] - Listing resources
2026-03-10 20:39:51,848 - mcp.server.lowlevel.server - DEBUG - [server.py:790] - Response sent
2026-03-10 20:39:51,849 - mcp.server.lowlevel.server - DEBUG - [server.py:790] - Response sent
2026-03-10 20:40:53,089 - mcp.server.lowlevel.server - DEBUG - [server.py:675] - Received message: <mcp.shared.session.RequestResponder object at 0x000001B6B64AD0F0>
2026-03-10 20:40:53,089 - mcp.server.lowlevel.server - INFO - [server.py:720] - Processing request of type CallToolRequest
2026-03-10 20:40:53,089 - mcp.server.lowlevel.server - DEBUG - [server.py:723] - Dispatching request of type CallToolRequest
2026-03-10 20:40:53,090 - UnrealMCP_Advanced - INFO - [unreal_mcp_server_advanced.py:416] - Creating new UnrealConnection instance
2026-03-10 20:40:53,090 - UnrealMCP_Advanced - INFO - [unreal_mcp_server_advanced.py:147] - Connecting to Unreal at 127.0.0.1:55557 (attempt 1/4)...
2026-03-10 20:40:55,127 - UnrealMCP_Advanced - WARNING - [unreal_mcp_server_advanced.py:162] - Connection refused - is Unreal Engine running? (attempt 1)
2026-03-10 20:40:55,127 - UnrealMCP_Advanced - INFO - [unreal_mcp_server_advanced.py:176] - Retrying connection in 0.5s...
2026-03-10 20:40:55,627 - UnrealMCP_Advanced - INFO - [unreal_mcp_server_advanced.py:147] - Connecting to Unreal at 127.0.0.1:55557 (attempt 2/4)...
2026-03-10 20:40:57,651 - UnrealMCP_Advanced - WARNING - [unreal_mcp_server_advanced.py:162] - Connection refused - is Unreal Engine running? (attempt 2)
2026-03-10 20:40:57,651 - UnrealMCP_Advanced - INFO - [unreal_mcp_server_advanced.py:176] - Retrying connection in 1.0s...
2026-03-10 20:40:58,652 - UnrealMCP_Advanced - INFO - [unreal_mcp_server_advanced.py:147] - Connecting to Unreal at 127.0.0.1:55557 (attempt 3/4)...
2026-03-10 20:41:00,681 - UnrealMCP_Advanced - WARNING - [unreal_mcp_server_advanced.py:162] - Connection refused - is Unreal Engine running? (attempt 3)
2026-03-10 20:41:00,681 - UnrealMCP_Advanced - INFO - [unreal_mcp_server_advanced.py:176] - Retrying connection in 2.0s...
2026-03-10 20:41:02,681 - UnrealMCP_Advanced - INFO - [unreal_mcp_server_advanced.py:147] - Connecting to Unreal at 127.0.0.1:55557 (attempt 4/4)...
2026-03-10 20:41:04,701 - UnrealMCP_Advanced - WARNING - [unreal_mcp_server_advanced.py:162] - Connection refused - is Unreal Engine running? (attempt 4)
2026-03-10 20:41:04,701 - UnrealMCP_Advanced - ERROR - [unreal_mcp_server_advanced.py:179] - Failed to connect after 4 attempts. Last error: Connection refused: [WinError 10061] 由于目标计算机积极拒绝，无法连接。
2026-03-10 20:41:04,701 - UnrealMCP_Advanced - WARNING - [unreal_mcp_server_advanced.py:314] - Command failed (attempt 1/4): Failed to connect to Unreal Engine: Connection refused: [WinError 10061] 由于目标计算机积极拒绝，无法连接。
2026-03-10 20:41:04,701 - UnrealMCP_Advanced - DEBUG - [unreal_mcp_server_advanced.py:200] - Disconnected from Unreal Engine
2026-03-10 20:41:04,701 - UnrealMCP_Advanced - INFO - [unreal_mcp_server_advanced.py:321] - Retrying command in 0.5s...
2026-03-10 20:41:05,202 - UnrealMCP_Advanced - INFO - [unreal_mcp_server_advanced.py:147] - Connecting to Unreal at 127.0.0.1:55557 (attempt 1/4)...
2026-03-10 20:41:07,233 - UnrealMCP_Advanced - WARNING - [unreal_mcp_server_advanced.py:162] - Connection refused - is Unreal Engine running? (attempt 1)
2026-03-10 20:41:07,233 - UnrealMCP_Advanced - INFO - [unreal_mcp_server_advanced.py:176] - Retrying connection in 0.5s...
2026-03-10 20:41:07,733 - UnrealMCP_Advanced - INFO - [unreal_mcp_server_advanced.py:147] - Connecting to Unreal at 127.0.0.1:55557 (attempt 2/4)...
2026-03-10 20:41:09,768 - UnrealMCP_Advanced - WARNING - [unreal_mcp_server_advanced.py:162] - Connection refused - is Unreal Engine running? (attempt 2)
2026-03-10 20:41:09,768 - UnrealMCP_Advanced - INFO - [unreal_mcp_server_advanced.py:176] - Retrying connection in 1.0s...
2026-03-10 20:41:10,768 - UnrealMCP_Advanced - INFO - [unreal_mcp_server_advanced.py:147] - Connecting to Unreal at 127.0.0.1:55557 (attempt 3/4)...
2026-03-10 20:41:12,792 - UnrealMCP_Advanced - WARNING - [unreal_mcp_server_advanced.py:162] - Connection refused - is Unreal Engine running? (attempt 3)
2026-03-10 20:41:12,792 - UnrealMCP_Advanced - INFO - [unreal_mcp_server_advanced.py:176] - Retrying connection in 2.0s...
2026-03-10 20:41:14,793 - UnrealMCP_Advanced - INFO - [unreal_mcp_server_advanced.py:147] - Connecting to Unreal at 127.0.0.1:55557 (attempt 4/4)...
2026-03-10 20:41:16,811 - UnrealMCP_Advanced - WARNING - [unreal_mcp_server_advanced.py:162] - Connection refused - is Unreal Engine running? (attempt 4)
2026-03-10 20:41:16,811 - UnrealMCP_Advanced - ERROR - [unreal_mcp_server_advanced.py:179] - Failed to connect after 4 attempts. Last error: Connection refused: [WinError 10061] 由于目标计算机积极拒绝，无法连接。
2026-03-10 20:41:16,811 - UnrealMCP_Advanced - WARNING - [unreal_mcp_server_advanced.py:314] - Command failed (attempt 2/4): Failed to connect to Unreal Engine: Connection refused: [WinError 10061] 由于目标计算机积极拒绝，无法连接。
2026-03-10 20:41:16,811 - UnrealMCP_Advanced - DEBUG - [unreal_mcp_server_advanced.py:200] - Disconnected from Unreal Engine
2026-03-10 20:41:16,811 - UnrealMCP_Advanced - INFO - [unreal_mcp_server_advanced.py:321] - Retrying command in 1.0s...
2026-03-10 20:41:17,811 - UnrealMCP_Advanced - INFO - [unreal_mcp_server_advanced.py:147] - Connecting to Unreal at 127.0.0.1:55557 (attempt 1/4)...
2026-03-10 20:41:19,833 - UnrealMCP_Advanced - WARNING - [unreal_mcp_server_advanced.py:162] - Connection refused - is Unreal Engine running? (attempt 1)
2026-03-10 20:41:19,833 - UnrealMCP_Advanced - INFO - [unreal_mcp_server_advanced.py:176] - Retrying connection in 0.5s...
2026-03-10 20:41:20,334 - UnrealMCP_Advanced - INFO - [unreal_mcp_server_advanced.py:147] - Connecting to Unreal at 127.0.0.1:55557 (attempt 2/4)...
2026-03-10 20:41:22,377 - UnrealMCP_Advanced - WARNING - [unreal_mcp_server_advanced.py:162] - Connection refused - is Unreal Engine running? (attempt 2)
2026-03-10 20:41:22,377 - UnrealMCP_Advanced - INFO - [unreal_mcp_server_advanced.py:176] - Retrying connection in 1.0s...
2026-03-10 20:41:23,377 - UnrealMCP_Advanced - INFO - [unreal_mcp_server_advanced.py:147] - Connecting to Unreal at 127.0.0.1:55557 (attempt 3/4)...
2026-03-10 20:41:25,400 - UnrealMCP_Advanced - WARNING - [unreal_mcp_server_advanced.py:162] - Connection refused - is Unreal Engine running? (attempt 3)
2026-03-10 20:41:25,401 - UnrealMCP_Advanced - INFO - [unreal_mcp_server_advanced.py:176] - Retrying connection in 2.0s...
2026-03-10 20:41:27,401 - UnrealMCP_Advanced - INFO - [unreal_mcp_server_advanced.py:147] - Connecting to Unreal at 127.0.0.1:55557 (attempt 4/4)...
2026-03-10 20:41:29,438 - UnrealMCP_Advanced - WARNING - [unreal_mcp_server_advanced.py:162] - Connection refused - is Unreal Engine running? (attempt 4)
2026-03-10 20:41:29,438 - UnrealMCP_Advanced - ERROR - [unreal_mcp_server_advanced.py:179] - Failed to connect after 4 attempts. Last error: Connection refused: [WinError 10061] 由于目标计算机积极拒绝，无法连接。
2026-03-10 20:41:29,438 - UnrealMCP_Advanced - WARNING - [unreal_mcp_server_advanced.py:314] - Command failed (attempt 3/4): Failed to connect to Unreal Engine: Connection refused: [WinError 10061] 由于目标计算机积极拒绝，无法连接。
2026-03-10 20:41:29,439 - UnrealMCP_Advanced - DEBUG - [unreal_mcp_server_advanced.py:200] - Disconnected from Unreal Engine
2026-03-10 20:41:29,439 - UnrealMCP_Advanced - INFO - [unreal_mcp_server_advanced.py:321] - Retrying command in 2.0s...
2026-03-10 20:41:31,439 - UnrealMCP_Advanced - INFO - [unreal_mcp_server_advanced.py:147] - Connecting to Unreal at 127.0.0.1:55557 (attempt 1/4)...
2026-03-10 20:41:33,455 - UnrealMCP_Advanced - WARNING - [unreal_mcp_server_advanced.py:162] - Connection refused - is Unreal Engine running? (attempt 1)
2026-03-10 20:41:33,455 - UnrealMCP_Advanced - INFO - [unreal_mcp_server_advanced.py:176] - Retrying connection in 0.5s...
2026-03-10 20:41:33,955 - UnrealMCP_Advanced - INFO - [unreal_mcp_server_advanced.py:147] - Connecting to Unreal at 127.0.0.1:55557 (attempt 2/4)...
2026-03-10 20:41:35,985 - UnrealMCP_Advanced - WARNING - [unreal_mcp_server_advanced.py:162] - Connection refused - is Unreal Engine running? (attempt 2)
2026-03-10 20:41:35,985 - UnrealMCP_Advanced - INFO - [unreal_mcp_server_advanced.py:176] - Retrying connection in 1.0s...
2026-03-10 20:41:36,986 - UnrealMCP_Advanced - INFO - [unreal_mcp_server_advanced.py:147] - Connecting to Unreal at 127.0.0.1:55557 (attempt 3/4)...
2026-03-10 20:41:39,007 - UnrealMCP_Advanced - WARNING - [unreal_mcp_server_advanced.py:162] - Connection refused - is Unreal Engine running? (attempt 3)
2026-03-10 20:41:39,007 - UnrealMCP_Advanced - INFO - [unreal_mcp_server_advanced.py:176] - Retrying connection in 2.0s...
2026-03-10 20:41:41,008 - UnrealMCP_Advanced - INFO - [unreal_mcp_server_advanced.py:147] - Connecting to Unreal at 127.0.0.1:55557 (attempt 4/4)...
2026-03-10 20:41:43,057 - UnrealMCP_Advanced - WARNING - [unreal_mcp_server_advanced.py:162] - Connection refused - is Unreal Engine running? (attempt 4)
2026-03-10 20:41:43,057 - UnrealMCP_Advanced - ERROR - [unreal_mcp_server_advanced.py:179] - Failed to connect after 4 attempts. Last error: Connection refused: [WinError 10061] 由于目标计算机积极拒绝，无法连接。
2026-03-10 20:41:43,058 - UnrealMCP_Advanced - WARNING - [unreal_mcp_server_advanced.py:314] - Command failed (attempt 4/4): Failed to connect to Unreal Engine: Connection refused: [WinError 10061] 由于目标计算机积极拒绝，无法连接。
2026-03-10 20:41:43,058 - UnrealMCP_Advanced - DEBUG - [unreal_mcp_server_advanced.py:200] - Disconnected from Unreal Engine
2026-03-10 20:41:43,062 - mcp.server.lowlevel.server - DEBUG - [server.py:790] - Response sent
2026-03-10 20:48:52,509 - mcp.server.lowlevel.server - DEBUG - [server.py:675] - Received message: <mcp.shared.session.RequestResponder object at 0x000001B6B666A450>
2026-03-10 20:48:52,509 - mcp.server.lowlevel.server - INFO - [server.py:720] - Processing request of type CallToolRequest
2026-03-10 20:48:52,509 - mcp.server.lowlevel.server - DEBUG - [server.py:723] - Dispatching request of type CallToolRequest
2026-03-10 20:48:52,509 - UnrealMCP_Advanced - INFO - [unreal_mcp_server_advanced.py:147] - Connecting to Unreal at 127.0.0.1:55557 (attempt 1/4)...
2026-03-10 20:48:52,510 - UnrealMCP_Advanced - INFO - [unreal_mcp_server_advanced.py:154] - Successfully connected to Unreal Engine
2026-03-10 20:48:52,510 - UnrealMCP_Advanced - INFO - [unreal_mcp_server_advanced.py:362] - Sending command (attempt 1): get_actors_in_level
2026-03-10 20:48:52,510 - UnrealMCP_Advanced - DEBUG - [unreal_mcp_server_advanced.py:363] - Command payload: {"type": "get_actors_in_level", "params": {}}...
2026-03-10 20:48:52,603 - UnrealMCP_Advanced - INFO - [unreal_mcp_server_advanced.py:264] - Received complete response (13094 bytes) for get_actors_in_level
2026-03-10 20:48:52,604 - UnrealMCP_Advanced - INFO - [unreal_mcp_server_advanced.py:380] - Command get_actors_in_level completed successfully
2026-03-10 20:48:52,607 - mcp.server.lowlevel.server - DEBUG - [server.py:790] - Response sent
2026-03-10 21:18:31,229 - mcp.server.lowlevel.server - DEBUG - [server.py:675] - Received message: <mcp.shared.session.RequestResponder object at 0x000001B6B66379B0>
2026-03-10 21:18:31,231 - mcp.server.lowlevel.server - INFO - [server.py:720] - Processing request of type CallToolRequest
2026-03-10 21:18:31,231 - mcp.server.lowlevel.server - DEBUG - [server.py:723] - Dispatching request of type CallToolRequest
2026-03-10 21:18:31,235 - UnrealMCP_Advanced - INFO - [unreal_mcp_server_advanced.py:679] - Reading Blueprint content for: /Game/FPS/Migrate/BP_ThirdPersonCharacter
2026-03-10 21:18:31,235 - UnrealMCP_Advanced - INFO - [unreal_mcp_server_advanced.py:147] - Connecting to Unreal at 127.0.0.1:55557 (attempt 1/4)...
2026-03-10 21:18:31,261 - UnrealMCP_Advanced - INFO - [unreal_mcp_server_advanced.py:154] - Successfully connected to Unreal Engine
2026-03-10 21:18:31,261 - UnrealMCP_Advanced - INFO - [unreal_mcp_server_advanced.py:362] - Sending command (attempt 1): read_blueprint_content
2026-03-10 21:18:31,261 - UnrealMCP_Advanced - DEBUG - [unreal_mcp_server_advanced.py:363] - Command payload: {"type": "read_blueprint_content", "params": {"blueprint_path": "/Game/FPS/Migrate/BP_ThirdPersonCharacter", "include_event_graph": true, "include_functions": true, "include_variables": true, "include_components": true, "include_interfaces": true}}...
2026-03-10 21:19:01,274 - UnrealMCP_Advanced - WARNING - [unreal_mcp_server_advanced.py:314] - Command failed (attempt 1/4): Timeout after 30.0s waiting for response to read_blueprint_content (received 0 bytes)
2026-03-10 21:19:01,275 - UnrealMCP_Advanced - DEBUG - [unreal_mcp_server_advanced.py:200] - Disconnected from Unreal Engine
2026-03-10 21:19:01,275 - UnrealMCP_Advanced - INFO - [unreal_mcp_server_advanced.py:321] - Retrying command in 0.5s...
2026-03-10 21:19:01,775 - UnrealMCP_Advanced - INFO - [unreal_mcp_server_advanced.py:147] - Connecting to Unreal at 127.0.0.1:55557 (attempt 1/4)...
2026-03-10 21:19:01,775 - UnrealMCP_Advanced - INFO - [unreal_mcp_server_advanced.py:154] - Successfully connected to Unreal Engine
2026-03-10 21:19:01,775 - UnrealMCP_Advanced - INFO - [unreal_mcp_server_advanced.py:362] - Sending command (attempt 2): read_blueprint_content
2026-03-10 21:19:01,775 - UnrealMCP_Advanced - DEBUG - [unreal_mcp_server_advanced.py:363] - Command payload: {"type": "read_blueprint_content", "params": {"blueprint_path": "/Game/FPS/Migrate/BP_ThirdPersonCharacter", "include_event_graph": true, "include_functions": true, "include_variables": true, "include_components": true, "include_interfaces": true}}...
2026-03-10 21:19:02,092 - UnrealMCP_Advanced - INFO - [unreal_mcp_server_advanced.py:264] - Received complete response (5600 bytes) for read_blueprint_content
2026-03-10 21:19:02,092 - UnrealMCP_Advanced - INFO - [unreal_mcp_server_advanced.py:380] - Command read_blueprint_content completed successfully
2026-03-10 21:19:02,096 - mcp.server.lowlevel.server - DEBUG - [server.py:790] - Response sent
2026-03-10 21:20:41,152 - mcp.server.lowlevel.server - DEBUG - [server.py:675] - Received message: <mcp.shared.session.RequestResponder object at 0x000001B6B6637570>
2026-03-10 21:20:41,152 - mcp.server.lowlevel.server - INFO - [server.py:720] - Processing request of type CallToolRequest
2026-03-10 21:20:41,152 - mcp.server.lowlevel.server - DEBUG - [server.py:723] - Dispatching request of type CallToolRequest
2026-03-10 21:20:41,154 - UnrealMCP_Advanced - INFO - [unreal_mcp_server_advanced.py:818] - Getting Blueprint function details: /Game/FPS/Migrate/BP_ThirdPersonCharacter
2026-03-10 21:20:41,155 - UnrealMCP_Advanced - INFO - [unreal_mcp_server_advanced.py:820] -   - Specific function: ShootingDetecter
2026-03-10 21:20:41,155 - UnrealMCP_Advanced - INFO - [unreal_mcp_server_advanced.py:147] - Connecting to Unreal at 127.0.0.1:55557 (attempt 1/4)...
2026-03-10 21:20:41,155 - UnrealMCP_Advanced - INFO - [unreal_mcp_server_advanced.py:154] - Successfully connected to Unreal Engine
2026-03-10 21:20:41,155 - UnrealMCP_Advanced - INFO - [unreal_mcp_server_advanced.py:362] - Sending command (attempt 1): get_blueprint_function_details
2026-03-10 21:20:41,155 - UnrealMCP_Advanced - DEBUG - [unreal_mcp_server_advanced.py:363] - Command payload: {"type": "get_blueprint_function_details", "params": {"blueprint_path": "/Game/FPS/Migrate/BP_ThirdPersonCharacter", "function_name": "ShootingDetecter", "include_graph": true}}...
2026-03-10 21:20:41,450 - UnrealMCP_Advanced - INFO - [unreal_mcp_server_advanced.py:264] - Received complete response (8979 bytes) for get_blueprint_function_details
2026-03-10 21:20:41,450 - UnrealMCP_Advanced - INFO - [unreal_mcp_server_advanced.py:380] - Command get_blueprint_function_details completed successfully
2026-03-10 21:20:41,454 - mcp.server.lowlevel.server - DEBUG - [server.py:790] - Response sent
2026-03-10 21:20:59,758 - mcp.server.lowlevel.server - DEBUG - [server.py:675] - Received message: <mcp.shared.session.RequestResponder object at 0x000001B6B64A2C50>
2026-03-10 21:20:59,758 - mcp.server.lowlevel.server - INFO - [server.py:720] - Processing request of type CallToolRequest
2026-03-10 21:20:59,759 - mcp.server.lowlevel.server - DEBUG - [server.py:723] - Dispatching request of type CallToolRequest
2026-03-10 21:20:59,760 - UnrealMCP_Advanced - INFO - [unreal_mcp_server_advanced.py:734] - Analyzing Blueprint graph: /Game/FPS/Migrate/BP_ThirdPersonCharacter -> Shooting Logic
2026-03-10 21:20:59,760 - UnrealMCP_Advanced - INFO - [unreal_mcp_server_advanced.py:147] - Connecting to Unreal at 127.0.0.1:55557 (attempt 1/4)...
2026-03-10 21:20:59,760 - UnrealMCP_Advanced - INFO - [unreal_mcp_server_advanced.py:154] - Successfully connected to Unreal Engine
2026-03-10 21:20:59,760 - UnrealMCP_Advanced - INFO - [unreal_mcp_server_advanced.py:362] - Sending command (attempt 1): analyze_blueprint_graph
2026-03-10 21:20:59,760 - UnrealMCP_Advanced - DEBUG - [unreal_mcp_server_advanced.py:363] - Command payload: {"type": "analyze_blueprint_graph", "params": {"blueprint_path": "/Game/FPS/Migrate/BP_ThirdPersonCharacter", "graph_name": "Shooting Logic", "include_node_details": true, "include_pin_connections": true, "trace_execution_flow": true}}...
2026-03-10 21:21:00,121 - UnrealMCP_Advanced - INFO - [unreal_mcp_server_advanced.py:264] - Received complete response (70 bytes) for analyze_blueprint_graph
2026-03-10 21:21:00,122 - UnrealMCP_Advanced - INFO - [unreal_mcp_server_advanced.py:380] - Command analyze_blueprint_graph completed successfully
2026-03-10 21:21:00,122 - UnrealMCP_Advanced - WARNING - [unreal_mcp_server_advanced.py:385] - Unreal returned error: Graph not found: Shooting Logic
2026-03-10 21:21:00,124 - mcp.server.lowlevel.server - DEBUG - [server.py:790] - Response sent
2026-03-10 21:21:06,117 - mcp.server.lowlevel.server - DEBUG - [server.py:675] - Received message: <mcp.shared.session.RequestResponder object at 0x000001B6B64A3A50>
2026-03-10 21:21:06,117 - mcp.server.lowlevel.server - INFO - [server.py:720] - Processing request of type CallToolRequest
2026-03-10 21:21:06,117 - mcp.server.lowlevel.server - DEBUG - [server.py:723] - Dispatching request of type CallToolRequest
2026-03-10 21:21:06,118 - UnrealMCP_Advanced - INFO - [unreal_mcp_server_advanced.py:734] - Analyzing Blueprint graph: /Game/FPS/Migrate/BP_ThirdPersonCharacter -> EventGraph
2026-03-10 21:21:06,118 - UnrealMCP_Advanced - INFO - [unreal_mcp_server_advanced.py:147] - Connecting to Unreal at 127.0.0.1:55557 (attempt 1/4)...
2026-03-10 21:21:06,119 - UnrealMCP_Advanced - INFO - [unreal_mcp_server_advanced.py:154] - Successfully connected to Unreal Engine
2026-03-10 21:21:06,119 - UnrealMCP_Advanced - INFO - [unreal_mcp_server_advanced.py:362] - Sending command (attempt 1): analyze_blueprint_graph
2026-03-10 21:21:06,119 - UnrealMCP_Advanced - DEBUG - [unreal_mcp_server_advanced.py:363] - Command payload: {"type": "analyze_blueprint_graph", "params": {"blueprint_path": "/Game/FPS/Migrate/BP_ThirdPersonCharacter", "graph_name": "EventGraph", "include_node_details": true, "include_pin_connections": true, "trace_execution_flow": true}}...
2026-03-10 21:21:06,458 - UnrealMCP_Advanced - INFO - [unreal_mcp_server_advanced.py:264] - Received complete response (1792 bytes) for analyze_blueprint_graph
2026-03-10 21:21:06,458 - UnrealMCP_Advanced - INFO - [unreal_mcp_server_advanced.py:380] - Command analyze_blueprint_graph completed successfully
2026-03-10 21:21:06,462 - mcp.server.lowlevel.server - DEBUG - [server.py:790] - Response sent
2026-03-10 21:21:08,148 - mcp.server.lowlevel.server - DEBUG - [server.py:675] - Received message: <mcp.shared.session.RequestResponder object at 0x000001B6B665F5C0>
2026-03-10 21:21:08,148 - mcp.server.lowlevel.server - INFO - [server.py:720] - Processing request of type CallToolRequest
2026-03-10 21:21:08,148 - mcp.server.lowlevel.server - DEBUG - [server.py:723] - Dispatching request of type CallToolRequest
2026-03-10 21:21:08,148 - UnrealMCP_Advanced - INFO - [unreal_mcp_server_advanced.py:818] - Getting Blueprint function details: /Game/FPS/Migrate/BP_ThirdPersonCharacter
2026-03-10 21:21:08,148 - UnrealMCP_Advanced - INFO - [unreal_mcp_server_advanced.py:820] -   - Specific function: DecreaseConcentration
2026-03-10 21:21:08,148 - UnrealMCP_Advanced - INFO - [unreal_mcp_server_advanced.py:147] - Connecting to Unreal at 127.0.0.1:55557 (attempt 1/4)...
2026-03-10 21:21:08,148 - UnrealMCP_Advanced - INFO - [unreal_mcp_server_advanced.py:154] - Successfully connected to Unreal Engine
2026-03-10 21:21:08,148 - UnrealMCP_Advanced - INFO - [unreal_mcp_server_advanced.py:362] - Sending command (attempt 1): get_blueprint_function_details
2026-03-10 21:21:08,148 - UnrealMCP_Advanced - DEBUG - [unreal_mcp_server_advanced.py:363] - Command payload: {"type": "get_blueprint_function_details", "params": {"blueprint_path": "/Game/FPS/Migrate/BP_ThirdPersonCharacter", "function_name": "DecreaseConcentration", "include_graph": true}}...
2026-03-10 21:21:08,458 - UnrealMCP_Advanced - INFO - [unreal_mcp_server_advanced.py:264] - Received complete response (1168 bytes) for get_blueprint_function_details
2026-03-10 21:21:08,458 - UnrealMCP_Advanced - INFO - [unreal_mcp_server_advanced.py:380] - Command get_blueprint_function_details completed successfully
2026-03-10 21:21:08,460 - mcp.server.lowlevel.server - DEBUG - [server.py:790] - Response sent
2026-03-10 21:21:08,467 - mcp.server.lowlevel.server - DEBUG - [server.py:675] - Received message: <mcp.shared.session.RequestResponder object at 0x000001B6B665E210>
2026-03-10 21:21:08,467 - mcp.server.lowlevel.server - INFO - [server.py:720] - Processing request of type CallToolRequest
2026-03-10 21:21:08,467 - mcp.server.lowlevel.server - DEBUG - [server.py:723] - Dispatching request of type CallToolRequest
2026-03-10 21:21:08,467 - UnrealMCP_Advanced - INFO - [unreal_mcp_server_advanced.py:818] - Getting Blueprint function details: /Game/FPS/Migrate/BP_ThirdPersonCharacter
2026-03-10 21:21:08,467 - UnrealMCP_Advanced - INFO - [unreal_mcp_server_advanced.py:820] -   - Specific function: GetDelay
2026-03-10 21:21:08,467 - UnrealMCP_Advanced - INFO - [unreal_mcp_server_advanced.py:147] - Connecting to Unreal at 127.0.0.1:55557 (attempt 1/4)...
2026-03-10 21:21:08,468 - UnrealMCP_Advanced - INFO - [unreal_mcp_server_advanced.py:154] - Successfully connected to Unreal Engine
2026-03-10 21:21:08,468 - UnrealMCP_Advanced - INFO - [unreal_mcp_server_advanced.py:362] - Sending command (attempt 1): get_blueprint_function_details
2026-03-10 21:21:08,468 - UnrealMCP_Advanced - DEBUG - [unreal_mcp_server_advanced.py:363] - Command payload: {"type": "get_blueprint_function_details", "params": {"blueprint_path": "/Game/FPS/Migrate/BP_ThirdPersonCharacter", "function_name": "GetDelay", "include_graph": true}}...
2026-03-10 21:21:08,797 - UnrealMCP_Advanced - INFO - [unreal_mcp_server_advanced.py:264] - Received complete response (1108 bytes) for get_blueprint_function_details
2026-03-10 21:21:08,797 - UnrealMCP_Advanced - INFO - [unreal_mcp_server_advanced.py:380] - Command get_blueprint_function_details completed successfully
2026-03-10 21:21:08,799 - mcp.server.lowlevel.server - DEBUG - [server.py:790] - Response sent
2026-03-10 21:25:42,734 - mcp.server.lowlevel.server - DEBUG - [server.py:675] - Received message: <mcp.shared.session.RequestResponder object at 0x000001B6B66AE350>
2026-03-10 21:25:42,735 - mcp.server.lowlevel.server - INFO - [server.py:720] - Processing request of type CallToolRequest
2026-03-10 21:25:42,735 - mcp.server.lowlevel.server - DEBUG - [server.py:723] - Dispatching request of type CallToolRequest
2026-03-10 21:25:42,738 - UnrealMCP_Advanced - INFO - [unreal_mcp_server_advanced.py:147] - Connecting to Unreal at 127.0.0.1:55557 (attempt 1/4)...
2026-03-10 21:25:42,739 - UnrealMCP_Advanced - INFO - [unreal_mcp_server_advanced.py:154] - Successfully connected to Unreal Engine
2026-03-10 21:25:42,739 - UnrealMCP_Advanced - INFO - [unreal_mcp_server_advanced.py:362] - Sending command (attempt 1): create_blueprint
2026-03-10 21:25:42,739 - UnrealMCP_Advanced - DEBUG - [unreal_mcp_server_advanced.py:363] - Command payload: {"type": "create_blueprint", "params": {"name": "BP_FPSPlayer", "parent_class": "/Script/FPS.FPSCharacter"}}...
2026-03-10 21:25:42,889 - UnrealMCP_Advanced - INFO - [unreal_mcp_server_advanced.py:264] - Received complete response (117 bytes) for create_blueprint
2026-03-10 21:25:42,889 - UnrealMCP_Advanced - INFO - [unreal_mcp_server_advanced.py:380] - Command create_blueprint completed successfully
2026-03-10 21:25:42,893 - mcp.server.lowlevel.server - DEBUG - [server.py:790] - Response sent
2026-03-10 21:25:50,590 - mcp.server.lowlevel.server - DEBUG - [server.py:675] - Received message: <mcp.shared.session.RequestResponder object at 0x000001B6B66ADD30>
2026-03-10 21:25:50,590 - mcp.server.lowlevel.server - INFO - [server.py:720] - Processing request of type CallToolRequest
2026-03-10 21:25:50,590 - mcp.server.lowlevel.server - DEBUG - [server.py:723] - Dispatching request of type CallToolRequest
2026-03-10 21:25:50,595 - UnrealMCP_Advanced - INFO - [unreal_mcp_server_advanced.py:147] - Connecting to Unreal at 127.0.0.1:55557 (attempt 1/4)...
2026-03-10 21:25:50,595 - UnrealMCP_Advanced - INFO - [unreal_mcp_server_advanced.py:154] - Successfully connected to Unreal Engine
2026-03-10 21:25:50,595 - UnrealMCP_Advanced - INFO - [unreal_mcp_server_advanced.py:362] - Sending command (attempt 1): create_variable
2026-03-10 21:25:50,595 - UnrealMCP_Advanced - DEBUG - [unreal_mcp_server_advanced.py:363] - Command payload: {"type": "create_variable", "params": {"blueprint_name": "BP_FPSPlayer", "variable_name": "Concentration", "variable_type": "int", "default_value": 5, "is_public": true, "tooltip": "\u5b50\u5f39\u65f6\u95f4\u84c4\u529b\u503c\uff0c\u5f52\u96f6\u65f6\u9000\u51faTimeStop", "category": "TimeStop"}}...
2026-03-10 21:25:51,069 - UnrealMCP_Advanced - INFO - [unreal_mcp_server_advanced.py:264] - Received complete response (190 bytes) for create_variable
2026-03-10 21:25:51,069 - UnrealMCP_Advanced - INFO - [unreal_mcp_server_advanced.py:380] - Command create_variable completed successfully
2026-03-10 21:25:51,070 - BlueprintGraph.VariableManager - ERROR - [variable_manager.py:79] - Failed to create variable: Unknown error
2026-03-10 21:25:51,074 - mcp.server.lowlevel.server - DEBUG - [server.py:790] - Response sent
2026-03-10 21:25:51,077 - mcp.server.lowlevel.server - DEBUG - [server.py:675] - Received message: <mcp.shared.session.RequestResponder object at 0x000001B6B65F2B60>
2026-03-10 21:25:51,078 - mcp.server.lowlevel.server - INFO - [server.py:720] - Processing request of type CallToolRequest
2026-03-10 21:25:51,078 - mcp.server.lowlevel.server - DEBUG - [server.py:723] - Dispatching request of type CallToolRequest
2026-03-10 21:25:51,078 - UnrealMCP_Advanced - INFO - [unreal_mcp_server_advanced.py:147] - Connecting to Unreal at 127.0.0.1:55557 (attempt 1/4)...
2026-03-10 21:25:51,078 - UnrealMCP_Advanced - INFO - [unreal_mcp_server_advanced.py:154] - Successfully connected to Unreal Engine
2026-03-10 21:25:51,078 - UnrealMCP_Advanced - INFO - [unreal_mcp_server_advanced.py:362] - Sending command (attempt 1): create_variable
2026-03-10 21:25:51,078 - UnrealMCP_Advanced - DEBUG - [unreal_mcp_server_advanced.py:363] - Command payload: {"type": "create_variable", "params": {"blueprint_name": "BP_FPSPlayer", "variable_name": "IsTimeStop", "variable_type": "bool", "default_value": false, "category": "TimeStop"}}...
2026-03-10 21:25:51,350 - UnrealMCP_Advanced - INFO - [unreal_mcp_server_advanced.py:264] - Received complete response (189 bytes) for create_variable
2026-03-10 21:25:51,350 - UnrealMCP_Advanced - INFO - [unreal_mcp_server_advanced.py:380] - Command create_variable completed successfully
2026-03-10 21:25:51,351 - BlueprintGraph.VariableManager - ERROR - [variable_manager.py:79] - Failed to create variable: Unknown error
2026-03-10 21:25:51,352 - mcp.server.lowlevel.server - DEBUG - [server.py:790] - Response sent
2026-03-10 21:25:51,378 - mcp.server.lowlevel.server - DEBUG - [server.py:675] - Received message: <mcp.shared.session.RequestResponder object at 0x000001B6B630B4D0>
2026-03-10 21:25:51,378 - mcp.server.lowlevel.server - INFO - [server.py:720] - Processing request of type CallToolRequest
2026-03-10 21:25:51,378 - mcp.server.lowlevel.server - DEBUG - [server.py:723] - Dispatching request of type CallToolRequest
2026-03-10 21:25:51,378 - UnrealMCP_Advanced - INFO - [unreal_mcp_server_advanced.py:147] - Connecting to Unreal at 127.0.0.1:55557 (attempt 1/4)...
2026-03-10 21:25:51,379 - UnrealMCP_Advanced - INFO - [unreal_mcp_server_advanced.py:154] - Successfully connected to Unreal Engine
2026-03-10 21:25:51,379 - UnrealMCP_Advanced - INFO - [unreal_mcp_server_advanced.py:362] - Sending command (attempt 1): create_variable
2026-03-10 21:25:51,379 - UnrealMCP_Advanced - DEBUG - [unreal_mcp_server_advanced.py:363] - Command payload: {"type": "create_variable", "params": {"blueprint_name": "BP_FPSPlayer", "variable_name": "DPI", "variable_type": "float", "default_value": 0.5, "is_public": true, "tooltip": "\u9f20\u6807\u7075\u654f\u5ea6", "category": "Settings"}}...
2026-03-10 21:25:51,693 - UnrealMCP_Advanced - INFO - [unreal_mcp_server_advanced.py:264] - Received complete response (182 bytes) for create_variable
2026-03-10 21:25:51,693 - UnrealMCP_Advanced - INFO - [unreal_mcp_server_advanced.py:380] - Command create_variable completed successfully
2026-03-10 21:25:51,693 - BlueprintGraph.VariableManager - ERROR - [variable_manager.py:79] - Failed to create variable: Unknown error
2026-03-10 21:25:51,695 - mcp.server.lowlevel.server - DEBUG - [server.py:790] - Response sent
2026-03-10 21:25:51,700 - mcp.server.lowlevel.server - DEBUG - [server.py:675] - Received message: <mcp.shared.session.RequestResponder object at 0x000001B6B6670890>
2026-03-10 21:25:51,700 - mcp.server.lowlevel.server - INFO - [server.py:720] - Processing request of type CallToolRequest
2026-03-10 21:25:51,700 - mcp.server.lowlevel.server - DEBUG - [server.py:723] - Dispatching request of type CallToolRequest
2026-03-10 21:25:51,700 - UnrealMCP_Advanced - INFO - [unreal_mcp_server_advanced.py:147] - Connecting to Unreal at 127.0.0.1:55557 (attempt 1/4)...
2026-03-10 21:25:51,701 - UnrealMCP_Advanced - INFO - [unreal_mcp_server_advanced.py:154] - Successfully connected to Unreal Engine
2026-03-10 21:25:51,701 - UnrealMCP_Advanced - INFO - [unreal_mcp_server_advanced.py:362] - Sending command (attempt 1): create_variable
2026-03-10 21:25:51,701 - UnrealMCP_Advanced - DEBUG - [unreal_mcp_server_advanced.py:363] - Command payload: {"type": "create_variable", "params": {"blueprint_name": "BP_FPSPlayer", "variable_name": "PostProcessEnabled", "variable_type": "bool", "default_value": true, "is_public": true, "category": "Settings"}}...
2026-03-10 21:25:52,001 - UnrealMCP_Advanced - INFO - [unreal_mcp_server_advanced.py:264] - Received complete response (196 bytes) for create_variable
2026-03-10 21:25:52,001 - UnrealMCP_Advanced - INFO - [unreal_mcp_server_advanced.py:380] - Command create_variable completed successfully
2026-03-10 21:25:52,001 - BlueprintGraph.VariableManager - ERROR - [variable_manager.py:79] - Failed to create variable: Unknown error
2026-03-10 21:25:52,002 - mcp.server.lowlevel.server - DEBUG - [server.py:790] - Response sent
2026-03-10 21:25:52,009 - mcp.server.lowlevel.server - DEBUG - [server.py:675] - Received message: <mcp.shared.session.RequestResponder object at 0x000001B6B64D1390>
2026-03-10 21:25:52,010 - mcp.server.lowlevel.server - INFO - [server.py:720] - Processing request of type CallToolRequest
2026-03-10 21:25:52,010 - mcp.server.lowlevel.server - DEBUG - [server.py:723] - Dispatching request of type CallToolRequest
2026-03-10 21:25:52,010 - UnrealMCP_Advanced - INFO - [unreal_mcp_server_advanced.py:147] - Connecting to Unreal at 127.0.0.1:55557 (attempt 1/4)...
2026-03-10 21:25:52,011 - UnrealMCP_Advanced - INFO - [unreal_mcp_server_advanced.py:154] - Successfully connected to Unreal Engine
2026-03-10 21:25:52,011 - UnrealMCP_Advanced - INFO - [unreal_mcp_server_advanced.py:362] - Sending command (attempt 1): create_variable
2026-03-10 21:25:52,011 - UnrealMCP_Advanced - DEBUG - [unreal_mcp_server_advanced.py:363] - Command payload: {"type": "create_variable", "params": {"blueprint_name": "BP_FPSPlayer", "variable_name": "PitchMultiplier", "variable_type": "float", "default_value": 1, "category": "Audio"}}...
2026-03-10 21:25:52,355 - UnrealMCP_Advanced - INFO - [unreal_mcp_server_advanced.py:264] - Received complete response (192 bytes) for create_variable
2026-03-10 21:25:52,355 - UnrealMCP_Advanced - INFO - [unreal_mcp_server_advanced.py:380] - Command create_variable completed successfully
2026-03-10 21:25:52,355 - BlueprintGraph.VariableManager - ERROR - [variable_manager.py:79] - Failed to create variable: Unknown error
2026-03-10 21:25:52,356 - mcp.server.lowlevel.server - DEBUG - [server.py:790] - Response sent
2026-03-10 21:26:07,999 - mcp.server.lowlevel.server - DEBUG - [server.py:675] - Received message: <mcp.shared.session.RequestResponder object at 0x000001B6B64D10D0>
2026-03-10 21:26:08,000 - mcp.server.lowlevel.server - INFO - [server.py:720] - Processing request of type CallToolRequest
2026-03-10 21:26:08,000 - mcp.server.lowlevel.server - DEBUG - [server.py:723] - Dispatching request of type CallToolRequest
2026-03-10 21:26:08,003 - UnrealMCP_Advanced - INFO - [unreal_mcp_server_advanced.py:147] - Connecting to Unreal at 127.0.0.1:55557 (attempt 1/4)...
2026-03-10 21:26:08,003 - UnrealMCP_Advanced - INFO - [unreal_mcp_server_advanced.py:154] - Successfully connected to Unreal Engine
2026-03-10 21:26:08,003 - UnrealMCP_Advanced - INFO - [unreal_mcp_server_advanced.py:362] - Sending command (attempt 1): create_function
2026-03-10 21:26:08,003 - UnrealMCP_Advanced - DEBUG - [unreal_mcp_server_advanced.py:363] - Command payload: {"type": "create_function", "params": {"blueprint_name": "BP_FPSPlayer", "function_name": "TryFireWeapon", "return_type": "void"}}...
2026-03-10 21:26:08,222 - UnrealMCP_Advanced - INFO - [unreal_mcp_server_advanced.py:264] - Received complete response (72 bytes) for create_function
2026-03-10 21:26:08,222 - UnrealMCP_Advanced - INFO - [unreal_mcp_server_advanced.py:380] - Command create_function completed successfully
2026-03-10 21:26:08,223 - UnrealMCP_Advanced - WARNING - [unreal_mcp_server_advanced.py:385] - Unreal returned error: Blueprint not found: BP_FPSPlayer
2026-03-10 21:26:08,225 - mcp.server.lowlevel.server - DEBUG - [server.py:790] - Response sent
2026-03-10 21:26:08,228 - mcp.server.lowlevel.server - DEBUG - [server.py:675] - Received message: <mcp.shared.session.RequestResponder object at 0x000001B6B6691130>
2026-03-10 21:26:08,229 - mcp.server.lowlevel.server - INFO - [server.py:720] - Processing request of type CallToolRequest
2026-03-10 21:26:08,229 - mcp.server.lowlevel.server - DEBUG - [server.py:723] - Dispatching request of type CallToolRequest
2026-03-10 21:26:08,229 - UnrealMCP_Advanced - INFO - [unreal_mcp_server_advanced.py:147] - Connecting to Unreal at 127.0.0.1:55557 (attempt 1/4)...
2026-03-10 21:26:08,229 - UnrealMCP_Advanced - INFO - [unreal_mcp_server_advanced.py:154] - Successfully connected to Unreal Engine
2026-03-10 21:26:08,229 - UnrealMCP_Advanced - INFO - [unreal_mcp_server_advanced.py:362] - Sending command (attempt 1): create_function
2026-03-10 21:26:08,229 - UnrealMCP_Advanced - DEBUG - [unreal_mcp_server_advanced.py:363] - Command payload: {"type": "create_function", "params": {"blueprint_name": "BP_FPSPlayer", "function_name": "IncreaseConcentration", "return_type": "void"}}...
2026-03-10 21:26:08,554 - UnrealMCP_Advanced - INFO - [unreal_mcp_server_advanced.py:264] - Received complete response (72 bytes) for create_function
2026-03-10 21:26:08,554 - UnrealMCP_Advanced - INFO - [unreal_mcp_server_advanced.py:380] - Command create_function completed successfully
2026-03-10 21:26:08,554 - UnrealMCP_Advanced - WARNING - [unreal_mcp_server_advanced.py:385] - Unreal returned error: Blueprint not found: BP_FPSPlayer
2026-03-10 21:26:08,556 - mcp.server.lowlevel.server - DEBUG - [server.py:790] - Response sent
2026-03-10 21:26:08,560 - mcp.server.lowlevel.server - DEBUG - [server.py:675] - Received message: <mcp.shared.session.RequestResponder object at 0x000001B6B66919F0>
2026-03-10 21:26:08,560 - mcp.server.lowlevel.server - INFO - [server.py:720] - Processing request of type CallToolRequest
2026-03-10 21:26:08,560 - mcp.server.lowlevel.server - DEBUG - [server.py:723] - Dispatching request of type CallToolRequest
2026-03-10 21:26:08,560 - UnrealMCP_Advanced - INFO - [unreal_mcp_server_advanced.py:147] - Connecting to Unreal at 127.0.0.1:55557 (attempt 1/4)...
2026-03-10 21:26:08,560 - UnrealMCP_Advanced - INFO - [unreal_mcp_server_advanced.py:154] - Successfully connected to Unreal Engine
2026-03-10 21:26:08,561 - UnrealMCP_Advanced - INFO - [unreal_mcp_server_advanced.py:362] - Sending command (attempt 1): create_function
2026-03-10 21:26:08,561 - UnrealMCP_Advanced - DEBUG - [unreal_mcp_server_advanced.py:363] - Command payload: {"type": "create_function", "params": {"blueprint_name": "BP_FPSPlayer", "function_name": "DecreaseConcentration", "return_type": "void"}}...
2026-03-10 21:26:08,886 - UnrealMCP_Advanced - INFO - [unreal_mcp_server_advanced.py:264] - Received complete response (72 bytes) for create_function
2026-03-10 21:26:08,886 - UnrealMCP_Advanced - INFO - [unreal_mcp_server_advanced.py:380] - Command create_function completed successfully
2026-03-10 21:26:08,886 - UnrealMCP_Advanced - WARNING - [unreal_mcp_server_advanced.py:385] - Unreal returned error: Blueprint not found: BP_FPSPlayer
2026-03-10 21:26:08,887 - mcp.server.lowlevel.server - DEBUG - [server.py:790] - Response sent
2026-03-10 21:26:16,838 - mcp.server.lowlevel.server - DEBUG - [server.py:675] - Received message: <mcp.shared.session.RequestResponder object at 0x000001B6B6691130>
2026-03-10 21:26:16,838 - mcp.server.lowlevel.server - INFO - [server.py:720] - Processing request of type CallToolRequest
2026-03-10 21:26:16,838 - mcp.server.lowlevel.server - DEBUG - [server.py:723] - Dispatching request of type CallToolRequest
2026-03-10 21:26:16,841 - UnrealMCP_Advanced - INFO - [unreal_mcp_server_advanced.py:147] - Connecting to Unreal at 127.0.0.1:55557 (attempt 1/4)...
2026-03-10 21:26:16,842 - UnrealMCP_Advanced - INFO - [unreal_mcp_server_advanced.py:154] - Successfully connected to Unreal Engine
2026-03-10 21:26:16,842 - UnrealMCP_Advanced - INFO - [unreal_mcp_server_advanced.py:362] - Sending command (attempt 1): compile_blueprint
2026-03-10 21:26:16,842 - UnrealMCP_Advanced - DEBUG - [unreal_mcp_server_advanced.py:363] - Command payload: {"type": "compile_blueprint", "params": {"blueprint_name": "BP_FPSPlayer"}}...
2026-03-10 21:26:17,246 - UnrealMCP_Advanced - INFO - [unreal_mcp_server_advanced.py:264] - Received complete response (94 bytes) for compile_blueprint
2026-03-10 21:26:17,246 - UnrealMCP_Advanced - INFO - [unreal_mcp_server_advanced.py:380] - Command compile_blueprint completed successfully
2026-03-10 21:26:17,248 - mcp.server.lowlevel.server - DEBUG - [server.py:790] - Response sent
2026-03-10 21:26:20,850 - mcp.server.lowlevel.server - DEBUG - [server.py:675] - Received message: <mcp.shared.session.RequestResponder object at 0x000001B6B6691950>
2026-03-10 21:26:20,850 - mcp.server.lowlevel.server - INFO - [server.py:720] - Processing request of type CallToolRequest
2026-03-10 21:26:20,850 - mcp.server.lowlevel.server - DEBUG - [server.py:723] - Dispatching request of type CallToolRequest
2026-03-10 21:26:20,851 - UnrealMCP_Advanced - INFO - [unreal_mcp_server_advanced.py:147] - Connecting to Unreal at 127.0.0.1:55557 (attempt 1/4)...
2026-03-10 21:26:20,864 - UnrealMCP_Advanced - INFO - [unreal_mcp_server_advanced.py:154] - Successfully connected to Unreal Engine
2026-03-10 21:26:20,864 - UnrealMCP_Advanced - INFO - [unreal_mcp_server_advanced.py:362] - Sending command (attempt 1): create_function
2026-03-10 21:26:20,864 - UnrealMCP_Advanced - DEBUG - [unreal_mcp_server_advanced.py:363] - Command payload: {"type": "create_function", "params": {"blueprint_name": "BP_FPSPlayer", "function_name": "TryFireWeapon", "return_type": "void"}}...
2026-03-10 21:26:20,892 - UnrealMCP_Advanced - INFO - [unreal_mcp_server_advanced.py:264] - Received complete response (72 bytes) for create_function
2026-03-10 21:26:20,892 - UnrealMCP_Advanced - INFO - [unreal_mcp_server_advanced.py:380] - Command create_function completed successfully
2026-03-10 21:26:20,892 - UnrealMCP_Advanced - WARNING - [unreal_mcp_server_advanced.py:385] - Unreal returned error: Blueprint not found: BP_FPSPlayer
2026-03-10 21:26:20,894 - mcp.server.lowlevel.server - DEBUG - [server.py:790] - Response sent
2026-03-10 21:26:22,259 - mcp.server.lowlevel.server - DEBUG - [server.py:675] - Received message: <mcp.shared.session.RequestResponder object at 0x000001B6B66919F0>
2026-03-10 21:26:22,260 - mcp.server.lowlevel.server - INFO - [server.py:720] - Processing request of type CallToolRequest
2026-03-10 21:26:22,260 - mcp.server.lowlevel.server - DEBUG - [server.py:723] - Dispatching request of type CallToolRequest
2026-03-10 21:26:22,260 - UnrealMCP_Advanced - INFO - [unreal_mcp_server_advanced.py:147] - Connecting to Unreal at 127.0.0.1:55557 (attempt 1/4)...
2026-03-10 21:26:22,260 - UnrealMCP_Advanced - INFO - [unreal_mcp_server_advanced.py:154] - Successfully connected to Unreal Engine
2026-03-10 21:26:22,260 - UnrealMCP_Advanced - INFO - [unreal_mcp_server_advanced.py:362] - Sending command (attempt 1): create_function
2026-03-10 21:26:22,260 - UnrealMCP_Advanced - DEBUG - [unreal_mcp_server_advanced.py:363] - Command payload: {"type": "create_function", "params": {"blueprint_name": "BP_FPSPlayer", "function_name": "IncreaseConcentration", "return_type": "void"}}...
2026-03-10 21:26:22,554 - UnrealMCP_Advanced - INFO - [unreal_mcp_server_advanced.py:264] - Received complete response (72 bytes) for create_function
2026-03-10 21:26:22,554 - UnrealMCP_Advanced - INFO - [unreal_mcp_server_advanced.py:380] - Command create_function completed successfully
2026-03-10 21:26:22,554 - UnrealMCP_Advanced - WARNING - [unreal_mcp_server_advanced.py:385] - Unreal returned error: Blueprint not found: BP_FPSPlayer
2026-03-10 21:26:22,556 - mcp.server.lowlevel.server - DEBUG - [server.py:790] - Response sent
2026-03-10 21:26:25,412 - mcp.server.lowlevel.server - DEBUG - [server.py:675] - Received message: <mcp.shared.session.RequestResponder object at 0x000001B6B6691950>
2026-03-10 21:26:25,412 - mcp.server.lowlevel.server - INFO - [server.py:720] - Processing request of type CallToolRequest
2026-03-10 21:26:25,412 - mcp.server.lowlevel.server - DEBUG - [server.py:723] - Dispatching request of type CallToolRequest
2026-03-10 21:26:25,412 - UnrealMCP_Advanced - INFO - [unreal_mcp_server_advanced.py:147] - Connecting to Unreal at 127.0.0.1:55557 (attempt 1/4)...
2026-03-10 21:26:25,413 - UnrealMCP_Advanced - INFO - [unreal_mcp_server_advanced.py:154] - Successfully connected to Unreal Engine
2026-03-10 21:26:25,413 - UnrealMCP_Advanced - INFO - [unreal_mcp_server_advanced.py:362] - Sending command (attempt 1): create_function
2026-03-10 21:26:25,413 - UnrealMCP_Advanced - DEBUG - [unreal_mcp_server_advanced.py:363] - Command payload: {"type": "create_function", "params": {"blueprint_name": "BP_FPSPlayer", "function_name": "DecreaseConcentration", "return_type": "void"}}...
2026-03-10 21:26:25,474 - UnrealMCP_Advanced - INFO - [unreal_mcp_server_advanced.py:264] - Received complete response (72 bytes) for create_function
2026-03-10 21:26:25,474 - UnrealMCP_Advanced - INFO - [unreal_mcp_server_advanced.py:380] - Command create_function completed successfully
2026-03-10 21:26:25,474 - UnrealMCP_Advanced - WARNING - [unreal_mcp_server_advanced.py:385] - Unreal returned error: Blueprint not found: BP_FPSPlayer
2026-03-10 21:26:25,477 - mcp.server.lowlevel.server - DEBUG - [server.py:790] - Response sent
2026-03-10 21:26:29,889 - mcp.server.lowlevel.server - DEBUG - [server.py:675] - Received message: <mcp.shared.session.RequestResponder object at 0x000001B6B66911D0>
2026-03-10 21:26:29,889 - mcp.server.lowlevel.server - INFO - [server.py:720] - Processing request of type CallToolRequest
2026-03-10 21:26:29,889 - mcp.server.lowlevel.server - DEBUG - [server.py:723] - Dispatching request of type CallToolRequest
2026-03-10 21:26:29,889 - UnrealMCP_Advanced - INFO - [unreal_mcp_server_advanced.py:147] - Connecting to Unreal at 127.0.0.1:55557 (attempt 1/4)...
2026-03-10 21:26:29,890 - UnrealMCP_Advanced - INFO - [unreal_mcp_server_advanced.py:154] - Successfully connected to Unreal Engine
2026-03-10 21:26:29,890 - UnrealMCP_Advanced - INFO - [unreal_mcp_server_advanced.py:362] - Sending command (attempt 1): create_function
2026-03-10 21:26:29,890 - UnrealMCP_Advanced - DEBUG - [unreal_mcp_server_advanced.py:363] - Command payload: {"type": "create_function", "params": {"blueprint_name": "/Game/Blueprints/BP_FPSPlayer", "function_name": "TryFireWeapon", "return_type": "void"}}...
2026-03-10 21:26:30,013 - UnrealMCP_Advanced - INFO - [unreal_mcp_server_advanced.py:264] - Received complete response (135 bytes) for create_function
2026-03-10 21:26:30,013 - UnrealMCP_Advanced - INFO - [unreal_mcp_server_advanced.py:380] - Command create_function completed successfully
2026-03-10 21:26:30,014 - mcp.server.lowlevel.server - DEBUG - [server.py:790] - Response sent
2026-03-10 21:26:34,394 - mcp.server.lowlevel.server - DEBUG - [server.py:675] - Received message: <mcp.shared.session.RequestResponder object at 0x000001B6B66918B0>
2026-03-10 21:26:34,394 - mcp.server.lowlevel.server - INFO - [server.py:720] - Processing request of type CallToolRequest
2026-03-10 21:26:34,394 - mcp.server.lowlevel.server - DEBUG - [server.py:723] - Dispatching request of type CallToolRequest
2026-03-10 21:26:34,394 - UnrealMCP_Advanced - INFO - [unreal_mcp_server_advanced.py:147] - Connecting to Unreal at 127.0.0.1:55557 (attempt 1/4)...
2026-03-10 21:26:34,395 - UnrealMCP_Advanced - INFO - [unreal_mcp_server_advanced.py:154] - Successfully connected to Unreal Engine
2026-03-10 21:26:34,395 - UnrealMCP_Advanced - INFO - [unreal_mcp_server_advanced.py:362] - Sending command (attempt 1): create_function
2026-03-10 21:26:34,395 - UnrealMCP_Advanced - DEBUG - [unreal_mcp_server_advanced.py:363] - Command payload: {"type": "create_function", "params": {"blueprint_name": "/Game/Blueprints/BP_FPSPlayer", "function_name": "IncreaseConcentration", "return_type": "void"}}...
2026-03-10 21:26:34,532 - UnrealMCP_Advanced - INFO - [unreal_mcp_server_advanced.py:264] - Received complete response (151 bytes) for create_function
2026-03-10 21:26:34,532 - UnrealMCP_Advanced - INFO - [unreal_mcp_server_advanced.py:380] - Command create_function completed successfully
2026-03-10 21:26:34,533 - mcp.server.lowlevel.server - DEBUG - [server.py:790] - Response sent
2026-03-10 21:26:34,900 - mcp.server.lowlevel.server - DEBUG - [server.py:675] - Received message: <mcp.shared.session.RequestResponder object at 0x000001B6B6691950>
2026-03-10 21:26:34,900 - mcp.server.lowlevel.server - INFO - [server.py:720] - Processing request of type CallToolRequest
2026-03-10 21:26:34,900 - mcp.server.lowlevel.server - DEBUG - [server.py:723] - Dispatching request of type CallToolRequest
2026-03-10 21:26:34,901 - UnrealMCP_Advanced - INFO - [unreal_mcp_server_advanced.py:147] - Connecting to Unreal at 127.0.0.1:55557 (attempt 1/4)...
2026-03-10 21:26:34,901 - UnrealMCP_Advanced - INFO - [unreal_mcp_server_advanced.py:154] - Successfully connected to Unreal Engine
2026-03-10 21:26:34,901 - UnrealMCP_Advanced - INFO - [unreal_mcp_server_advanced.py:362] - Sending command (attempt 1): create_function
2026-03-10 21:26:34,901 - UnrealMCP_Advanced - DEBUG - [unreal_mcp_server_advanced.py:363] - Command payload: {"type": "create_function", "params": {"blueprint_name": "/Game/Blueprints/BP_FPSPlayer", "function_name": "DecreaseConcentration", "return_type": "void"}}...
2026-03-10 21:26:35,027 - UnrealMCP_Advanced - INFO - [unreal_mcp_server_advanced.py:264] - Received complete response (151 bytes) for create_function
2026-03-10 21:26:35,027 - UnrealMCP_Advanced - INFO - [unreal_mcp_server_advanced.py:380] - Command create_function completed successfully
2026-03-10 21:26:35,029 - mcp.server.lowlevel.server - DEBUG - [server.py:790] - Response sent
2026-03-10 21:26:35,673 - mcp.server.lowlevel.server - DEBUG - [server.py:675] - Received message: <mcp.shared.session.RequestResponder object at 0x000001B6B66911D0>
2026-03-10 21:26:35,673 - mcp.server.lowlevel.server - INFO - [server.py:720] - Processing request of type CallToolRequest
2026-03-10 21:26:35,673 - mcp.server.lowlevel.server - DEBUG - [server.py:723] - Dispatching request of type CallToolRequest
2026-03-10 21:26:35,674 - UnrealMCP_Advanced - INFO - [unreal_mcp_server_advanced.py:147] - Connecting to Unreal at 127.0.0.1:55557 (attempt 1/4)...
2026-03-10 21:26:35,674 - UnrealMCP_Advanced - INFO - [unreal_mcp_server_advanced.py:154] - Successfully connected to Unreal Engine
2026-03-10 21:26:35,674 - UnrealMCP_Advanced - INFO - [unreal_mcp_server_advanced.py:362] - Sending command (attempt 1): create_function
2026-03-10 21:26:35,674 - UnrealMCP_Advanced - DEBUG - [unreal_mcp_server_advanced.py:363] - Command payload: {"type": "create_function", "params": {"blueprint_name": "/Game/Blueprints/BP_FPSPlayer", "function_name": "OnHealthChanged", "return_type": "void"}}...
2026-03-10 21:26:35,840 - UnrealMCP_Advanced - INFO - [unreal_mcp_server_advanced.py:264] - Received complete response (139 bytes) for create_function
2026-03-10 21:26:35,840 - UnrealMCP_Advanced - INFO - [unreal_mcp_server_advanced.py:380] - Command create_function completed successfully
2026-03-10 21:26:35,841 - mcp.server.lowlevel.server - DEBUG - [server.py:790] - Response sent
2026-03-10 21:26:49,016 - mcp.server.lowlevel.server - DEBUG - [server.py:675] - Received message: <mcp.shared.session.RequestResponder object at 0x000001B6B66918B0>
2026-03-10 21:26:49,017 - mcp.server.lowlevel.server - INFO - [server.py:720] - Processing request of type CallToolRequest
2026-03-10 21:26:49,017 - mcp.server.lowlevel.server - DEBUG - [server.py:723] - Dispatching request of type CallToolRequest
2026-03-10 21:26:49,021 - UnrealMCP_Advanced - INFO - [unreal_mcp_server_advanced.py:147] - Connecting to Unreal at 127.0.0.1:55557 (attempt 1/4)...
2026-03-10 21:26:49,022 - UnrealMCP_Advanced - INFO - [unreal_mcp_server_advanced.py:154] - Successfully connected to Unreal Engine
2026-03-10 21:26:49,022 - UnrealMCP_Advanced - INFO - [unreal_mcp_server_advanced.py:362] - Sending command (attempt 1): add_blueprint_node
2026-03-10 21:26:49,022 - UnrealMCP_Advanced - DEBUG - [unreal_mcp_server_advanced.py:363] - Command payload: {"type": "add_blueprint_node", "params": {"blueprint_name": "/Game/Blueprints/BP_FPSPlayer", "node_type": "CallFunction", "node_params": {"pos_x": 200.0, "pos_y": 0.0, "event_type": "BeginPlay", "target_function": "GetCurrentWeapon", "target_blueprint": "/Script/FPS.FPSCharacter", "function_name": "TryFireWeapon"}}}...
2026-03-10 21:26:49,406 - UnrealMCP_Advanced - INFO - [unreal_mcp_server_advanced.py:264] - Received complete response (73 bytes) for add_blueprint_node
2026-03-10 21:26:49,407 - UnrealMCP_Advanced - INFO - [unreal_mcp_server_advanced.py:380] - Command add_blueprint_node completed successfully
2026-03-10 21:26:49,407 - UnrealMCP_Advanced - WARNING - [unreal_mcp_server_advanced.py:385] - Unreal returned error: Failed to create CallFunction node
2026-03-10 21:26:49,407 - BlueprintGraph.NodeManager - ERROR - [node_manager.py:71] - Failed to add node: Failed to create CallFunction node
2026-03-10 21:26:49,409 - mcp.server.lowlevel.server - DEBUG - [server.py:790] - Response sent
2026-03-10 21:26:56,436 - mcp.server.lowlevel.server - DEBUG - [server.py:675] - Received message: <mcp.shared.session.RequestResponder object at 0x000001B6B6691590>
2026-03-10 21:26:56,436 - mcp.server.lowlevel.server - INFO - [server.py:720] - Processing request of type CallToolRequest
2026-03-10 21:26:56,436 - mcp.server.lowlevel.server - DEBUG - [server.py:723] - Dispatching request of type CallToolRequest
2026-03-10 21:26:56,436 - UnrealMCP_Advanced - INFO - [unreal_mcp_server_advanced.py:147] - Connecting to Unreal at 127.0.0.1:55557 (attempt 1/4)...
2026-03-10 21:26:56,437 - UnrealMCP_Advanced - INFO - [unreal_mcp_server_advanced.py:154] - Successfully connected to Unreal Engine
2026-03-10 21:26:56,437 - UnrealMCP_Advanced - INFO - [unreal_mcp_server_advanced.py:362] - Sending command (attempt 1): add_blueprint_node
2026-03-10 21:26:56,437 - UnrealMCP_Advanced - DEBUG - [unreal_mcp_server_advanced.py:363] - Command payload: {"type": "add_blueprint_node", "params": {"blueprint_name": "/Game/Blueprints/BP_FPSPlayer", "node_type": "CallFunction", "node_params": {"pos_x": 200.0, "pos_y": 0.0, "event_type": "BeginPlay", "target_function": "GetCurrentWeapon", "function_name": "TryFireWeapon"}}}...
2026-03-10 21:26:56,743 - UnrealMCP_Advanced - INFO - [unreal_mcp_server_advanced.py:264] - Received complete response (73 bytes) for add_blueprint_node
2026-03-10 21:26:56,743 - UnrealMCP_Advanced - INFO - [unreal_mcp_server_advanced.py:380] - Command add_blueprint_node completed successfully
2026-03-10 21:26:56,743 - UnrealMCP_Advanced - WARNING - [unreal_mcp_server_advanced.py:385] - Unreal returned error: Failed to create CallFunction node
2026-03-10 21:26:56,743 - BlueprintGraph.NodeManager - ERROR - [node_manager.py:71] - Failed to add node: Failed to create CallFunction node
2026-03-10 21:26:56,744 - mcp.server.lowlevel.server - DEBUG - [server.py:790] - Response sent
2026-03-10 21:27:16,090 - mcp.server.lowlevel.server - DEBUG - [server.py:675] - Received message: <mcp.shared.session.RequestResponder object at 0x000001B6B6691130>
2026-03-10 21:27:16,091 - mcp.server.lowlevel.server - INFO - [server.py:720] - Processing request of type CallToolRequest
2026-03-10 21:27:16,091 - mcp.server.lowlevel.server - DEBUG - [server.py:723] - Dispatching request of type CallToolRequest
2026-03-10 21:27:16,091 - UnrealMCP_Advanced - INFO - [unreal_mcp_server_advanced.py:147] - Connecting to Unreal at 127.0.0.1:55557 (attempt 1/4)...
2026-03-10 21:27:16,091 - UnrealMCP_Advanced - INFO - [unreal_mcp_server_advanced.py:154] - Successfully connected to Unreal Engine
2026-03-10 21:27:16,091 - UnrealMCP_Advanced - INFO - [unreal_mcp_server_advanced.py:362] - Sending command (attempt 1): add_blueprint_node
2026-03-10 21:27:16,091 - UnrealMCP_Advanced - DEBUG - [unreal_mcp_server_advanced.py:363] - Command payload: {"type": "add_blueprint_node", "params": {"blueprint_name": "/Game/Blueprints/BP_FPSPlayer", "node_type": "VariableGet", "node_params": {"pos_x": 200.0, "pos_y": 0.0, "event_type": "BeginPlay", "variable_name": "Concentration", "function_name": "DecreaseConcentration"}}}...
2026-03-10 21:27:16,417 - UnrealMCP_Advanced - INFO - [unreal_mcp_server_advanced.py:264] - Received complete response (167 bytes) for add_blueprint_node
2026-03-10 21:27:16,417 - UnrealMCP_Advanced - INFO - [unreal_mcp_server_advanced.py:380] - Command add_blueprint_node completed successfully
2026-03-10 21:27:16,417 - BlueprintGraph.NodeManager - ERROR - [node_manager.py:71] - Failed to add node: Unknown error
2026-03-10 21:27:16,418 - mcp.server.lowlevel.server - DEBUG - [server.py:790] - Response sent
2026-03-10 21:27:17,025 - mcp.server.lowlevel.server - DEBUG - [server.py:675] - Received message: <mcp.shared.session.RequestResponder object at 0x000001B6B66911D0>
2026-03-10 21:27:17,025 - mcp.server.lowlevel.server - INFO - [server.py:720] - Processing request of type CallToolRequest
2026-03-10 21:27:17,025 - mcp.server.lowlevel.server - DEBUG - [server.py:723] - Dispatching request of type CallToolRequest
2026-03-10 21:27:17,025 - UnrealMCP_Advanced - INFO - [unreal_mcp_server_advanced.py:147] - Connecting to Unreal at 127.0.0.1:55557 (attempt 1/4)...
2026-03-10 21:27:17,025 - UnrealMCP_Advanced - INFO - [unreal_mcp_server_advanced.py:154] - Successfully connected to Unreal Engine
2026-03-10 21:27:17,025 - UnrealMCP_Advanced - INFO - [unreal_mcp_server_advanced.py:362] - Sending command (attempt 1): add_blueprint_node
2026-03-10 21:27:17,025 - UnrealMCP_Advanced - DEBUG - [unreal_mcp_server_advanced.py:363] - Command payload: {"type": "add_blueprint_node", "params": {"blueprint_name": "/Game/Blueprints/BP_FPSPlayer", "node_type": "VariableGet", "node_params": {"pos_x": 200.0, "pos_y": 0.0, "event_type": "BeginPlay", "variable_name": "Concentration", "function_name": "IncreaseConcentration"}}}...
2026-03-10 21:27:17,422 - UnrealMCP_Advanced - INFO - [unreal_mcp_server_advanced.py:264] - Received complete response (167 bytes) for add_blueprint_node
2026-03-10 21:27:17,422 - UnrealMCP_Advanced - INFO - [unreal_mcp_server_advanced.py:380] - Command add_blueprint_node completed successfully
2026-03-10 21:27:17,422 - BlueprintGraph.NodeManager - ERROR - [node_manager.py:71] - Failed to add node: Unknown error
2026-03-10 21:27:17,424 - mcp.server.lowlevel.server - DEBUG - [server.py:790] - Response sent
2026-03-10 21:27:25,059 - mcp.server.lowlevel.server - DEBUG - [server.py:675] - Received message: <mcp.shared.session.RequestResponder object at 0x000001B6B66919F0>
2026-03-10 21:27:25,060 - mcp.server.lowlevel.server - INFO - [server.py:720] - Processing request of type CallToolRequest
2026-03-10 21:27:25,060 - mcp.server.lowlevel.server - DEBUG - [server.py:723] - Dispatching request of type CallToolRequest
2026-03-10 21:27:25,060 - UnrealMCP_Advanced - INFO - [unreal_mcp_server_advanced.py:147] - Connecting to Unreal at 127.0.0.1:55557 (attempt 1/4)...
2026-03-10 21:27:25,060 - UnrealMCP_Advanced - INFO - [unreal_mcp_server_advanced.py:154] - Successfully connected to Unreal Engine
2026-03-10 21:27:25,060 - UnrealMCP_Advanced - INFO - [unreal_mcp_server_advanced.py:362] - Sending command (attempt 1): add_blueprint_node
2026-03-10 21:27:25,060 - UnrealMCP_Advanced - DEBUG - [unreal_mcp_server_advanced.py:363] - Command payload: {"type": "add_blueprint_node", "params": {"blueprint_name": "/Game/Blueprints/BP_FPSPlayer", "node_type": "Comparison", "node_params": {"pos_x": 400.0, "pos_y": 0.0, "event_type": "BeginPlay", "function_name": "DecreaseConcentration"}}}...
2026-03-10 21:27:25,419 - UnrealMCP_Advanced - INFO - [unreal_mcp_server_advanced.py:264] - Received complete response (173 bytes) for add_blueprint_node
2026-03-10 21:27:25,419 - UnrealMCP_Advanced - INFO - [unreal_mcp_server_advanced.py:380] - Command add_blueprint_node completed successfully
2026-03-10 21:27:25,419 - BlueprintGraph.NodeManager - ERROR - [node_manager.py:71] - Failed to add node: Unknown error
2026-03-10 21:27:25,420 - mcp.server.lowlevel.server - DEBUG - [server.py:790] - Response sent
2026-03-10 21:27:25,682 - mcp.server.lowlevel.server - DEBUG - [server.py:675] - Received message: <mcp.shared.session.RequestResponder object at 0x000001B6B66913B0>
2026-03-10 21:27:25,682 - mcp.server.lowlevel.server - INFO - [server.py:720] - Processing request of type CallToolRequest
2026-03-10 21:27:25,682 - mcp.server.lowlevel.server - DEBUG - [server.py:723] - Dispatching request of type CallToolRequest
2026-03-10 21:27:25,682 - UnrealMCP_Advanced - INFO - [unreal_mcp_server_advanced.py:147] - Connecting to Unreal at 127.0.0.1:55557 (attempt 1/4)...
2026-03-10 21:27:25,683 - UnrealMCP_Advanced - INFO - [unreal_mcp_server_advanced.py:154] - Successfully connected to Unreal Engine
2026-03-10 21:27:25,683 - UnrealMCP_Advanced - INFO - [unreal_mcp_server_advanced.py:362] - Sending command (attempt 1): add_blueprint_node
2026-03-10 21:27:25,683 - UnrealMCP_Advanced - DEBUG - [unreal_mcp_server_advanced.py:363] - Command payload: {"type": "add_blueprint_node", "params": {"blueprint_name": "/Game/Blueprints/BP_FPSPlayer", "node_type": "VariableSet", "node_params": {"pos_x": 400.0, "pos_y": 150.0, "event_type": "BeginPlay", "variable_name": "Concentration", "function_name": "DecreaseConcentration"}}}...
2026-03-10 21:27:25,758 - UnrealMCP_Advanced - INFO - [unreal_mcp_server_advanced.py:264] - Received complete response (169 bytes) for add_blueprint_node
2026-03-10 21:27:25,758 - UnrealMCP_Advanced - INFO - [unreal_mcp_server_advanced.py:380] - Command add_blueprint_node completed successfully
2026-03-10 21:27:25,758 - BlueprintGraph.NodeManager - ERROR - [node_manager.py:71] - Failed to add node: Unknown error
2026-03-10 21:27:25,760 - mcp.server.lowlevel.server - DEBUG - [server.py:790] - Response sent
2026-03-10 21:27:26,193 - mcp.server.lowlevel.server - DEBUG - [server.py:675] - Received message: <mcp.shared.session.RequestResponder object at 0x000001B6B6691B30>
2026-03-10 21:27:26,193 - mcp.server.lowlevel.server - INFO - [server.py:720] - Processing request of type CallToolRequest
2026-03-10 21:27:26,193 - mcp.server.lowlevel.server - DEBUG - [server.py:723] - Dispatching request of type CallToolRequest
2026-03-10 21:27:26,193 - UnrealMCP_Advanced - INFO - [unreal_mcp_server_advanced.py:147] - Connecting to Unreal at 127.0.0.1:55557 (attempt 1/4)...
2026-03-10 21:27:26,213 - UnrealMCP_Advanced - INFO - [unreal_mcp_server_advanced.py:154] - Successfully connected to Unreal Engine
2026-03-10 21:27:26,213 - UnrealMCP_Advanced - INFO - [unreal_mcp_server_advanced.py:362] - Sending command (attempt 1): add_blueprint_node
2026-03-10 21:27:26,213 - UnrealMCP_Advanced - DEBUG - [unreal_mcp_server_advanced.py:363] - Command payload: {"type": "add_blueprint_node", "params": {"blueprint_name": "/Game/Blueprints/BP_FPSPlayer", "node_type": "Branch", "node_params": {"pos_x": 650.0, "pos_y": 0.0, "event_type": "BeginPlay", "function_name": "DecreaseConcentration"}}}...
2026-03-10 21:27:26,422 - UnrealMCP_Advanced - INFO - [unreal_mcp_server_advanced.py:264] - Received complete response (161 bytes) for add_blueprint_node
2026-03-10 21:27:26,422 - UnrealMCP_Advanced - INFO - [unreal_mcp_server_advanced.py:380] - Command add_blueprint_node completed successfully
2026-03-10 21:27:26,423 - BlueprintGraph.NodeManager - ERROR - [node_manager.py:71] - Failed to add node: Unknown error
2026-03-10 21:27:26,424 - mcp.server.lowlevel.server - DEBUG - [server.py:790] - Response sent
2026-03-10 21:27:26,537 - mcp.server.lowlevel.server - DEBUG - [server.py:675] - Received message: <mcp.shared.session.RequestResponder object at 0x000001B6B6691810>
2026-03-10 21:27:26,537 - mcp.server.lowlevel.server - INFO - [server.py:720] - Processing request of type CallToolRequest
2026-03-10 21:27:26,537 - mcp.server.lowlevel.server - DEBUG - [server.py:723] - Dispatching request of type CallToolRequest
2026-03-10 21:27:26,537 - UnrealMCP_Advanced - INFO - [unreal_mcp_server_advanced.py:147] - Connecting to Unreal at 127.0.0.1:55557 (attempt 1/4)...
2026-03-10 21:27:26,538 - UnrealMCP_Advanced - INFO - [unreal_mcp_server_advanced.py:154] - Successfully connected to Unreal Engine
2026-03-10 21:27:26,538 - UnrealMCP_Advanced - INFO - [unreal_mcp_server_advanced.py:362] - Sending command (attempt 1): add_blueprint_node
2026-03-10 21:27:26,538 - UnrealMCP_Advanced - DEBUG - [unreal_mcp_server_advanced.py:363] - Command payload: {"type": "add_blueprint_node", "params": {"blueprint_name": "/Game/Blueprints/BP_FPSPlayer", "node_type": "VariableSet", "node_params": {"pos_x": 850.0, "pos_y": 0.0, "event_type": "BeginPlay", "variable_name": "IsTimeStop", "function_name": "DecreaseConcentration"}}}...
2026-03-10 21:27:26,755 - UnrealMCP_Advanced - INFO - [unreal_mcp_server_advanced.py:264] - Received complete response (167 bytes) for add_blueprint_node
2026-03-10 21:27:26,755 - UnrealMCP_Advanced - INFO - [unreal_mcp_server_advanced.py:380] - Command add_blueprint_node completed successfully
2026-03-10 21:27:26,755 - BlueprintGraph.NodeManager - ERROR - [node_manager.py:71] - Failed to add node: Unknown error
2026-03-10 21:27:26,758 - mcp.server.lowlevel.server - DEBUG - [server.py:790] - Response sent
2026-03-10 21:27:46,708 - mcp.server.lowlevel.server - DEBUG - [server.py:675] - Received message: <mcp.shared.session.RequestResponder object at 0x000001B6B66911D0>
2026-03-10 21:27:46,708 - mcp.server.lowlevel.server - INFO - [server.py:720] - Processing request of type CallToolRequest
2026-03-10 21:27:46,708 - mcp.server.lowlevel.server - DEBUG - [server.py:723] - Dispatching request of type CallToolRequest
2026-03-10 21:27:46,708 - UnrealMCP_Advanced - INFO - [unreal_mcp_server_advanced.py:734] - Analyzing Blueprint graph: /Game/Blueprints/BP_FPSPlayer -> DecreaseConcentration
2026-03-10 21:27:46,708 - UnrealMCP_Advanced - INFO - [unreal_mcp_server_advanced.py:147] - Connecting to Unreal at 127.0.0.1:55557 (attempt 1/4)...
2026-03-10 21:27:46,708 - UnrealMCP_Advanced - INFO - [unreal_mcp_server_advanced.py:154] - Successfully connected to Unreal Engine
2026-03-10 21:27:46,709 - UnrealMCP_Advanced - INFO - [unreal_mcp_server_advanced.py:362] - Sending command (attempt 1): analyze_blueprint_graph
2026-03-10 21:27:46,709 - UnrealMCP_Advanced - DEBUG - [unreal_mcp_server_advanced.py:363] - Command payload: {"type": "analyze_blueprint_graph", "params": {"blueprint_path": "/Game/Blueprints/BP_FPSPlayer", "graph_name": "DecreaseConcentration", "include_node_details": true, "include_pin_connections": true, "trace_execution_flow": true}}...
2026-03-10 21:27:47,095 - UnrealMCP_Advanced - INFO - [unreal_mcp_server_advanced.py:264] - Received complete response (4056 bytes) for analyze_blueprint_graph
2026-03-10 21:27:47,095 - UnrealMCP_Advanced - INFO - [unreal_mcp_server_advanced.py:380] - Command analyze_blueprint_graph completed successfully
2026-03-10 21:27:47,098 - mcp.server.lowlevel.server - DEBUG - [server.py:790] - Response sent
2026-03-10 21:27:47,453 - mcp.server.lowlevel.server - DEBUG - [server.py:675] - Received message: <mcp.shared.session.RequestResponder object at 0x000001B6B66913B0>
2026-03-10 21:27:47,453 - mcp.server.lowlevel.server - INFO - [server.py:720] - Processing request of type CallToolRequest
2026-03-10 21:27:47,453 - mcp.server.lowlevel.server - DEBUG - [server.py:723] - Dispatching request of type CallToolRequest
2026-03-10 21:27:47,454 - UnrealMCP_Advanced - INFO - [unreal_mcp_server_advanced.py:734] - Analyzing Blueprint graph: /Game/Blueprints/BP_FPSPlayer -> IncreaseConcentration
2026-03-10 21:27:47,454 - UnrealMCP_Advanced - INFO - [unreal_mcp_server_advanced.py:147] - Connecting to Unreal at 127.0.0.1:55557 (attempt 1/4)...
2026-03-10 21:27:47,479 - UnrealMCP_Advanced - INFO - [unreal_mcp_server_advanced.py:154] - Successfully connected to Unreal Engine
2026-03-10 21:27:47,479 - UnrealMCP_Advanced - INFO - [unreal_mcp_server_advanced.py:362] - Sending command (attempt 1): analyze_blueprint_graph
2026-03-10 21:27:47,479 - UnrealMCP_Advanced - DEBUG - [unreal_mcp_server_advanced.py:363] - Command payload: {"type": "analyze_blueprint_graph", "params": {"blueprint_path": "/Game/Blueprints/BP_FPSPlayer", "graph_name": "IncreaseConcentration", "include_node_details": true, "include_pin_connections": true, "trace_execution_flow": true}}...
2026-03-10 21:27:47,757 - UnrealMCP_Advanced - INFO - [unreal_mcp_server_advanced.py:264] - Received complete response (1076 bytes) for analyze_blueprint_graph
2026-03-10 21:27:47,757 - UnrealMCP_Advanced - INFO - [unreal_mcp_server_advanced.py:380] - Command analyze_blueprint_graph completed successfully
2026-03-10 21:27:47,761 - mcp.server.lowlevel.server - DEBUG - [server.py:790] - Response sent
2026-03-10 21:28:09,296 - mcp.server.lowlevel.server - DEBUG - [server.py:675] - Received message: <mcp.shared.session.RequestResponder object at 0x000001B6B6691810>
2026-03-10 21:28:09,296 - mcp.server.lowlevel.server - INFO - [server.py:720] - Processing request of type CallToolRequest
2026-03-10 21:28:09,296 - mcp.server.lowlevel.server - DEBUG - [server.py:723] - Dispatching request of type CallToolRequest
2026-03-10 21:28:09,300 - BlueprintGraph.NodeProperties - DEBUG - [node_properties.py:332] - Performing semantic action 'set_function_call' on node 'K2Node_PromotableOperator_0' in /Game/Blueprints/BP_FPSPlayer
2026-03-10 21:28:09,300 - UnrealMCP_Advanced - INFO - [unreal_mcp_server_advanced.py:147] - Connecting to Unreal at 127.0.0.1:55557 (attempt 1/4)...
2026-03-10 21:28:09,301 - UnrealMCP_Advanced - INFO - [unreal_mcp_server_advanced.py:154] - Successfully connected to Unreal Engine
2026-03-10 21:28:09,301 - UnrealMCP_Advanced - INFO - [unreal_mcp_server_advanced.py:362] - Sending command (attempt 1): set_node_property
2026-03-10 21:28:09,301 - UnrealMCP_Advanced - DEBUG - [unreal_mcp_server_advanced.py:363] - Command payload: {"type": "set_node_property", "params": {"blueprint_name": "/Game/Blueprints/BP_FPSPlayer", "node_id": "K2Node_PromotableOperator_0", "action": "set_function_call", "target_function": "Subtract_IntInt", "function_name": "DecreaseConcentration"}}...
2026-03-10 21:28:09,445 - UnrealMCP_Advanced - INFO - [unreal_mcp_server_advanced.py:264] - Received complete response (72 bytes) for set_node_property
2026-03-10 21:28:09,445 - UnrealMCP_Advanced - INFO - [unreal_mcp_server_advanced.py:380] - Command set_node_property completed successfully
2026-03-10 21:28:09,445 - UnrealMCP_Advanced - WARNING - [unreal_mcp_server_advanced.py:385] - Unreal returned error: Unknown action: set_function_call
2026-03-10 21:28:09,445 - BlueprintGraph.NodeProperties - ERROR - [node_properties.py:358] - Failed to modify node: Unknown action: set_function_call
2026-03-10 21:28:09,446 - mcp.server.lowlevel.server - DEBUG - [server.py:790] - Response sent
2026-03-10 21:29:55,419 - mcp.server.lowlevel.server - DEBUG - [server.py:675] - Received message: <mcp.shared.session.RequestResponder object at 0x000001B6B66913B0>
2026-03-10 21:29:55,419 - mcp.server.lowlevel.server - INFO - [server.py:720] - Processing request of type CallToolRequest
2026-03-10 21:29:55,419 - mcp.server.lowlevel.server - DEBUG - [server.py:723] - Dispatching request of type CallToolRequest
2026-03-10 21:29:55,419 - UnrealMCP_Advanced - INFO - [unreal_mcp_server_advanced.py:147] - Connecting to Unreal at 127.0.0.1:55557 (attempt 1/4)...
2026-03-10 21:29:55,419 - UnrealMCP_Advanced - INFO - [unreal_mcp_server_advanced.py:154] - Successfully connected to Unreal Engine
2026-03-10 21:29:55,419 - UnrealMCP_Advanced - INFO - [unreal_mcp_server_advanced.py:362] - Sending command (attempt 1): delete_function
2026-03-10 21:29:55,419 - UnrealMCP_Advanced - DEBUG - [unreal_mcp_server_advanced.py:363] - Command payload: {"type": "delete_function", "params": {"blueprint_name": "/Game/Blueprints/BP_FPSPlayer", "function_name": "TryFireWeapon"}}...
2026-03-10 21:29:55,823 - UnrealMCP_Advanced - INFO - [unreal_mcp_server_advanced.py:264] - Received complete response (103 bytes) for delete_function
2026-03-10 21:29:55,823 - UnrealMCP_Advanced - INFO - [unreal_mcp_server_advanced.py:380] - Command delete_function completed successfully
2026-03-10 21:29:55,824 - mcp.server.lowlevel.server - DEBUG - [server.py:790] - Response sent
2026-03-10 21:29:55,828 - mcp.server.lowlevel.server - DEBUG - [server.py:675] - Received message: <mcp.shared.session.RequestResponder object at 0x000001B6B66916D0>
2026-03-10 21:29:55,828 - mcp.server.lowlevel.server - INFO - [server.py:720] - Processing request of type CallToolRequest
2026-03-10 21:29:55,828 - mcp.server.lowlevel.server - DEBUG - [server.py:723] - Dispatching request of type CallToolRequest
2026-03-10 21:29:55,828 - UnrealMCP_Advanced - INFO - [unreal_mcp_server_advanced.py:147] - Connecting to Unreal at 127.0.0.1:55557 (attempt 1/4)...
2026-03-10 21:29:55,829 - UnrealMCP_Advanced - INFO - [unreal_mcp_server_advanced.py:154] - Successfully connected to Unreal Engine
2026-03-10 21:29:55,829 - UnrealMCP_Advanced - INFO - [unreal_mcp_server_advanced.py:362] - Sending command (attempt 1): delete_function
2026-03-10 21:29:55,829 - UnrealMCP_Advanced - DEBUG - [unreal_mcp_server_advanced.py:363] - Command payload: {"type": "delete_function", "params": {"blueprint_name": "/Game/Blueprints/BP_FPSPlayer", "function_name": "IncreaseConcentration"}}...
2026-03-10 21:29:56,152 - UnrealMCP_Advanced - INFO - [unreal_mcp_server_advanced.py:264] - Received complete response (111 bytes) for delete_function
2026-03-10 21:29:56,152 - UnrealMCP_Advanced - INFO - [unreal_mcp_server_advanced.py:380] - Command delete_function completed successfully
2026-03-10 21:29:56,154 - mcp.server.lowlevel.server - DEBUG - [server.py:790] - Response sent
2026-03-10 21:29:56,156 - mcp.server.lowlevel.server - DEBUG - [server.py:675] - Received message: <mcp.shared.session.RequestResponder object at 0x000001B6B6691810>
2026-03-10 21:29:56,156 - mcp.server.lowlevel.server - INFO - [server.py:720] - Processing request of type CallToolRequest
2026-03-10 21:29:56,156 - mcp.server.lowlevel.server - DEBUG - [server.py:723] - Dispatching request of type CallToolRequest
2026-03-10 21:29:56,157 - UnrealMCP_Advanced - INFO - [unreal_mcp_server_advanced.py:147] - Connecting to Unreal at 127.0.0.1:55557 (attempt 1/4)...
2026-03-10 21:29:56,157 - UnrealMCP_Advanced - INFO - [unreal_mcp_server_advanced.py:154] - Successfully connected to Unreal Engine
2026-03-10 21:29:56,157 - UnrealMCP_Advanced - INFO - [unreal_mcp_server_advanced.py:362] - Sending command (attempt 1): delete_function
2026-03-10 21:29:56,157 - UnrealMCP_Advanced - DEBUG - [unreal_mcp_server_advanced.py:363] - Command payload: {"type": "delete_function", "params": {"blueprint_name": "/Game/Blueprints/BP_FPSPlayer", "function_name": "DecreaseConcentration"}}...
2026-03-10 21:29:56,486 - UnrealMCP_Advanced - INFO - [unreal_mcp_server_advanced.py:264] - Received complete response (111 bytes) for delete_function
2026-03-10 21:29:56,486 - UnrealMCP_Advanced - INFO - [unreal_mcp_server_advanced.py:380] - Command delete_function completed successfully
2026-03-10 21:29:56,487 - mcp.server.lowlevel.server - DEBUG - [server.py:790] - Response sent
2026-03-10 21:29:56,490 - mcp.server.lowlevel.server - DEBUG - [server.py:675] - Received message: <mcp.shared.session.RequestResponder object at 0x000001B6B6691130>
2026-03-10 21:29:56,490 - mcp.server.lowlevel.server - INFO - [server.py:720] - Processing request of type CallToolRequest
2026-03-10 21:29:56,490 - mcp.server.lowlevel.server - DEBUG - [server.py:723] - Dispatching request of type CallToolRequest
2026-03-10 21:29:56,490 - UnrealMCP_Advanced - INFO - [unreal_mcp_server_advanced.py:147] - Connecting to Unreal at 127.0.0.1:55557 (attempt 1/4)...
2026-03-10 21:29:56,506 - UnrealMCP_Advanced - INFO - [unreal_mcp_server_advanced.py:154] - Successfully connected to Unreal Engine
2026-03-10 21:29:56,506 - UnrealMCP_Advanced - INFO - [unreal_mcp_server_advanced.py:362] - Sending command (attempt 1): delete_function
2026-03-10 21:29:56,506 - UnrealMCP_Advanced - DEBUG - [unreal_mcp_server_advanced.py:363] - Command payload: {"type": "delete_function", "params": {"blueprint_name": "/Game/Blueprints/BP_FPSPlayer", "function_name": "OnHealthChanged"}}...
2026-03-10 21:29:56,824 - UnrealMCP_Advanced - INFO - [unreal_mcp_server_advanced.py:264] - Received complete response (105 bytes) for delete_function
2026-03-10 21:29:56,824 - UnrealMCP_Advanced - INFO - [unreal_mcp_server_advanced.py:380] - Command delete_function completed successfully
2026-03-10 21:29:56,826 - mcp.server.lowlevel.server - DEBUG - [server.py:790] - Response sent
2026-03-10 21:30:02,329 - mcp.server.lowlevel.server - DEBUG - [server.py:675] - Received message: <mcp.shared.session.RequestResponder object at 0x000001B6B6691B30>
2026-03-10 21:30:02,329 - mcp.server.lowlevel.server - INFO - [server.py:720] - Processing request of type CallToolRequest
2026-03-10 21:30:02,329 - mcp.server.lowlevel.server - DEBUG - [server.py:723] - Dispatching request of type CallToolRequest
2026-03-10 21:30:02,329 - UnrealMCP_Advanced - INFO - [unreal_mcp_server_advanced.py:147] - Connecting to Unreal at 127.0.0.1:55557 (attempt 1/4)...
2026-03-10 21:30:02,329 - UnrealMCP_Advanced - INFO - [unreal_mcp_server_advanced.py:154] - Successfully connected to Unreal Engine
2026-03-10 21:30:02,329 - UnrealMCP_Advanced - INFO - [unreal_mcp_server_advanced.py:362] - Sending command (attempt 1): compile_blueprint
2026-03-10 21:30:02,329 - UnrealMCP_Advanced - DEBUG - [unreal_mcp_server_advanced.py:363] - Command payload: {"type": "compile_blueprint", "params": {"blueprint_name": "/Game/Blueprints/BP_FPSPlayer"}}...
2026-03-10 21:30:02,579 - UnrealMCP_Advanced - INFO - [unreal_mcp_server_advanced.py:264] - Received complete response (111 bytes) for compile_blueprint
2026-03-10 21:30:02,579 - UnrealMCP_Advanced - INFO - [unreal_mcp_server_advanced.py:380] - Command compile_blueprint completed successfully
2026-03-10 21:30:02,580 - mcp.server.lowlevel.server - DEBUG - [server.py:790] - Response sent
2026-03-10 21:31:09,366 - mcp.server.lowlevel.server - DEBUG - [server.py:675] - Received message: <mcp.shared.session.RequestResponder object at 0x000001B6B6691130>
2026-03-10 21:31:09,366 - mcp.server.lowlevel.server - INFO - [server.py:720] - Processing request of type CallToolRequest
2026-03-10 21:31:09,366 - mcp.server.lowlevel.server - DEBUG - [server.py:723] - Dispatching request of type CallToolRequest
2026-03-10 21:31:09,374 - mcp.server.lowlevel.server - DEBUG - [server.py:790] - Response sent
2026-03-10 21:43:41,532 - mcp.server.lowlevel.server - DEBUG - [server.py:675] - Received message: <mcp.shared.session.RequestResponder object at 0x000001B6B6691810>
2026-03-10 21:43:41,533 - mcp.server.lowlevel.server - INFO - [server.py:720] - Processing request of type CallToolRequest
2026-03-10 21:43:41,533 - mcp.server.lowlevel.server - DEBUG - [server.py:723] - Dispatching request of type CallToolRequest
2026-03-10 21:43:41,533 - UnrealMCP_Advanced - INFO - [unreal_mcp_server_advanced.py:147] - Connecting to Unreal at 127.0.0.1:55557 (attempt 1/4)...
2026-03-10 21:43:41,533 - UnrealMCP_Advanced - INFO - [unreal_mcp_server_advanced.py:154] - Successfully connected to Unreal Engine
2026-03-10 21:43:41,534 - UnrealMCP_Advanced - INFO - [unreal_mcp_server_advanced.py:362] - Sending command (attempt 1): create_blueprint
2026-03-10 21:43:41,534 - UnrealMCP_Advanced - DEBUG - [unreal_mcp_server_advanced.py:363] - Command payload: {"type": "create_blueprint", "params": {"name": "BP_FPSPlayerController", "parent_class": "/Script/FPS.AFPSPlayerController"}}...
2026-03-10 21:43:41,543 - UnrealMCP_Advanced - INFO - [unreal_mcp_server_advanced.py:264] - Received complete response (87 bytes) for create_blueprint
2026-03-10 21:43:41,543 - UnrealMCP_Advanced - INFO - [unreal_mcp_server_advanced.py:380] - Command create_blueprint completed successfully
2026-03-10 21:43:41,543 - UnrealMCP_Advanced - WARNING - [unreal_mcp_server_advanced.py:385] - Unreal returned error: Blueprint already exists: BP_FPSPlayerController
2026-03-10 21:43:41,546 - mcp.server.lowlevel.server - DEBUG - [server.py:790] - Response sent
2026-03-10 21:43:45,181 - mcp.server.lowlevel.server - DEBUG - [server.py:675] - Received message: <mcp.shared.session.RequestResponder object at 0x000001B6B66913B0>
2026-03-10 21:43:45,181 - mcp.server.lowlevel.server - INFO - [server.py:720] - Processing request of type CallToolRequest
2026-03-10 21:43:45,181 - mcp.server.lowlevel.server - DEBUG - [server.py:723] - Dispatching request of type CallToolRequest
2026-03-10 21:43:45,181 - UnrealMCP_Advanced - INFO - [unreal_mcp_server_advanced.py:147] - Connecting to Unreal at 127.0.0.1:55557 (attempt 1/4)...
2026-03-10 21:43:45,183 - UnrealMCP_Advanced - INFO - [unreal_mcp_server_advanced.py:154] - Successfully connected to Unreal Engine
2026-03-10 21:43:45,183 - UnrealMCP_Advanced - INFO - [unreal_mcp_server_advanced.py:362] - Sending command (attempt 1): compile_blueprint
2026-03-10 21:43:45,183 - UnrealMCP_Advanced - DEBUG - [unreal_mcp_server_advanced.py:363] - Command payload: {"type": "compile_blueprint", "params": {"blueprint_name": "BP_FPSPlayerController"}}...
2026-03-10 21:43:45,298 - UnrealMCP_Advanced - INFO - [unreal_mcp_server_advanced.py:264] - Received complete response (104 bytes) for compile_blueprint
2026-03-10 21:43:45,298 - UnrealMCP_Advanced - INFO - [unreal_mcp_server_advanced.py:380] - Command compile_blueprint completed successfully
2026-03-10 21:43:45,300 - mcp.server.lowlevel.server - DEBUG - [server.py:790] - Response sent
2026-03-10 21:51:00,337 - mcp.server.lowlevel.server - DEBUG - [server.py:675] - Received message: <mcp.shared.session.RequestResponder object at 0x000001B6B6691130>
2026-03-10 21:51:00,337 - mcp.server.lowlevel.server - INFO - [server.py:720] - Processing request of type CallToolRequest
2026-03-10 21:51:00,337 - mcp.server.lowlevel.server - DEBUG - [server.py:723] - Dispatching request of type CallToolRequest
2026-03-10 21:51:00,337 - UnrealMCP_Advanced - INFO - [unreal_mcp_server_advanced.py:679] - Reading Blueprint content for: /Game/FPS/Migrate/ABP_Manny
2026-03-10 21:51:00,337 - UnrealMCP_Advanced - INFO - [unreal_mcp_server_advanced.py:147] - Connecting to Unreal at 127.0.0.1:55557 (attempt 1/4)...
2026-03-10 21:51:00,338 - UnrealMCP_Advanced - INFO - [unreal_mcp_server_advanced.py:154] - Successfully connected to Unreal Engine
2026-03-10 21:51:00,338 - UnrealMCP_Advanced - INFO - [unreal_mcp_server_advanced.py:362] - Sending command (attempt 1): read_blueprint_content
2026-03-10 21:51:00,338 - UnrealMCP_Advanced - DEBUG - [unreal_mcp_server_advanced.py:363] - Command payload: {"type": "read_blueprint_content", "params": {"blueprint_path": "/Game/FPS/Migrate/ABP_Manny", "include_event_graph": true, "include_functions": true, "include_variables": true, "include_components": true, "include_interfaces": true}}...
2026-03-10 21:51:00,360 - UnrealMCP_Advanced - INFO - [unreal_mcp_server_advanced.py:264] - Received complete response (12443 bytes) for read_blueprint_content
2026-03-10 21:51:00,360 - UnrealMCP_Advanced - INFO - [unreal_mcp_server_advanced.py:380] - Command read_blueprint_content completed successfully
2026-03-10 21:51:00,362 - mcp.server.lowlevel.server - DEBUG - [server.py:790] - Response sent
2026-03-10 21:51:11,276 - mcp.server.lowlevel.server - DEBUG - [server.py:675] - Received message: <mcp.shared.session.RequestResponder object at 0x000001B6B66913B0>
2026-03-10 21:51:11,277 - mcp.server.lowlevel.server - INFO - [server.py:720] - Processing request of type CallToolRequest
2026-03-10 21:51:11,277 - mcp.server.lowlevel.server - DEBUG - [server.py:723] - Dispatching request of type CallToolRequest
2026-03-10 21:51:11,278 - UnrealMCP_Advanced - INFO - [unreal_mcp_server_advanced.py:734] - Analyzing Blueprint graph: /Game/FPS/Migrate/ABP_Manny -> AnimGraph
2026-03-10 21:51:11,278 - UnrealMCP_Advanced - INFO - [unreal_mcp_server_advanced.py:147] - Connecting to Unreal at 127.0.0.1:55557 (attempt 1/4)...
2026-03-10 21:51:11,279 - UnrealMCP_Advanced - INFO - [unreal_mcp_server_advanced.py:154] - Successfully connected to Unreal Engine
2026-03-10 21:51:11,279 - UnrealMCP_Advanced - INFO - [unreal_mcp_server_advanced.py:362] - Sending command (attempt 1): analyze_blueprint_graph
2026-03-10 21:51:11,279 - UnrealMCP_Advanced - DEBUG - [unreal_mcp_server_advanced.py:363] - Command payload: {"type": "analyze_blueprint_graph", "params": {"blueprint_path": "/Game/FPS/Migrate/ABP_Manny", "graph_name": "AnimGraph", "include_node_details": true, "include_pin_connections": true, "trace_execution_flow": true}}...
2026-03-10 21:51:11,362 - UnrealMCP_Advanced - INFO - [unreal_mcp_server_advanced.py:264] - Received complete response (27978 bytes) for analyze_blueprint_graph
2026-03-10 21:51:11,363 - UnrealMCP_Advanced - INFO - [unreal_mcp_server_advanced.py:380] - Command analyze_blueprint_graph completed successfully
2026-03-10 21:51:11,368 - mcp.server.lowlevel.server - DEBUG - [server.py:790] - Response sent
2026-03-10 22:02:56,281 - mcp.server.lowlevel.server - DEBUG - [server.py:675] - Received message: <mcp.shared.session.RequestResponder object at 0x000001B6B6691270>
2026-03-10 22:02:56,282 - mcp.server.lowlevel.server - INFO - [server.py:720] - Processing request of type CallToolRequest
2026-03-10 22:02:56,282 - mcp.server.lowlevel.server - DEBUG - [server.py:723] - Dispatching request of type CallToolRequest
2026-03-10 22:02:56,282 - UnrealMCP_Advanced - INFO - [unreal_mcp_server_advanced.py:679] - Reading Blueprint content for: /Game/FirstPersonArms/Animations/FirstPerson_AnimBP
2026-03-10 22:02:56,282 - UnrealMCP_Advanced - INFO - [unreal_mcp_server_advanced.py:147] - Connecting to Unreal at 127.0.0.1:55557 (attempt 1/4)...
2026-03-10 22:02:56,283 - UnrealMCP_Advanced - INFO - [unreal_mcp_server_advanced.py:154] - Successfully connected to Unreal Engine
2026-03-10 22:02:56,283 - UnrealMCP_Advanced - INFO - [unreal_mcp_server_advanced.py:362] - Sending command (attempt 1): read_blueprint_content
2026-03-10 22:02:56,283 - UnrealMCP_Advanced - DEBUG - [unreal_mcp_server_advanced.py:363] - Command payload: {"type": "read_blueprint_content", "params": {"blueprint_path": "/Game/FirstPersonArms/Animations/FirstPerson_AnimBP", "include_event_graph": true, "include_functions": true, "include_variables": true, "include_components": false, "include_interfaces": true}}...
2026-03-10 22:02:56,475 - UnrealMCP_Advanced - INFO - [unreal_mcp_server_advanced.py:264] - Received complete response (3069 bytes) for read_blueprint_content
2026-03-10 22:02:56,476 - UnrealMCP_Advanced - INFO - [unreal_mcp_server_advanced.py:380] - Command read_blueprint_content completed successfully
2026-03-10 22:02:56,479 - mcp.server.lowlevel.server - DEBUG - [server.py:790] - Response sent
2026-03-10 22:11:15,672 - mcp.server.lowlevel.server - DEBUG - [server.py:675] - Received message: <mcp.shared.session.RequestResponder object at 0x000001B6B66913B0>
2026-03-10 22:11:15,673 - mcp.server.lowlevel.server - INFO - [server.py:720] - Processing request of type CallToolRequest
2026-03-10 22:11:15,673 - mcp.server.lowlevel.server - DEBUG - [server.py:723] - Dispatching request of type CallToolRequest
2026-03-10 22:11:15,673 - UnrealMCP_Advanced - INFO - [unreal_mcp_server_advanced.py:679] - Reading Blueprint content for: /Game/FPS/Migrate/Animations/ABP_Manny
2026-03-10 22:11:15,673 - UnrealMCP_Advanced - INFO - [unreal_mcp_server_advanced.py:147] - Connecting to Unreal at 127.0.0.1:55557 (attempt 1/4)...
2026-03-10 22:11:15,673 - UnrealMCP_Advanced - INFO - [unreal_mcp_server_advanced.py:154] - Successfully connected to Unreal Engine
2026-03-10 22:11:15,673 - UnrealMCP_Advanced - INFO - [unreal_mcp_server_advanced.py:362] - Sending command (attempt 1): read_blueprint_content
2026-03-10 22:11:15,673 - UnrealMCP_Advanced - DEBUG - [unreal_mcp_server_advanced.py:363] - Command payload: {"type": "read_blueprint_content", "params": {"blueprint_path": "/Game/FPS/Migrate/Animations/ABP_Manny", "include_event_graph": false, "include_functions": false, "include_variables": true, "include_components": false, "include_interfaces": false}}...
2026-03-10 22:11:16,074 - UnrealMCP_Advanced - INFO - [unreal_mcp_server_advanced.py:264] - Received complete response (103 bytes) for read_blueprint_content
2026-03-10 22:11:16,074 - UnrealMCP_Advanced - INFO - [unreal_mcp_server_advanced.py:380] - Command read_blueprint_content completed successfully
2026-03-10 22:11:16,074 - UnrealMCP_Advanced - WARNING - [unreal_mcp_server_advanced.py:385] - Unreal returned error: Failed to load blueprint: /Game/FPS/Migrate/Animations/ABP_Manny
2026-03-10 22:11:16,076 - mcp.server.lowlevel.server - DEBUG - [server.py:790] - Response sent
2026-03-10 22:11:29,284 - mcp.server.lowlevel.server - DEBUG - [server.py:675] - Received message: <mcp.shared.session.RequestResponder object at 0x000001B6B6691A90>
2026-03-10 22:11:29,285 - mcp.server.lowlevel.server - INFO - [server.py:720] - Processing request of type CallToolRequest
2026-03-10 22:11:29,285 - mcp.server.lowlevel.server - DEBUG - [server.py:723] - Dispatching request of type CallToolRequest
2026-03-10 22:11:29,285 - UnrealMCP_Advanced - INFO - [unreal_mcp_server_advanced.py:679] - Reading Blueprint content for: /Game/FPS/Migrate/ABP_Manny
2026-03-10 22:11:29,285 - UnrealMCP_Advanced - INFO - [unreal_mcp_server_advanced.py:147] - Connecting to Unreal at 127.0.0.1:55557 (attempt 1/4)...
2026-03-10 22:11:29,285 - UnrealMCP_Advanced - INFO - [unreal_mcp_server_advanced.py:154] - Successfully connected to Unreal Engine
2026-03-10 22:11:29,285 - UnrealMCP_Advanced - INFO - [unreal_mcp_server_advanced.py:362] - Sending command (attempt 1): read_blueprint_content
2026-03-10 22:11:29,285 - UnrealMCP_Advanced - DEBUG - [unreal_mcp_server_advanced.py:363] - Command payload: {"type": "read_blueprint_content", "params": {"blueprint_path": "/Game/FPS/Migrate/ABP_Manny", "include_event_graph": true, "include_functions": false, "include_variables": true, "include_components": false, "include_interfaces": false}}...
2026-03-10 22:11:29,407 - UnrealMCP_Advanced - INFO - [unreal_mcp_server_advanced.py:264] - Received complete response (12087 bytes) for read_blueprint_content
2026-03-10 22:11:29,407 - UnrealMCP_Advanced - INFO - [unreal_mcp_server_advanced.py:380] - Command read_blueprint_content completed successfully
2026-03-10 22:11:29,410 - mcp.server.lowlevel.server - DEBUG - [server.py:790] - Response sent
2026-03-10 22:20:48,753 - mcp.server.lowlevel.server - DEBUG - [server.py:675] - Received message: <mcp.shared.session.RequestResponder object at 0x000001B6B66918B0>
2026-03-10 22:20:48,753 - mcp.server.lowlevel.server - INFO - [server.py:720] - Processing request of type CallToolRequest
2026-03-10 22:20:48,754 - mcp.server.lowlevel.server - DEBUG - [server.py:723] - Dispatching request of type CallToolRequest
2026-03-10 22:20:48,754 - UnrealMCP_Advanced - INFO - [unreal_mcp_server_advanced.py:679] - Reading Blueprint content for: /Game/FirstPerson/Blueprints/BP_FPSPlayer
2026-03-10 22:20:48,754 - UnrealMCP_Advanced - INFO - [unreal_mcp_server_advanced.py:147] - Connecting to Unreal at 127.0.0.1:55557 (attempt 1/4)...
2026-03-10 22:20:48,754 - UnrealMCP_Advanced - INFO - [unreal_mcp_server_advanced.py:154] - Successfully connected to Unreal Engine
2026-03-10 22:20:48,754 - UnrealMCP_Advanced - INFO - [unreal_mcp_server_advanced.py:362] - Sending command (attempt 1): read_blueprint_content
2026-03-10 22:20:48,754 - UnrealMCP_Advanced - DEBUG - [unreal_mcp_server_advanced.py:363] - Command payload: {"type": "read_blueprint_content", "params": {"blueprint_path": "/Game/FirstPerson/Blueprints/BP_FPSPlayer", "include_event_graph": false, "include_functions": true, "include_variables": false, "include_components": false, "include_interfaces": true}}...
2026-03-10 22:20:49,113 - UnrealMCP_Advanced - INFO - [unreal_mcp_server_advanced.py:264] - Received complete response (106 bytes) for read_blueprint_content
2026-03-10 22:20:49,114 - UnrealMCP_Advanced - INFO - [unreal_mcp_server_advanced.py:380] - Command read_blueprint_content completed successfully
2026-03-10 22:20:49,114 - UnrealMCP_Advanced - WARNING - [unreal_mcp_server_advanced.py:385] - Unreal returned error: Failed to load blueprint: /Game/FirstPerson/Blueprints/BP_FPSPlayer
2026-03-10 22:20:49,118 - mcp.server.lowlevel.server - DEBUG - [server.py:790] - Response sent
2026-03-10 22:20:56,663 - mcp.server.lowlevel.server - DEBUG - [server.py:675] - Received message: <mcp.shared.session.RequestResponder object at 0x000001B6B66916D0>
2026-03-10 22:20:56,664 - mcp.server.lowlevel.server - INFO - [server.py:720] - Processing request of type CallToolRequest
2026-03-10 22:20:56,664 - mcp.server.lowlevel.server - DEBUG - [server.py:723] - Dispatching request of type CallToolRequest
2026-03-10 22:20:56,664 - UnrealMCP_Advanced - INFO - [unreal_mcp_server_advanced.py:679] - Reading Blueprint content for: /Game/Blueprints/BP_FPSPlayer
2026-03-10 22:20:56,664 - UnrealMCP_Advanced - INFO - [unreal_mcp_server_advanced.py:147] - Connecting to Unreal at 127.0.0.1:55557 (attempt 1/4)...
2026-03-10 22:20:56,664 - UnrealMCP_Advanced - INFO - [unreal_mcp_server_advanced.py:154] - Successfully connected to Unreal Engine
2026-03-10 22:20:56,665 - UnrealMCP_Advanced - INFO - [unreal_mcp_server_advanced.py:362] - Sending command (attempt 1): read_blueprint_content
2026-03-10 22:20:56,665 - UnrealMCP_Advanced - DEBUG - [unreal_mcp_server_advanced.py:363] - Command payload: {"type": "read_blueprint_content", "params": {"blueprint_path": "/Game/Blueprints/BP_FPSPlayer", "include_event_graph": true, "include_functions": true, "include_variables": true, "include_components": false, "include_interfaces": true}}...
2026-03-10 22:20:56,781 - UnrealMCP_Advanced - INFO - [unreal_mcp_server_advanced.py:264] - Received complete response (1463 bytes) for read_blueprint_content
2026-03-10 22:20:56,781 - UnrealMCP_Advanced - INFO - [unreal_mcp_server_advanced.py:380] - Command read_blueprint_content completed successfully
2026-03-10 22:20:56,784 - mcp.server.lowlevel.server - DEBUG - [server.py:790] - Response sent
2026-03-10 22:21:02,624 - mcp.server.lowlevel.server - DEBUG - [server.py:675] - Received message: <mcp.shared.session.RequestResponder object at 0x000001B6B6691270>
2026-03-10 22:21:02,624 - mcp.server.lowlevel.server - INFO - [server.py:720] - Processing request of type CallToolRequest
2026-03-10 22:21:02,624 - mcp.server.lowlevel.server - DEBUG - [server.py:723] - Dispatching request of type CallToolRequest
2026-03-10 22:21:02,624 - UnrealMCP_Advanced - INFO - [unreal_mcp_server_advanced.py:679] - Reading Blueprint content for: /Game/FPS/Migrate/Interface/BI_PlayerInterface
2026-03-10 22:21:02,624 - UnrealMCP_Advanced - INFO - [unreal_mcp_server_advanced.py:147] - Connecting to Unreal at 127.0.0.1:55557 (attempt 1/4)...
2026-03-10 22:21:02,625 - UnrealMCP_Advanced - INFO - [unreal_mcp_server_advanced.py:154] - Successfully connected to Unreal Engine
2026-03-10 22:21:02,625 - UnrealMCP_Advanced - INFO - [unreal_mcp_server_advanced.py:362] - Sending command (attempt 1): read_blueprint_content
2026-03-10 22:21:02,625 - UnrealMCP_Advanced - DEBUG - [unreal_mcp_server_advanced.py:363] - Command payload: {"type": "read_blueprint_content", "params": {"blueprint_path": "/Game/FPS/Migrate/Interface/BI_PlayerInterface", "include_event_graph": false, "include_functions": true, "include_variables": true, "include_components": false, "include_interfaces": false}}...
2026-03-10 22:21:02,786 - UnrealMCP_Advanced - INFO - [unreal_mcp_server_advanced.py:264] - Received complete response (660 bytes) for read_blueprint_content
2026-03-10 22:21:02,787 - UnrealMCP_Advanced - INFO - [unreal_mcp_server_advanced.py:380] - Command read_blueprint_content completed successfully
2026-03-10 22:21:02,790 - mcp.server.lowlevel.server - DEBUG - [server.py:790] - Response sent
2026-03-10 22:21:06,022 - mcp.server.lowlevel.server - DEBUG - [server.py:675] - Received message: <mcp.shared.session.RequestResponder object at 0x000001B6B6691590>
2026-03-10 22:21:06,023 - mcp.server.lowlevel.server - INFO - [server.py:720] - Processing request of type CallToolRequest
2026-03-10 22:21:06,023 - mcp.server.lowlevel.server - DEBUG - [server.py:723] - Dispatching request of type CallToolRequest
2026-03-10 22:21:06,023 - UnrealMCP_Advanced - INFO - [unreal_mcp_server_advanced.py:818] - Getting Blueprint function details: /Game/FPS/Migrate/Interface/BI_PlayerInterface
2026-03-10 22:21:06,023 - UnrealMCP_Advanced - INFO - [unreal_mcp_server_advanced.py:820] -   - Specific function: IF_GetLeftHandSocketTransform
2026-03-10 22:21:06,023 - UnrealMCP_Advanced - INFO - [unreal_mcp_server_advanced.py:147] - Connecting to Unreal at 127.0.0.1:55557 (attempt 1/4)...
2026-03-10 22:21:06,040 - UnrealMCP_Advanced - INFO - [unreal_mcp_server_advanced.py:154] - Successfully connected to Unreal Engine
2026-03-10 22:21:06,040 - UnrealMCP_Advanced - INFO - [unreal_mcp_server_advanced.py:362] - Sending command (attempt 1): get_blueprint_function_details
2026-03-10 22:21:06,040 - UnrealMCP_Advanced - DEBUG - [unreal_mcp_server_advanced.py:363] - Command payload: {"type": "get_blueprint_function_details", "params": {"blueprint_path": "/Game/FPS/Migrate/Interface/BI_PlayerInterface", "function_name": "IF_GetLeftHandSocketTransform", "include_graph": true}}...
2026-03-10 22:21:06,118 - UnrealMCP_Advanced - INFO - [unreal_mcp_server_advanced.py:264] - Received complete response (804 bytes) for get_blueprint_function_details
2026-03-10 22:21:06,118 - UnrealMCP_Advanced - INFO - [unreal_mcp_server_advanced.py:380] - Command get_blueprint_function_details completed successfully
2026-03-10 22:21:06,120 - mcp.server.lowlevel.server - DEBUG - [server.py:790] - Response sent
2026-03-10 22:21:06,466 - mcp.server.lowlevel.server - DEBUG - [server.py:675] - Received message: <mcp.shared.session.RequestResponder object at 0x000001B6B66916D0>
2026-03-10 22:21:06,466 - mcp.server.lowlevel.server - INFO - [server.py:720] - Processing request of type CallToolRequest
2026-03-10 22:21:06,466 - mcp.server.lowlevel.server - DEBUG - [server.py:723] - Dispatching request of type CallToolRequest
2026-03-10 22:21:06,467 - UnrealMCP_Advanced - INFO - [unreal_mcp_server_advanced.py:818] - Getting Blueprint function details: /Game/FPS/Migrate/Interface/BI_PlayerInterface
2026-03-10 22:21:06,467 - UnrealMCP_Advanced - INFO - [unreal_mcp_server_advanced.py:820] -   - Specific function: IF_GetHandSwayFloats
2026-03-10 22:21:06,467 - UnrealMCP_Advanced - INFO - [unreal_mcp_server_advanced.py:147] - Connecting to Unreal at 127.0.0.1:55557 (attempt 1/4)...
2026-03-10 22:21:06,467 - UnrealMCP_Advanced - INFO - [unreal_mcp_server_advanced.py:154] - Successfully connected to Unreal Engine
2026-03-10 22:21:06,467 - UnrealMCP_Advanced - INFO - [unreal_mcp_server_advanced.py:362] - Sending command (attempt 1): get_blueprint_function_details
2026-03-10 22:21:06,467 - UnrealMCP_Advanced - DEBUG - [unreal_mcp_server_advanced.py:363] - Command payload: {"type": "get_blueprint_function_details", "params": {"blueprint_path": "/Game/FPS/Migrate/Interface/BI_PlayerInterface", "function_name": "IF_GetHandSwayFloats", "include_graph": true}}...
2026-03-10 22:21:06,783 - UnrealMCP_Advanced - INFO - [unreal_mcp_server_advanced.py:264] - Received complete response (889 bytes) for get_blueprint_function_details
2026-03-10 22:21:06,783 - UnrealMCP_Advanced - INFO - [unreal_mcp_server_advanced.py:380] - Command get_blueprint_function_details completed successfully
2026-03-10 22:21:06,784 - mcp.server.lowlevel.server - DEBUG - [server.py:790] - Response sent
2026-03-10 22:21:46,402 - mcp.server.lowlevel.server - DEBUG - [server.py:675] - Received message: <mcp.shared.session.RequestResponder object at 0x000001B6B6691270>
2026-03-10 22:21:46,402 - mcp.server.lowlevel.server - INFO - [server.py:720] - Processing request of type CallToolRequest
2026-03-10 22:21:46,402 - mcp.server.lowlevel.server - DEBUG - [server.py:723] - Dispatching request of type CallToolRequest
2026-03-10 22:21:46,402 - UnrealMCP_Advanced - INFO - [unreal_mcp_server_advanced.py:818] - Getting Blueprint function details: /Game/Blueprints/BP_FPSPlayer
2026-03-10 22:21:46,402 - UnrealMCP_Advanced - INFO - [unreal_mcp_server_advanced.py:820] -   - Specific function: IF_GetLeftHandSocketTransform
2026-03-10 22:21:46,402 - UnrealMCP_Advanced - INFO - [unreal_mcp_server_advanced.py:147] - Connecting to Unreal at 127.0.0.1:55557 (attempt 1/4)...
2026-03-10 22:21:46,403 - UnrealMCP_Advanced - INFO - [unreal_mcp_server_advanced.py:154] - Successfully connected to Unreal Engine
2026-03-10 22:21:46,403 - UnrealMCP_Advanced - INFO - [unreal_mcp_server_advanced.py:362] - Sending command (attempt 1): get_blueprint_function_details
2026-03-10 22:21:46,403 - UnrealMCP_Advanced - DEBUG - [unreal_mcp_server_advanced.py:363] - Command payload: {"type": "get_blueprint_function_details", "params": {"blueprint_path": "/Game/Blueprints/BP_FPSPlayer", "function_name": "IF_GetLeftHandSocketTransform", "include_graph": true}}...
2026-03-10 22:21:46,801 - UnrealMCP_Advanced - INFO - [unreal_mcp_server_advanced.py:264] - Received complete response (88 bytes) for get_blueprint_function_details
2026-03-10 22:21:46,801 - UnrealMCP_Advanced - INFO - [unreal_mcp_server_advanced.py:380] - Command get_blueprint_function_details completed successfully
2026-03-10 22:21:46,801 - UnrealMCP_Advanced - WARNING - [unreal_mcp_server_advanced.py:385] - Unreal returned error: Function not found: IF_GetLeftHandSocketTransform
2026-03-10 22:21:46,803 - mcp.server.lowlevel.server - DEBUG - [server.py:790] - Response sent
2026-03-10 22:21:46,841 - mcp.server.lowlevel.server - DEBUG - [server.py:675] - Received message: <mcp.shared.session.RequestResponder object at 0x000001B6B6691BD0>
2026-03-10 22:21:46,841 - mcp.server.lowlevel.server - INFO - [server.py:720] - Processing request of type CallToolRequest
2026-03-10 22:21:46,841 - mcp.server.lowlevel.server - DEBUG - [server.py:723] - Dispatching request of type CallToolRequest
2026-03-10 22:21:46,841 - UnrealMCP_Advanced - INFO - [unreal_mcp_server_advanced.py:818] - Getting Blueprint function details: /Game/Blueprints/BP_FPSPlayer
2026-03-10 22:21:46,841 - UnrealMCP_Advanced - INFO - [unreal_mcp_server_advanced.py:820] -   - Specific function: IF_GetHandSwayFloats
2026-03-10 22:21:46,841 - UnrealMCP_Advanced - INFO - [unreal_mcp_server_advanced.py:147] - Connecting to Unreal at 127.0.0.1:55557 (attempt 1/4)...
2026-03-10 22:21:46,841 - UnrealMCP_Advanced - INFO - [unreal_mcp_server_advanced.py:154] - Successfully connected to Unreal Engine
2026-03-10 22:21:46,842 - UnrealMCP_Advanced - INFO - [unreal_mcp_server_advanced.py:362] - Sending command (attempt 1): get_blueprint_function_details
2026-03-10 22:21:46,842 - UnrealMCP_Advanced - DEBUG - [unreal_mcp_server_advanced.py:363] - Command payload: {"type": "get_blueprint_function_details", "params": {"blueprint_path": "/Game/Blueprints/BP_FPSPlayer", "function_name": "IF_GetHandSwayFloats", "include_graph": true}}...
2026-03-10 22:21:47,128 - UnrealMCP_Advanced - INFO - [unreal_mcp_server_advanced.py:264] - Received complete response (79 bytes) for get_blueprint_function_details
2026-03-10 22:21:47,128 - UnrealMCP_Advanced - INFO - [unreal_mcp_server_advanced.py:380] - Command get_blueprint_function_details completed successfully
2026-03-10 22:21:47,128 - UnrealMCP_Advanced - WARNING - [unreal_mcp_server_advanced.py:385] - Unreal returned error: Function not found: IF_GetHandSwayFloats
2026-03-10 22:21:47,131 - mcp.server.lowlevel.server - DEBUG - [server.py:790] - Response sent
2026-03-10 22:23:03,196 - mcp.server.lowlevel.server - DEBUG - [server.py:675] - Received message: <mcp.shared.session.RequestResponder object at 0x000001B6B6691B30>
2026-03-10 22:23:03,197 - mcp.server.lowlevel.server - INFO - [server.py:720] - Processing request of type CallToolRequest
2026-03-10 22:23:03,197 - mcp.server.lowlevel.server - DEBUG - [server.py:723] - Dispatching request of type CallToolRequest
2026-03-10 22:23:03,197 - UnrealMCP_Advanced - INFO - [unreal_mcp_server_advanced.py:147] - Connecting to Unreal at 127.0.0.1:55557 (attempt 1/4)...
2026-03-10 22:23:03,198 - UnrealMCP_Advanced - INFO - [unreal_mcp_server_advanced.py:154] - Successfully connected to Unreal Engine
2026-03-10 22:23:03,198 - UnrealMCP_Advanced - INFO - [unreal_mcp_server_advanced.py:362] - Sending command (attempt 1): create_function
2026-03-10 22:23:03,198 - UnrealMCP_Advanced - DEBUG - [unreal_mcp_server_advanced.py:363] - Command payload: {"type": "create_function", "params": {"blueprint_name": "BP_FPSPlayer", "function_name": "IF_GetLeftHandSocketTransform", "return_type": "void"}}...
2026-03-10 22:23:03,212 - UnrealMCP_Advanced - INFO - [unreal_mcp_server_advanced.py:264] - Received complete response (72 bytes) for create_function
2026-03-10 22:23:03,212 - UnrealMCP_Advanced - INFO - [unreal_mcp_server_advanced.py:380] - Command create_function completed successfully
2026-03-10 22:23:03,212 - UnrealMCP_Advanced - WARNING - [unreal_mcp_server_advanced.py:385] - Unreal returned error: Blueprint not found: BP_FPSPlayer
2026-03-10 22:23:03,214 - mcp.server.lowlevel.server - DEBUG - [server.py:790] - Response sent
2026-03-10 22:23:06,558 - mcp.server.lowlevel.server - DEBUG - [server.py:675] - Received message: <mcp.shared.session.RequestResponder object at 0x000001B6B6691810>
2026-03-10 22:23:06,558 - mcp.server.lowlevel.server - INFO - [server.py:720] - Processing request of type CallToolRequest
2026-03-10 22:23:06,558 - mcp.server.lowlevel.server - DEBUG - [server.py:723] - Dispatching request of type CallToolRequest
2026-03-10 22:23:06,558 - UnrealMCP_Advanced - INFO - [unreal_mcp_server_advanced.py:147] - Connecting to Unreal at 127.0.0.1:55557 (attempt 1/4)...
2026-03-10 22:23:06,559 - UnrealMCP_Advanced - INFO - [unreal_mcp_server_advanced.py:154] - Successfully connected to Unreal Engine
2026-03-10 22:23:06,559 - UnrealMCP_Advanced - INFO - [unreal_mcp_server_advanced.py:362] - Sending command (attempt 1): create_function
2026-03-10 22:23:06,559 - UnrealMCP_Advanced - DEBUG - [unreal_mcp_server_advanced.py:363] - Command payload: {"type": "create_function", "params": {"blueprint_name": "/Game/Blueprints/BP_FPSPlayer", "function_name": "IF_GetLeftHandSocketTransform", "return_type": "void"}}...
2026-03-10 22:23:09,391 - UnrealMCP_Advanced - WARNING - [unreal_mcp_server_advanced.py:314] - Command failed (attempt 1/4): [WinError 10054] 远程主机强迫关闭了一个现有的连接。
2026-03-10 22:23:09,391 - UnrealMCP_Advanced - DEBUG - [unreal_mcp_server_advanced.py:200] - Disconnected from Unreal Engine
2026-03-10 22:23:09,391 - UnrealMCP_Advanced - INFO - [unreal_mcp_server_advanced.py:321] - Retrying command in 0.5s...
2026-03-10 22:23:09,892 - UnrealMCP_Advanced - INFO - [unreal_mcp_server_advanced.py:147] - Connecting to Unreal at 127.0.0.1:55557 (attempt 1/4)...
2026-03-10 22:23:11,936 - UnrealMCP_Advanced - WARNING - [unreal_mcp_server_advanced.py:162] - Connection refused - is Unreal Engine running? (attempt 1)
2026-03-10 22:23:11,936 - UnrealMCP_Advanced - INFO - [unreal_mcp_server_advanced.py:176] - Retrying connection in 0.5s...
2026-03-10 22:23:12,437 - UnrealMCP_Advanced - INFO - [unreal_mcp_server_advanced.py:147] - Connecting to Unreal at 127.0.0.1:55557 (attempt 2/4)...
2026-03-10 22:23:14,466 - UnrealMCP_Advanced - WARNING - [unreal_mcp_server_advanced.py:162] - Connection refused - is Unreal Engine running? (attempt 2)
2026-03-10 22:23:14,466 - UnrealMCP_Advanced - INFO - [unreal_mcp_server_advanced.py:176] - Retrying connection in 1.0s...
2026-03-10 22:23:15,466 - UnrealMCP_Advanced - INFO - [unreal_mcp_server_advanced.py:147] - Connecting to Unreal at 127.0.0.1:55557 (attempt 3/4)...
2026-03-10 22:23:17,499 - UnrealMCP_Advanced - WARNING - [unreal_mcp_server_advanced.py:162] - Connection refused - is Unreal Engine running? (attempt 3)
2026-03-10 22:23:17,499 - UnrealMCP_Advanced - INFO - [unreal_mcp_server_advanced.py:176] - Retrying connection in 2.0s...
2026-03-10 22:23:19,499 - UnrealMCP_Advanced - INFO - [unreal_mcp_server_advanced.py:147] - Connecting to Unreal at 127.0.0.1:55557 (attempt 4/4)...
2026-03-10 22:23:21,531 - UnrealMCP_Advanced - WARNING - [unreal_mcp_server_advanced.py:162] - Connection refused - is Unreal Engine running? (attempt 4)
2026-03-10 22:23:21,532 - UnrealMCP_Advanced - ERROR - [unreal_mcp_server_advanced.py:179] - Failed to connect after 4 attempts. Last error: Connection refused: [WinError 10061] 由于目标计算机积极拒绝，无法连接。
2026-03-10 22:23:21,532 - UnrealMCP_Advanced - WARNING - [unreal_mcp_server_advanced.py:314] - Command failed (attempt 2/4): Failed to connect to Unreal Engine: Connection refused: [WinError 10061] 由于目标计算机积极拒绝，无法连接。
2026-03-10 22:23:21,532 - UnrealMCP_Advanced - DEBUG - [unreal_mcp_server_advanced.py:200] - Disconnected from Unreal Engine
2026-03-10 22:23:21,532 - UnrealMCP_Advanced - INFO - [unreal_mcp_server_advanced.py:321] - Retrying command in 1.0s...
2026-03-10 22:23:22,533 - UnrealMCP_Advanced - INFO - [unreal_mcp_server_advanced.py:147] - Connecting to Unreal at 127.0.0.1:55557 (attempt 1/4)...
2026-03-10 22:23:24,564 - UnrealMCP_Advanced - WARNING - [unreal_mcp_server_advanced.py:162] - Connection refused - is Unreal Engine running? (attempt 1)
2026-03-10 22:23:24,564 - UnrealMCP_Advanced - INFO - [unreal_mcp_server_advanced.py:176] - Retrying connection in 0.5s...
2026-03-10 22:23:25,064 - UnrealMCP_Advanced - INFO - [unreal_mcp_server_advanced.py:147] - Connecting to Unreal at 127.0.0.1:55557 (attempt 2/4)...
2026-03-10 22:23:27,101 - UnrealMCP_Advanced - WARNING - [unreal_mcp_server_advanced.py:162] - Connection refused - is Unreal Engine running? (attempt 2)
2026-03-10 22:23:27,101 - UnrealMCP_Advanced - INFO - [unreal_mcp_server_advanced.py:176] - Retrying connection in 1.0s...
2026-03-10 22:23:28,102 - UnrealMCP_Advanced - INFO - [unreal_mcp_server_advanced.py:147] - Connecting to Unreal at 127.0.0.1:55557 (attempt 3/4)...
2026-03-10 22:23:30,140 - UnrealMCP_Advanced - WARNING - [unreal_mcp_server_advanced.py:162] - Connection refused - is Unreal Engine running? (attempt 3)
2026-03-10 22:23:30,140 - UnrealMCP_Advanced - INFO - [unreal_mcp_server_advanced.py:176] - Retrying connection in 2.0s...
2026-03-10 22:23:32,141 - UnrealMCP_Advanced - INFO - [unreal_mcp_server_advanced.py:147] - Connecting to Unreal at 127.0.0.1:55557 (attempt 4/4)...
2026-03-10 22:23:34,173 - UnrealMCP_Advanced - WARNING - [unreal_mcp_server_advanced.py:162] - Connection refused - is Unreal Engine running? (attempt 4)
2026-03-10 22:23:34,173 - UnrealMCP_Advanced - ERROR - [unreal_mcp_server_advanced.py:179] - Failed to connect after 4 attempts. Last error: Connection refused: [WinError 10061] 由于目标计算机积极拒绝，无法连接。
2026-03-10 22:23:34,173 - UnrealMCP_Advanced - WARNING - [unreal_mcp_server_advanced.py:314] - Command failed (attempt 3/4): Failed to connect to Unreal Engine: Connection refused: [WinError 10061] 由于目标计算机积极拒绝，无法连接。
2026-03-10 22:23:34,173 - UnrealMCP_Advanced - DEBUG - [unreal_mcp_server_advanced.py:200] - Disconnected from Unreal Engine
2026-03-10 22:23:34,173 - UnrealMCP_Advanced - INFO - [unreal_mcp_server_advanced.py:321] - Retrying command in 2.0s...
2026-03-10 22:23:36,173 - UnrealMCP_Advanced - INFO - [unreal_mcp_server_advanced.py:147] - Connecting to Unreal at 127.0.0.1:55557 (attempt 1/4)...
2026-03-10 22:23:38,206 - UnrealMCP_Advanced - WARNING - [unreal_mcp_server_advanced.py:162] - Connection refused - is Unreal Engine running? (attempt 1)
2026-03-10 22:23:38,206 - UnrealMCP_Advanced - INFO - [unreal_mcp_server_advanced.py:176] - Retrying connection in 0.5s...
2026-03-10 22:23:38,707 - UnrealMCP_Advanced - INFO - [unreal_mcp_server_advanced.py:147] - Connecting to Unreal at 127.0.0.1:55557 (attempt 2/4)...
2026-03-10 22:23:40,740 - UnrealMCP_Advanced - WARNING - [unreal_mcp_server_advanced.py:162] - Connection refused - is Unreal Engine running? (attempt 2)
2026-03-10 22:23:40,740 - UnrealMCP_Advanced - INFO - [unreal_mcp_server_advanced.py:176] - Retrying connection in 1.0s...
2026-03-10 22:23:41,740 - UnrealMCP_Advanced - INFO - [unreal_mcp_server_advanced.py:147] - Connecting to Unreal at 127.0.0.1:55557 (attempt 3/4)...
2026-03-10 22:23:43,767 - UnrealMCP_Advanced - WARNING - [unreal_mcp_server_advanced.py:162] - Connection refused - is Unreal Engine running? (attempt 3)
2026-03-10 22:23:43,768 - UnrealMCP_Advanced - INFO - [unreal_mcp_server_advanced.py:176] - Retrying connection in 2.0s...
2026-03-10 22:23:45,768 - UnrealMCP_Advanced - INFO - [unreal_mcp_server_advanced.py:147] - Connecting to Unreal at 127.0.0.1:55557 (attempt 4/4)...
2026-03-10 22:23:47,799 - UnrealMCP_Advanced - WARNING - [unreal_mcp_server_advanced.py:162] - Connection refused - is Unreal Engine running? (attempt 4)
2026-03-10 22:23:47,799 - UnrealMCP_Advanced - ERROR - [unreal_mcp_server_advanced.py:179] - Failed to connect after 4 attempts. Last error: Connection refused: [WinError 10061] 由于目标计算机积极拒绝，无法连接。
2026-03-10 22:23:47,799 - UnrealMCP_Advanced - WARNING - [unreal_mcp_server_advanced.py:314] - Command failed (attempt 4/4): Failed to connect to Unreal Engine: Connection refused: [WinError 10061] 由于目标计算机积极拒绝，无法连接。
2026-03-10 22:23:47,799 - UnrealMCP_Advanced - DEBUG - [unreal_mcp_server_advanced.py:200] - Disconnected from Unreal Engine
2026-03-10 22:23:47,800 - mcp.server.lowlevel.server - DEBUG - [server.py:790] - Response sent
2026-03-10 22:23:54,816 - mcp.server.lowlevel.server - DEBUG - [server.py:675] - Received message: <mcp.shared.session.RequestResponder object at 0x000001B6B66918B0>
2026-03-10 22:23:54,816 - mcp.server.lowlevel.server - INFO - [server.py:720] - Processing request of type CallToolRequest
2026-03-10 22:23:54,816 - mcp.server.lowlevel.server - DEBUG - [server.py:723] - Dispatching request of type CallToolRequest
2026-03-10 22:23:54,817 - mcp.server.lowlevel.server - DEBUG - [server.py:790] - Response sent
2026-03-10 22:24:04,556 - mcp.server.lowlevel.server - DEBUG - [server.py:675] - Received message: <mcp.shared.session.RequestResponder object at 0x000001B6B6691270>
2026-03-10 22:24:04,556 - mcp.server.lowlevel.server - INFO - [server.py:720] - Processing request of type CallToolRequest
2026-03-10 22:24:04,556 - mcp.server.lowlevel.server - DEBUG - [server.py:723] - Dispatching request of type CallToolRequest
2026-03-10 22:24:04,556 - UnrealMCP_Advanced - INFO - [unreal_mcp_server_advanced.py:147] - Connecting to Unreal at 127.0.0.1:55557 (attempt 1/4)...
2026-03-10 22:24:06,071 - UnrealMCP_Advanced - INFO - [unreal_mcp_server_advanced.py:154] - Successfully connected to Unreal Engine
2026-03-10 22:24:06,071 - UnrealMCP_Advanced - INFO - [unreal_mcp_server_advanced.py:362] - Sending command (attempt 1): delete_function
2026-03-10 22:24:06,071 - UnrealMCP_Advanced - DEBUG - [unreal_mcp_server_advanced.py:363] - Command payload: {"type": "delete_function", "params": {"blueprint_name": "BP_FPSPlayer", "function_name": "IF_GetLeftHandSocketTransform"}}...
2026-03-10 22:24:09,754 - UnrealMCP_Advanced - INFO - [unreal_mcp_server_advanced.py:264] - Received complete response (72 bytes) for delete_function
2026-03-10 22:24:09,754 - UnrealMCP_Advanced - INFO - [unreal_mcp_server_advanced.py:380] - Command delete_function completed successfully
2026-03-10 22:24:09,755 - UnrealMCP_Advanced - WARNING - [unreal_mcp_server_advanced.py:385] - Unreal returned error: Blueprint not found: BP_FPSPlayer
2026-03-10 22:24:09,757 - mcp.server.lowlevel.server - DEBUG - [server.py:790] - Response sent
2026-03-10 22:24:14,175 - mcp.server.lowlevel.server - DEBUG - [server.py:675] - Received message: <mcp.shared.session.RequestResponder object at 0x000001B6B6691A90>
2026-03-10 22:24:14,176 - mcp.server.lowlevel.server - INFO - [server.py:720] - Processing request of type CallToolRequest
2026-03-10 22:24:14,176 - mcp.server.lowlevel.server - DEBUG - [server.py:723] - Dispatching request of type CallToolRequest
2026-03-10 22:24:14,176 - UnrealMCP_Advanced - INFO - [unreal_mcp_server_advanced.py:147] - Connecting to Unreal at 127.0.0.1:55557 (attempt 1/4)...
2026-03-10 22:24:14,178 - UnrealMCP_Advanced - INFO - [unreal_mcp_server_advanced.py:154] - Successfully connected to Unreal Engine
2026-03-10 22:24:14,178 - UnrealMCP_Advanced - INFO - [unreal_mcp_server_advanced.py:362] - Sending command (attempt 1): delete_function
2026-03-10 22:24:14,178 - UnrealMCP_Advanced - DEBUG - [unreal_mcp_server_advanced.py:363] - Command payload: {"type": "delete_function", "params": {"blueprint_name": "/Game/Blueprints/BP_FPSPlayer", "function_name": "IF_GetLeftHandSocketTransform"}}...
2026-03-10 22:24:14,183 - UnrealMCP_Advanced - INFO - [unreal_mcp_server_advanced.py:264] - Received complete response (88 bytes) for delete_function
2026-03-10 22:24:14,183 - UnrealMCP_Advanced - INFO - [unreal_mcp_server_advanced.py:380] - Command delete_function completed successfully
2026-03-10 22:24:14,183 - UnrealMCP_Advanced - WARNING - [unreal_mcp_server_advanced.py:385] - Unreal returned error: Function not found: IF_GetLeftHandSocketTransform
2026-03-10 22:24:14,185 - mcp.server.lowlevel.server - DEBUG - [server.py:790] - Response sent
2026-03-10 22:24:19,606 - mcp.server.lowlevel.server - DEBUG - [server.py:675] - Received message: <mcp.shared.session.RequestResponder object at 0x000001B6B66916D0>
2026-03-10 22:24:19,607 - mcp.server.lowlevel.server - INFO - [server.py:720] - Processing request of type CallToolRequest
2026-03-10 22:24:19,607 - mcp.server.lowlevel.server - DEBUG - [server.py:723] - Dispatching request of type CallToolRequest
2026-03-10 22:24:19,607 - UnrealMCP_Advanced - INFO - [unreal_mcp_server_advanced.py:818] - Getting Blueprint function details: /Game/Blueprints/BP_FPSPlayer
2026-03-10 22:24:19,607 - UnrealMCP_Advanced - INFO - [unreal_mcp_server_advanced.py:820] -   - Specific function: IF Get Left Hand Socket Transform
2026-03-10 22:24:19,607 - UnrealMCP_Advanced - INFO - [unreal_mcp_server_advanced.py:147] - Connecting to Unreal at 127.0.0.1:55557 (attempt 1/4)...
2026-03-10 22:24:19,607 - UnrealMCP_Advanced - INFO - [unreal_mcp_server_advanced.py:154] - Successfully connected to Unreal Engine
2026-03-10 22:24:19,607 - UnrealMCP_Advanced - INFO - [unreal_mcp_server_advanced.py:362] - Sending command (attempt 1): get_blueprint_function_details
2026-03-10 22:24:19,607 - UnrealMCP_Advanced - DEBUG - [unreal_mcp_server_advanced.py:363] - Command payload: {"type": "get_blueprint_function_details", "params": {"blueprint_path": "/Game/Blueprints/BP_FPSPlayer", "function_name": "IF Get Left Hand Socket Transform", "include_graph": true}}...
2026-03-10 22:24:19,851 - UnrealMCP_Advanced - INFO - [unreal_mcp_server_advanced.py:264] - Received complete response (92 bytes) for get_blueprint_function_details
2026-03-10 22:24:19,851 - UnrealMCP_Advanced - INFO - [unreal_mcp_server_advanced.py:380] - Command get_blueprint_function_details completed successfully
2026-03-10 22:24:19,851 - UnrealMCP_Advanced - WARNING - [unreal_mcp_server_advanced.py:385] - Unreal returned error: Function not found: IF Get Left Hand Socket Transform
2026-03-10 22:24:19,853 - mcp.server.lowlevel.server - DEBUG - [server.py:790] - Response sent
2026-03-10 22:24:26,675 - mcp.server.lowlevel.server - DEBUG - [server.py:675] - Received message: <mcp.shared.session.RequestResponder object at 0x000001B6B6691770>
2026-03-10 22:24:26,675 - mcp.server.lowlevel.server - INFO - [server.py:720] - Processing request of type CallToolRequest
2026-03-10 22:24:26,675 - mcp.server.lowlevel.server - DEBUG - [server.py:723] - Dispatching request of type CallToolRequest
2026-03-10 22:24:26,675 - UnrealMCP_Advanced - INFO - [unreal_mcp_server_advanced.py:679] - Reading Blueprint content for: /Game/Blueprints/BP_FPSPlayer
2026-03-10 22:24:26,675 - UnrealMCP_Advanced - INFO - [unreal_mcp_server_advanced.py:147] - Connecting to Unreal at 127.0.0.1:55557 (attempt 1/4)...
2026-03-10 22:24:26,676 - UnrealMCP_Advanced - INFO - [unreal_mcp_server_advanced.py:154] - Successfully connected to Unreal Engine
2026-03-10 22:24:26,676 - UnrealMCP_Advanced - INFO - [unreal_mcp_server_advanced.py:362] - Sending command (attempt 1): read_blueprint_content
2026-03-10 22:24:26,676 - UnrealMCP_Advanced - DEBUG - [unreal_mcp_server_advanced.py:363] - Command payload: {"type": "read_blueprint_content", "params": {"blueprint_path": "/Game/Blueprints/BP_FPSPlayer", "include_event_graph": false, "include_functions": true, "include_variables": false, "include_components": false, "include_interfaces": true}}...
2026-03-10 22:24:26,851 - UnrealMCP_Advanced - INFO - [unreal_mcp_server_advanced.py:264] - Received complete response (386 bytes) for read_blueprint_content
2026-03-10 22:24:26,851 - UnrealMCP_Advanced - INFO - [unreal_mcp_server_advanced.py:380] - Command read_blueprint_content completed successfully
2026-03-10 22:24:26,852 - mcp.server.lowlevel.server - DEBUG - [server.py:790] - Response sent
2026-03-10 22:39:54,787 - mcp.server.lowlevel.server - DEBUG - [server.py:675] - Received message: <mcp.shared.session.RequestResponder object at 0x000001B6B6691590>
2026-03-10 22:39:54,787 - mcp.server.lowlevel.server - INFO - [server.py:720] - Processing request of type CallToolRequest
2026-03-10 22:39:54,787 - mcp.server.lowlevel.server - DEBUG - [server.py:723] - Dispatching request of type CallToolRequest
2026-03-10 22:39:54,788 - UnrealMCP_Advanced - INFO - [unreal_mcp_server_advanced.py:679] - Reading Blueprint content for: /Game/FPS/Migrate/BP_ThirdPersonCharacter
2026-03-10 22:39:54,788 - UnrealMCP_Advanced - INFO - [unreal_mcp_server_advanced.py:147] - Connecting to Unreal at 127.0.0.1:55557 (attempt 1/4)...
2026-03-10 22:39:54,788 - UnrealMCP_Advanced - INFO - [unreal_mcp_server_advanced.py:154] - Successfully connected to Unreal Engine
2026-03-10 22:39:54,789 - UnrealMCP_Advanced - INFO - [unreal_mcp_server_advanced.py:362] - Sending command (attempt 1): read_blueprint_content
2026-03-10 22:39:54,789 - UnrealMCP_Advanced - DEBUG - [unreal_mcp_server_advanced.py:363] - Command payload: {"type": "read_blueprint_content", "params": {"blueprint_path": "/Game/FPS/Migrate/BP_ThirdPersonCharacter", "include_event_graph": true, "include_functions": true, "include_variables": true, "include_components": true, "include_interfaces": true}}...
2026-03-10 22:39:55,581 - UnrealMCP_Advanced - INFO - [unreal_mcp_server_advanced.py:264] - Received complete response (5600 bytes) for read_blueprint_content
2026-03-10 22:39:55,581 - UnrealMCP_Advanced - INFO - [unreal_mcp_server_advanced.py:380] - Command read_blueprint_content completed successfully
2026-03-10 22:39:55,583 - mcp.server.lowlevel.server - DEBUG - [server.py:790] - Response sent
2026-03-10 22:41:14,906 - mcp.server.lowlevel.server - DEBUG - [server.py:675] - Received message: <mcp.shared.session.RequestResponder object at 0x000001B6B66914F0>
2026-03-10 22:41:14,907 - mcp.server.lowlevel.server - INFO - [server.py:720] - Processing request of type CallToolRequest
2026-03-10 22:41:14,907 - mcp.server.lowlevel.server - DEBUG - [server.py:723] - Dispatching request of type CallToolRequest
2026-03-10 22:41:14,907 - UnrealMCP_Advanced - INFO - [unreal_mcp_server_advanced.py:818] - Getting Blueprint function details: /Game/FPS/Migrate/BP_ThirdPersonCharacter
2026-03-10 22:41:14,907 - UnrealMCP_Advanced - INFO - [unreal_mcp_server_advanced.py:820] -   - Specific function: ShootingDetecter
2026-03-10 22:41:14,907 - UnrealMCP_Advanced - INFO - [unreal_mcp_server_advanced.py:147] - Connecting to Unreal at 127.0.0.1:55557 (attempt 1/4)...
2026-03-10 22:41:14,907 - UnrealMCP_Advanced - INFO - [unreal_mcp_server_advanced.py:154] - Successfully connected to Unreal Engine
2026-03-10 22:41:14,907 - UnrealMCP_Advanced - INFO - [unreal_mcp_server_advanced.py:362] - Sending command (attempt 1): get_blueprint_function_details
2026-03-10 22:41:14,907 - UnrealMCP_Advanced - DEBUG - [unreal_mcp_server_advanced.py:363] - Command payload: {"type": "get_blueprint_function_details", "params": {"blueprint_path": "/Game/FPS/Migrate/BP_ThirdPersonCharacter", "function_name": "ShootingDetecter", "include_graph": true}}...
2026-03-10 22:41:15,271 - UnrealMCP_Advanced - INFO - [unreal_mcp_server_advanced.py:264] - Received complete response (8979 bytes) for get_blueprint_function_details
2026-03-10 22:41:15,271 - UnrealMCP_Advanced - INFO - [unreal_mcp_server_advanced.py:380] - Command get_blueprint_function_details completed successfully
2026-03-10 22:41:15,273 - mcp.server.lowlevel.server - DEBUG - [server.py:790] - Response sent
2026-03-10 22:42:18,174 - mcp.server.lowlevel.server - DEBUG - [server.py:675] - Received message: <mcp.shared.session.RequestResponder object at 0x000001B6B66913B0>
2026-03-10 22:42:18,175 - mcp.server.lowlevel.server - INFO - [server.py:720] - Processing request of type CallToolRequest
2026-03-10 22:42:18,175 - mcp.server.lowlevel.server - DEBUG - [server.py:723] - Dispatching request of type CallToolRequest
2026-03-10 22:42:18,178 - UnrealMCP_Advanced - INFO - [unreal_mcp_server_advanced.py:147] - Connecting to Unreal at 127.0.0.1:55557 (attempt 1/4)...
2026-03-10 22:42:18,178 - UnrealMCP_Advanced - INFO - [unreal_mcp_server_advanced.py:154] - Successfully connected to Unreal Engine
2026-03-10 22:42:18,178 - UnrealMCP_Advanced - INFO - [unreal_mcp_server_advanced.py:362] - Sending command (attempt 1): add_component_to_blueprint
2026-03-10 22:42:18,178 - UnrealMCP_Advanced - DEBUG - [unreal_mcp_server_advanced.py:363] - Command payload: {"type": "add_component_to_blueprint", "params": {"blueprint_name": "/Game/Blueprints/BP_FPSPlayer", "component_type": "SpringArmComponent", "component_name": "CameraBoom", "location": [], "rotation": [], "scale": [], "component_properties": {"TargetArmLength": 300, "bUsePawnControlRotation": true, "bInheritPitch": true, "bInheritYaw": true, "bInheritRoll": false}}}...
2026-03-10 22:42:18,284 - UnrealMCP_Advanced - INFO - [unreal_mcp_server_advanced.py:264] - Received complete response (81 bytes) for add_component_to_blueprint
2026-03-10 22:42:18,285 - UnrealMCP_Advanced - INFO - [unreal_mcp_server_advanced.py:380] - Command add_component_to_blueprint completed successfully
2026-03-10 22:42:18,285 - UnrealMCP_Advanced - WARNING - [unreal_mcp_server_advanced.py:385] - Unreal returned error: Unknown component type: SpringArmComponent
2026-03-10 22:42:18,287 - mcp.server.lowlevel.server - DEBUG - [server.py:790] - Response sent
2026-03-10 22:42:24,864 - mcp.server.lowlevel.server - DEBUG - [server.py:675] - Received message: <mcp.shared.session.RequestResponder object at 0x000001B6B0FB0910>
2026-03-10 22:42:24,864 - mcp.server.lowlevel.server - INFO - [server.py:720] - Processing request of type CallToolRequest
2026-03-10 22:42:24,865 - mcp.server.lowlevel.server - DEBUG - [server.py:723] - Dispatching request of type CallToolRequest
2026-03-10 22:42:24,865 - UnrealMCP_Advanced - INFO - [unreal_mcp_server_advanced.py:147] - Connecting to Unreal at 127.0.0.1:55557 (attempt 1/4)...
2026-03-10 22:42:24,865 - UnrealMCP_Advanced - INFO - [unreal_mcp_server_advanced.py:154] - Successfully connected to Unreal Engine
2026-03-10 22:42:24,865 - UnrealMCP_Advanced - INFO - [unreal_mcp_server_advanced.py:362] - Sending command (attempt 1): add_component_to_blueprint
2026-03-10 22:42:24,865 - UnrealMCP_Advanced - DEBUG - [unreal_mcp_server_advanced.py:363] - Command payload: {"type": "add_component_to_blueprint", "params": {"blueprint_name": "/Game/Blueprints/BP_FPSPlayer", "component_type": "USpringArmComponent", "component_name": "CameraBoom", "location": [], "rotation": [], "scale": [], "component_properties": {"TargetArmLength": 300, "bUsePawnControlRotation": true}}}...
2026-03-10 22:42:24,951 - UnrealMCP_Advanced - INFO - [unreal_mcp_server_advanced.py:264] - Received complete response (82 bytes) for add_component_to_blueprint
2026-03-10 22:42:24,951 - UnrealMCP_Advanced - INFO - [unreal_mcp_server_advanced.py:380] - Command add_component_to_blueprint completed successfully
2026-03-10 22:42:24,952 - UnrealMCP_Advanced - WARNING - [unreal_mcp_server_advanced.py:385] - Unreal returned error: Unknown component type: USpringArmComponent
2026-03-10 22:42:24,956 - mcp.server.lowlevel.server - DEBUG - [server.py:790] - Response sent
2026-03-10 22:42:32,064 - mcp.server.lowlevel.server - DEBUG - [server.py:675] - Received message: <mcp.shared.session.RequestResponder object at 0x000001B6B66914F0>
2026-03-10 22:42:32,065 - mcp.server.lowlevel.server - INFO - [server.py:720] - Processing request of type CallToolRequest
2026-03-10 22:42:32,065 - mcp.server.lowlevel.server - DEBUG - [server.py:723] - Dispatching request of type CallToolRequest
2026-03-10 22:42:32,065 - UnrealMCP_Advanced - INFO - [unreal_mcp_server_advanced.py:147] - Connecting to Unreal at 127.0.0.1:55557 (attempt 1/4)...
2026-03-10 22:42:32,088 - UnrealMCP_Advanced - INFO - [unreal_mcp_server_advanced.py:154] - Successfully connected to Unreal Engine
2026-03-10 22:42:32,088 - UnrealMCP_Advanced - INFO - [unreal_mcp_server_advanced.py:362] - Sending command (attempt 1): add_component_to_blueprint
2026-03-10 22:42:32,088 - UnrealMCP_Advanced - DEBUG - [unreal_mcp_server_advanced.py:363] - Command payload: {"type": "add_component_to_blueprint", "params": {"blueprint_name": "/Game/Blueprints/BP_FPSPlayer", "component_type": "CameraComponent", "component_name": "FollowCamera", "location": [], "rotation": [], "scale": [], "component_properties": {}}}...
2026-03-10 22:43:02,100 - UnrealMCP_Advanced - WARNING - [unreal_mcp_server_advanced.py:314] - Command failed (attempt 1/4): Timeout after 30.0s waiting for response to add_component_to_blueprint (received 0 bytes)
2026-03-10 22:43:02,100 - UnrealMCP_Advanced - DEBUG - [unreal_mcp_server_advanced.py:200] - Disconnected from Unreal Engine
2026-03-10 22:43:02,100 - UnrealMCP_Advanced - INFO - [unreal_mcp_server_advanced.py:321] - Retrying command in 0.5s...
2026-03-10 22:43:02,601 - UnrealMCP_Advanced - INFO - [unreal_mcp_server_advanced.py:147] - Connecting to Unreal at 127.0.0.1:55557 (attempt 1/4)...
2026-03-10 22:43:02,601 - UnrealMCP_Advanced - INFO - [unreal_mcp_server_advanced.py:154] - Successfully connected to Unreal Engine
2026-03-10 22:43:02,601 - UnrealMCP_Advanced - INFO - [unreal_mcp_server_advanced.py:362] - Sending command (attempt 2): add_component_to_blueprint
2026-03-10 22:43:02,601 - UnrealMCP_Advanced - DEBUG - [unreal_mcp_server_advanced.py:363] - Command payload: {"type": "add_component_to_blueprint", "params": {"blueprint_name": "/Game/Blueprints/BP_FPSPlayer", "component_type": "CameraComponent", "component_name": "FollowCamera", "location": [], "rotation": [], "scale": [], "component_properties": {}}}...
2026-03-10 22:43:02,632 - UnrealMCP_Advanced - INFO - [unreal_mcp_server_advanced.py:264] - Received complete response (78 bytes) for add_component_to_blueprint
2026-03-10 22:43:02,633 - UnrealMCP_Advanced - INFO - [unreal_mcp_server_advanced.py:380] - Command add_component_to_blueprint completed successfully
2026-03-10 22:43:02,633 - UnrealMCP_Advanced - WARNING - [unreal_mcp_server_advanced.py:385] - Unreal returned error: Unknown component type: CameraComponent
2026-03-10 22:43:02,634 - mcp.server.lowlevel.server - DEBUG - [server.py:790] - Response sent
2026-03-10 23:22:34,652 - mcp.server.lowlevel.server - DEBUG - [server.py:675] - Received message: <mcp.shared.session.RequestResponder object at 0x000001B6B6691BD0>
2026-03-10 23:22:34,654 - mcp.server.lowlevel.server - INFO - [server.py:720] - Processing request of type CallToolRequest
2026-03-10 23:22:34,654 - mcp.server.lowlevel.server - DEBUG - [server.py:723] - Dispatching request of type CallToolRequest
2026-03-10 23:22:34,656 - UnrealMCP_Advanced - INFO - [unreal_mcp_server_advanced.py:679] - Reading Blueprint content for: /Game/FirstPerson/Blueprints/BP_PickUp_Rifle
2026-03-10 23:22:34,656 - UnrealMCP_Advanced - INFO - [unreal_mcp_server_advanced.py:147] - Connecting to Unreal at 127.0.0.1:55557 (attempt 1/4)...
2026-03-10 23:22:34,657 - UnrealMCP_Advanced - INFO - [unreal_mcp_server_advanced.py:154] - Successfully connected to Unreal Engine
2026-03-10 23:22:34,657 - UnrealMCP_Advanced - INFO - [unreal_mcp_server_advanced.py:362] - Sending command (attempt 1): read_blueprint_content
2026-03-10 23:22:34,657 - UnrealMCP_Advanced - DEBUG - [unreal_mcp_server_advanced.py:363] - Command payload: {"type": "read_blueprint_content", "params": {"blueprint_path": "/Game/FirstPerson/Blueprints/BP_PickUp_Rifle", "include_event_graph": true, "include_functions": true, "include_variables": false, "include_components": false, "include_interfaces": false}}...
2026-03-10 23:22:34,797 - UnrealMCP_Advanced - INFO - [unreal_mcp_server_advanced.py:264] - Received complete response (1490 bytes) for read_blueprint_content
2026-03-10 23:22:34,797 - UnrealMCP_Advanced - INFO - [unreal_mcp_server_advanced.py:380] - Command read_blueprint_content completed successfully
2026-03-10 23:22:34,801 - mcp.server.lowlevel.server - DEBUG - [server.py:790] - Response sent
2026-03-10 23:24:51,425 - mcp.server.lowlevel.server - DEBUG - [server.py:675] - Received message: <mcp.shared.session.RequestResponder object at 0x000001B6B6691130>
2026-03-10 23:24:51,425 - mcp.server.lowlevel.server - INFO - [server.py:720] - Processing request of type CallToolRequest
2026-03-10 23:24:51,425 - mcp.server.lowlevel.server - DEBUG - [server.py:723] - Dispatching request of type CallToolRequest
2026-03-10 23:24:51,427 - UnrealMCP_Advanced - INFO - [unreal_mcp_server_advanced.py:147] - Connecting to Unreal at 127.0.0.1:55557 (attempt 1/4)...
2026-03-10 23:24:51,449 - UnrealMCP_Advanced - INFO - [unreal_mcp_server_advanced.py:154] - Successfully connected to Unreal Engine
2026-03-10 23:24:51,449 - UnrealMCP_Advanced - INFO - [unreal_mcp_server_advanced.py:362] - Sending command (attempt 1): delete_node
2026-03-10 23:24:51,450 - UnrealMCP_Advanced - DEBUG - [unreal_mcp_server_advanced.py:363] - Command payload: {"type": "delete_node", "params": {"blueprint_name": "/Game/FirstPerson/Blueprints/BP_PickUp_Rifle", "node_id": "K2Node_VariableGet_1"}}...
2026-03-10 23:24:51,490 - UnrealMCP_Advanced - INFO - [unreal_mcp_server_advanced.py:264] - Received complete response (124 bytes) for delete_node
2026-03-10 23:24:51,490 - UnrealMCP_Advanced - INFO - [unreal_mcp_server_advanced.py:380] - Command delete_node completed successfully
2026-03-10 23:24:51,491 - BlueprintGraph.NodeDeleter - ERROR - [node_deleter.py:63] - Failed to delete node: Unknown error
2026-03-10 23:24:51,494 - mcp.server.lowlevel.server - DEBUG - [server.py:790] - Response sent
2026-03-10 23:24:51,714 - mcp.server.lowlevel.server - DEBUG - [server.py:675] - Received message: <mcp.shared.session.RequestResponder object at 0x000001B6B66916D0>
2026-03-10 23:24:51,715 - mcp.server.lowlevel.server - INFO - [server.py:720] - Processing request of type CallToolRequest
2026-03-10 23:24:51,715 - mcp.server.lowlevel.server - DEBUG - [server.py:723] - Dispatching request of type CallToolRequest
2026-03-10 23:24:51,715 - UnrealMCP_Advanced - INFO - [unreal_mcp_server_advanced.py:147] - Connecting to Unreal at 127.0.0.1:55557 (attempt 1/4)...
2026-03-10 23:24:51,715 - UnrealMCP_Advanced - INFO - [unreal_mcp_server_advanced.py:154] - Successfully connected to Unreal Engine
2026-03-10 23:24:51,716 - UnrealMCP_Advanced - INFO - [unreal_mcp_server_advanced.py:362] - Sending command (attempt 1): delete_node
2026-03-10 23:24:51,716 - UnrealMCP_Advanced - DEBUG - [unreal_mcp_server_advanced.py:363] - Command payload: {"type": "delete_node", "params": {"blueprint_name": "/Game/FirstPerson/Blueprints/BP_PickUp_Rifle", "node_id": "K2Node_CallFunction_1"}}...
2026-03-10 23:24:51,816 - UnrealMCP_Advanced - INFO - [unreal_mcp_server_advanced.py:264] - Received complete response (124 bytes) for delete_node
2026-03-10 23:24:51,817 - UnrealMCP_Advanced - INFO - [unreal_mcp_server_advanced.py:380] - Command delete_node completed successfully
2026-03-10 23:24:51,817 - BlueprintGraph.NodeDeleter - ERROR - [node_deleter.py:63] - Failed to delete node: Unknown error
2026-03-10 23:24:51,822 - mcp.server.lowlevel.server - DEBUG - [server.py:790] - Response sent
2026-03-10 23:24:52,056 - mcp.server.lowlevel.server - DEBUG - [server.py:675] - Received message: <mcp.shared.session.RequestResponder object at 0x000001B6B6691130>
2026-03-10 23:24:52,056 - mcp.server.lowlevel.server - INFO - [server.py:720] - Processing request of type CallToolRequest
2026-03-10 23:24:52,056 - mcp.server.lowlevel.server - DEBUG - [server.py:723] - Dispatching request of type CallToolRequest
2026-03-10 23:24:52,056 - UnrealMCP_Advanced - INFO - [unreal_mcp_server_advanced.py:147] - Connecting to Unreal at 127.0.0.1:55557 (attempt 1/4)...
2026-03-10 23:24:52,066 - UnrealMCP_Advanced - INFO - [unreal_mcp_server_advanced.py:154] - Successfully connected to Unreal Engine
2026-03-10 23:24:52,067 - UnrealMCP_Advanced - INFO - [unreal_mcp_server_advanced.py:362] - Sending command (attempt 1): delete_node
2026-03-10 23:24:52,067 - UnrealMCP_Advanced - DEBUG - [unreal_mcp_server_advanced.py:363] - Command payload: {"type": "delete_node", "params": {"blueprint_name": "/Game/FirstPerson/Blueprints/BP_PickUp_Rifle", "node_id": "K2Node_DynamicCast_0"}}...
2026-03-10 23:24:52,150 - UnrealMCP_Advanced - INFO - [unreal_mcp_server_advanced.py:264] - Received complete response (124 bytes) for delete_node
2026-03-10 23:24:52,150 - UnrealMCP_Advanced - INFO - [unreal_mcp_server_advanced.py:380] - Command delete_node completed successfully
2026-03-10 23:24:52,151 - BlueprintGraph.NodeDeleter - ERROR - [node_deleter.py:63] - Failed to delete node: Unknown error
2026-03-10 23:24:52,152 - mcp.server.lowlevel.server - DEBUG - [server.py:790] - Response sent
2026-03-10 23:24:52,156 - mcp.server.lowlevel.server - DEBUG - [server.py:675] - Received message: <mcp.shared.session.RequestResponder object at 0x000001B6B6691590>
2026-03-10 23:24:52,156 - mcp.server.lowlevel.server - INFO - [server.py:720] - Processing request of type CallToolRequest
2026-03-10 23:24:52,156 - mcp.server.lowlevel.server - DEBUG - [server.py:723] - Dispatching request of type CallToolRequest
2026-03-10 23:24:52,156 - UnrealMCP_Advanced - INFO - [unreal_mcp_server_advanced.py:147] - Connecting to Unreal at 127.0.0.1:55557 (attempt 1/4)...
2026-03-10 23:24:52,157 - UnrealMCP_Advanced - INFO - [unreal_mcp_server_advanced.py:154] - Successfully connected to Unreal Engine
2026-03-10 23:24:52,157 - UnrealMCP_Advanced - INFO - [unreal_mcp_server_advanced.py:362] - Sending command (attempt 1): delete_node
2026-03-10 23:24:52,157 - UnrealMCP_Advanced - DEBUG - [unreal_mcp_server_advanced.py:363] - Command payload: {"type": "delete_node", "params": {"blueprint_name": "/Game/FirstPerson/Blueprints/BP_PickUp_Rifle", "node_id": "K2Node_VariableSet_0"}}...
2026-03-10 23:24:52,483 - UnrealMCP_Advanced - INFO - [unreal_mcp_server_advanced.py:264] - Received complete response (124 bytes) for delete_node
2026-03-10 23:24:52,484 - UnrealMCP_Advanced - INFO - [unreal_mcp_server_advanced.py:380] - Command delete_node completed successfully
2026-03-10 23:24:52,484 - BlueprintGraph.NodeDeleter - ERROR - [node_deleter.py:63] - Failed to delete node: Unknown error
2026-03-10 23:24:52,486 - mcp.server.lowlevel.server - DEBUG - [server.py:790] - Response sent
2026-03-10 23:45:36,290 - mcp.server.lowlevel.server - DEBUG - [server.py:675] - Received message: <mcp.shared.session.RequestResponder object at 0x000001B6B6691A90>
2026-03-10 23:45:36,290 - mcp.server.lowlevel.server - INFO - [server.py:720] - Processing request of type CallToolRequest
2026-03-10 23:45:36,290 - mcp.server.lowlevel.server - DEBUG - [server.py:723] - Dispatching request of type CallToolRequest
2026-03-10 23:45:36,291 - UnrealMCP_Advanced - INFO - [unreal_mcp_server_advanced.py:679] - Reading Blueprint content for: /Game/Blueprints/BP_FPSPlayer
2026-03-10 23:45:36,291 - UnrealMCP_Advanced - INFO - [unreal_mcp_server_advanced.py:147] - Connecting to Unreal at 127.0.0.1:55557 (attempt 1/4)...
2026-03-10 23:45:36,292 - UnrealMCP_Advanced - INFO - [unreal_mcp_server_advanced.py:154] - Successfully connected to Unreal Engine
2026-03-10 23:45:36,292 - UnrealMCP_Advanced - INFO - [unreal_mcp_server_advanced.py:362] - Sending command (attempt 1): read_blueprint_content
2026-03-10 23:45:36,292 - UnrealMCP_Advanced - DEBUG - [unreal_mcp_server_advanced.py:363] - Command payload: {"type": "read_blueprint_content", "params": {"blueprint_path": "/Game/Blueprints/BP_FPSPlayer", "include_event_graph": false, "include_functions": true, "include_variables": false, "include_components": false, "include_interfaces": true}}...
2026-03-10 23:45:36,603 - UnrealMCP_Advanced - INFO - [unreal_mcp_server_advanced.py:264] - Received complete response (435 bytes) for read_blueprint_content
2026-03-10 23:45:36,603 - UnrealMCP_Advanced - INFO - [unreal_mcp_server_advanced.py:380] - Command read_blueprint_content completed successfully
2026-03-10 23:45:36,606 - mcp.server.lowlevel.server - DEBUG - [server.py:790] - Response sent
2026-03-10 23:45:42,980 - mcp.server.lowlevel.server - DEBUG - [server.py:675] - Received message: <mcp.shared.session.RequestResponder object at 0x000001B6B66916D0>
2026-03-10 23:45:42,981 - mcp.server.lowlevel.server - INFO - [server.py:720] - Processing request of type CallToolRequest
2026-03-10 23:45:42,981 - mcp.server.lowlevel.server - DEBUG - [server.py:723] - Dispatching request of type CallToolRequest
2026-03-10 23:45:42,982 - UnrealMCP_Advanced - INFO - [unreal_mcp_server_advanced.py:818] - Getting Blueprint function details: /Game/Blueprints/BP_FPSPlayer
2026-03-10 23:45:42,982 - UnrealMCP_Advanced - INFO - [unreal_mcp_server_advanced.py:820] -   - Specific function: IF_GetLeftHandSocketTransform
2026-03-10 23:45:42,982 - UnrealMCP_Advanced - INFO - [unreal_mcp_server_advanced.py:147] - Connecting to Unreal at 127.0.0.1:55557 (attempt 1/4)...
2026-03-10 23:45:42,983 - UnrealMCP_Advanced - INFO - [unreal_mcp_server_advanced.py:154] - Successfully connected to Unreal Engine
2026-03-10 23:45:42,983 - UnrealMCP_Advanced - INFO - [unreal_mcp_server_advanced.py:362] - Sending command (attempt 1): get_blueprint_function_details
2026-03-10 23:45:42,983 - UnrealMCP_Advanced - DEBUG - [unreal_mcp_server_advanced.py:363] - Command payload: {"type": "get_blueprint_function_details", "params": {"blueprint_path": "/Game/Blueprints/BP_FPSPlayer", "function_name": "IF_GetLeftHandSocketTransform", "include_graph": true}}...
2026-03-10 23:45:43,271 - UnrealMCP_Advanced - INFO - [unreal_mcp_server_advanced.py:264] - Received complete response (88 bytes) for get_blueprint_function_details
2026-03-10 23:45:43,271 - UnrealMCP_Advanced - INFO - [unreal_mcp_server_advanced.py:380] - Command get_blueprint_function_details completed successfully
2026-03-10 23:45:43,271 - UnrealMCP_Advanced - WARNING - [unreal_mcp_server_advanced.py:385] - Unreal returned error: Function not found: IF_GetLeftHandSocketTransform
2026-03-10 23:45:43,272 - mcp.server.lowlevel.server - DEBUG - [server.py:790] - Response sent
2026-03-10 23:45:43,318 - mcp.server.lowlevel.server - DEBUG - [server.py:675] - Received message: <mcp.shared.session.RequestResponder object at 0x000001B6B66913B0>
2026-03-10 23:45:43,318 - mcp.server.lowlevel.server - INFO - [server.py:720] - Processing request of type CallToolRequest
2026-03-10 23:45:43,318 - mcp.server.lowlevel.server - DEBUG - [server.py:723] - Dispatching request of type CallToolRequest
2026-03-10 23:45:43,318 - UnrealMCP_Advanced - INFO - [unreal_mcp_server_advanced.py:818] - Getting Blueprint function details: /Game/Blueprints/BP_FPSPlayer
2026-03-10 23:45:43,318 - UnrealMCP_Advanced - INFO - [unreal_mcp_server_advanced.py:820] -   - Specific function: IF_GetHandSwayFloats
2026-03-10 23:45:43,318 - UnrealMCP_Advanced - INFO - [unreal_mcp_server_advanced.py:147] - Connecting to Unreal at 127.0.0.1:55557 (attempt 1/4)...
2026-03-10 23:45:43,319 - UnrealMCP_Advanced - INFO - [unreal_mcp_server_advanced.py:154] - Successfully connected to Unreal Engine
2026-03-10 23:45:43,319 - UnrealMCP_Advanced - INFO - [unreal_mcp_server_advanced.py:362] - Sending command (attempt 1): get_blueprint_function_details
2026-03-10 23:45:43,319 - UnrealMCP_Advanced - DEBUG - [unreal_mcp_server_advanced.py:363] - Command payload: {"type": "get_blueprint_function_details", "params": {"blueprint_path": "/Game/Blueprints/BP_FPSPlayer", "function_name": "IF_GetHandSwayFloats", "include_graph": true}}...
2026-03-10 23:45:43,599 - UnrealMCP_Advanced - INFO - [unreal_mcp_server_advanced.py:264] - Received complete response (79 bytes) for get_blueprint_function_details
2026-03-10 23:45:43,599 - UnrealMCP_Advanced - INFO - [unreal_mcp_server_advanced.py:380] - Command get_blueprint_function_details completed successfully
2026-03-10 23:45:43,599 - UnrealMCP_Advanced - WARNING - [unreal_mcp_server_advanced.py:385] - Unreal returned error: Function not found: IF_GetHandSwayFloats
2026-03-10 23:45:43,603 - mcp.server.lowlevel.server - DEBUG - [server.py:790] - Response sent
2026-03-10 23:46:08,273 - mcp.server.lowlevel.server - DEBUG - [server.py:675] - Received message: <mcp.shared.session.RequestResponder object at 0x000001B6B66914F0>
2026-03-10 23:46:08,274 - mcp.server.lowlevel.server - INFO - [server.py:720] - Processing request of type CallToolRequest
2026-03-10 23:46:08,274 - mcp.server.lowlevel.server - DEBUG - [server.py:723] - Dispatching request of type CallToolRequest
2026-03-10 23:46:08,274 - UnrealMCP_Advanced - INFO - [unreal_mcp_server_advanced.py:679] - Reading Blueprint content for: /Game/Blueprints/BP_FPSPlayer
2026-03-10 23:46:08,274 - UnrealMCP_Advanced - INFO - [unreal_mcp_server_advanced.py:147] - Connecting to Unreal at 127.0.0.1:55557 (attempt 1/4)...
2026-03-10 23:46:08,275 - UnrealMCP_Advanced - INFO - [unreal_mcp_server_advanced.py:154] - Successfully connected to Unreal Engine
2026-03-10 23:46:08,275 - UnrealMCP_Advanced - INFO - [unreal_mcp_server_advanced.py:362] - Sending command (attempt 1): read_blueprint_content
2026-03-10 23:46:08,275 - UnrealMCP_Advanced - DEBUG - [unreal_mcp_server_advanced.py:363] - Command payload: {"type": "read_blueprint_content", "params": {"blueprint_path": "/Game/Blueprints/BP_FPSPlayer", "include_event_graph": true, "include_functions": false, "include_variables": false, "include_components": false, "include_interfaces": false}}...
2026-03-10 23:46:08,609 - UnrealMCP_Advanced - INFO - [unreal_mcp_server_advanced.py:264] - Received complete response (762 bytes) for read_blueprint_content
2026-03-10 23:46:08,609 - UnrealMCP_Advanced - INFO - [unreal_mcp_server_advanced.py:380] - Command read_blueprint_content completed successfully
2026-03-10 23:46:08,612 - mcp.server.lowlevel.server - DEBUG - [server.py:790] - Response sent
2026-03-10 23:47:58,720 - mcp.server.lowlevel.server - DEBUG - [server.py:675] - Received message: <mcp.shared.session.RequestResponder object at 0x000001B6B1B04E10>
2026-03-10 23:47:58,720 - mcp.server.lowlevel.server - INFO - [server.py:720] - Processing request of type CallToolRequest
2026-03-10 23:47:58,720 - mcp.server.lowlevel.server - DEBUG - [server.py:723] - Dispatching request of type CallToolRequest
2026-03-10 23:47:58,723 - UnrealMCP_Advanced - INFO - [unreal_mcp_server_advanced.py:734] - Analyzing Blueprint graph: /Game/FPS/Migrate/ABP_Manny -> AnimGraph
2026-03-10 23:47:58,723 - UnrealMCP_Advanced - INFO - [unreal_mcp_server_advanced.py:147] - Connecting to Unreal at 127.0.0.1:55557 (attempt 1/4)...
2026-03-10 23:47:58,723 - UnrealMCP_Advanced - INFO - [unreal_mcp_server_advanced.py:154] - Successfully connected to Unreal Engine
2026-03-10 23:47:58,723 - UnrealMCP_Advanced - INFO - [unreal_mcp_server_advanced.py:362] - Sending command (attempt 1): analyze_blueprint_graph
2026-03-10 23:47:58,723 - UnrealMCP_Advanced - DEBUG - [unreal_mcp_server_advanced.py:363] - Command payload: {"type": "analyze_blueprint_graph", "params": {"blueprint_path": "/Game/FPS/Migrate/ABP_Manny", "graph_name": "AnimGraph", "include_node_details": true, "include_pin_connections": true, "trace_execution_flow": false}}...
2026-03-10 23:47:58,976 - UnrealMCP_Advanced - INFO - [unreal_mcp_server_advanced.py:264] - Received complete response (27978 bytes) for analyze_blueprint_graph
2026-03-10 23:47:58,976 - UnrealMCP_Advanced - INFO - [unreal_mcp_server_advanced.py:380] - Command analyze_blueprint_graph completed successfully
2026-03-10 23:47:58,979 - mcp.server.lowlevel.server - DEBUG - [server.py:790] - Response sent
2026-03-11 00:00:00,999 - mcp.server.lowlevel.server - DEBUG - [server.py:675] - Received message: <mcp.shared.session.RequestResponder object at 0x000001B6B6691770>
2026-03-11 00:00:00,999 - mcp.server.lowlevel.server - INFO - [server.py:720] - Processing request of type CallToolRequest
2026-03-11 00:00:00,999 - mcp.server.lowlevel.server - DEBUG - [server.py:723] - Dispatching request of type CallToolRequest
2026-03-11 00:00:01,000 - UnrealMCP_Advanced - INFO - [unreal_mcp_server_advanced.py:734] - Analyzing Blueprint graph: /Game/Characters/Mannequins/Animations/ABP_Manny -> EventGraph
2026-03-11 00:00:01,000 - UnrealMCP_Advanced - INFO - [unreal_mcp_server_advanced.py:147] - Connecting to Unreal at 127.0.0.1:55557 (attempt 1/4)...
2026-03-11 00:00:01,001 - UnrealMCP_Advanced - INFO - [unreal_mcp_server_advanced.py:154] - Successfully connected to Unreal Engine
2026-03-11 00:00:01,001 - UnrealMCP_Advanced - INFO - [unreal_mcp_server_advanced.py:362] - Sending command (attempt 1): analyze_blueprint_graph
2026-03-11 00:00:01,001 - UnrealMCP_Advanced - DEBUG - [unreal_mcp_server_advanced.py:363] - Command payload: {"type": "analyze_blueprint_graph", "params": {"blueprint_path": "/Game/Characters/Mannequins/Animations/ABP_Manny", "graph_name": "EventGraph", "include_node_details": true, "include_pin_connections": true, "trace_execution_flow": true}}...
2026-03-11 00:00:01,012 - UnrealMCP_Advanced - INFO - [unreal_mcp_server_advanced.py:264] - Received complete response (113 bytes) for analyze_blueprint_graph
2026-03-11 00:00:01,012 - UnrealMCP_Advanced - INFO - [unreal_mcp_server_advanced.py:380] - Command analyze_blueprint_graph completed successfully
2026-03-11 00:00:01,012 - UnrealMCP_Advanced - WARNING - [unreal_mcp_server_advanced.py:385] - Unreal returned error: Failed to load blueprint: /Game/Characters/Mannequins/Animations/ABP_Manny
2026-03-11 00:00:01,015 - mcp.server.lowlevel.server - DEBUG - [server.py:790] - Response sent
2026-03-11 00:00:03,904 - mcp.server.lowlevel.server - DEBUG - [server.py:675] - Received message: <mcp.shared.session.RequestResponder object at 0x000001B6B6691130>
2026-03-11 00:00:03,904 - mcp.server.lowlevel.server - INFO - [server.py:720] - Processing request of type CallToolRequest
2026-03-11 00:00:03,904 - mcp.server.lowlevel.server - DEBUG - [server.py:723] - Dispatching request of type CallToolRequest
2026-03-11 00:00:03,905 - UnrealMCP_Advanced - INFO - [unreal_mcp_server_advanced.py:734] - Analyzing Blueprint graph: /Game/ShootingAI/Characters/Mannequins/Animations/ABP_Manny -> EventGraph
2026-03-11 00:00:03,905 - UnrealMCP_Advanced - INFO - [unreal_mcp_server_advanced.py:147] - Connecting to Unreal at 127.0.0.1:55557 (attempt 1/4)...
2026-03-11 00:00:03,927 - UnrealMCP_Advanced - INFO - [unreal_mcp_server_advanced.py:154] - Successfully connected to Unreal Engine
2026-03-11 00:00:03,927 - UnrealMCP_Advanced - INFO - [unreal_mcp_server_advanced.py:362] - Sending command (attempt 1): analyze_blueprint_graph
2026-03-11 00:00:03,927 - UnrealMCP_Advanced - DEBUG - [unreal_mcp_server_advanced.py:363] - Command payload: {"type": "analyze_blueprint_graph", "params": {"blueprint_path": "/Game/ShootingAI/Characters/Mannequins/Animations/ABP_Manny", "graph_name": "EventGraph", "include_node_details": true, "include_pin_connections": true, "trace_execution_flow": true}}...
2026-03-11 00:00:33,940 - UnrealMCP_Advanced - WARNING - [unreal_mcp_server_advanced.py:314] - Command failed (attempt 1/4): Timeout after 30.0s waiting for response to analyze_blueprint_graph (received 0 bytes)
2026-03-11 00:00:33,940 - UnrealMCP_Advanced - DEBUG - [unreal_mcp_server_advanced.py:200] - Disconnected from Unreal Engine
2026-03-11 00:00:33,940 - UnrealMCP_Advanced - INFO - [unreal_mcp_server_advanced.py:321] - Retrying command in 0.5s...
2026-03-11 00:00:34,441 - UnrealMCP_Advanced - INFO - [unreal_mcp_server_advanced.py:147] - Connecting to Unreal at 127.0.0.1:55557 (attempt 1/4)...
2026-03-11 00:00:34,442 - UnrealMCP_Advanced - INFO - [unreal_mcp_server_advanced.py:154] - Successfully connected to Unreal Engine
2026-03-11 00:00:34,442 - UnrealMCP_Advanced - INFO - [unreal_mcp_server_advanced.py:362] - Sending command (attempt 2): analyze_blueprint_graph
2026-03-11 00:00:34,442 - UnrealMCP_Advanced - DEBUG - [unreal_mcp_server_advanced.py:363] - Command payload: {"type": "analyze_blueprint_graph", "params": {"blueprint_path": "/Game/ShootingAI/Characters/Mannequins/Animations/ABP_Manny", "graph_name": "EventGraph", "include_node_details": true, "include_pin_connections": true, "trace_execution_flow": true}}...
2026-03-11 00:00:34,702 - UnrealMCP_Advanced - INFO - [unreal_mcp_server_advanced.py:264] - Received complete response (27950 bytes) for analyze_blueprint_graph
2026-03-11 00:00:34,702 - UnrealMCP_Advanced - INFO - [unreal_mcp_server_advanced.py:380] - Command analyze_blueprint_graph completed successfully
2026-03-11 00:00:34,705 - mcp.server.lowlevel.server - DEBUG - [server.py:790] - Response sent
2026-03-11 00:01:12,738 - mcp.server.lowlevel.server - DEBUG - [server.py:675] - Received message: <mcp.shared.session.RequestResponder object at 0x000001B6B66919F0>
2026-03-11 00:01:12,738 - mcp.server.lowlevel.server - INFO - [server.py:720] - Processing request of type CallToolRequest
2026-03-11 00:01:12,738 - mcp.server.lowlevel.server - DEBUG - [server.py:723] - Dispatching request of type CallToolRequest
2026-03-11 00:01:12,738 - UnrealMCP_Advanced - INFO - [unreal_mcp_server_advanced.py:734] - Analyzing Blueprint graph: /Game/FPS/Migrate/ABP_Manny -> EventGraph
2026-03-11 00:01:12,739 - UnrealMCP_Advanced - INFO - [unreal_mcp_server_advanced.py:147] - Connecting to Unreal at 127.0.0.1:55557 (attempt 1/4)...
2026-03-11 00:01:12,739 - UnrealMCP_Advanced - INFO - [unreal_mcp_server_advanced.py:154] - Successfully connected to Unreal Engine
2026-03-11 00:01:12,739 - UnrealMCP_Advanced - INFO - [unreal_mcp_server_advanced.py:362] - Sending command (attempt 1): analyze_blueprint_graph
2026-03-11 00:01:12,739 - UnrealMCP_Advanced - DEBUG - [unreal_mcp_server_advanced.py:363] - Command payload: {"type": "analyze_blueprint_graph", "params": {"blueprint_path": "/Game/FPS/Migrate/ABP_Manny", "graph_name": "EventGraph", "include_node_details": true, "include_pin_connections": true, "trace_execution_flow": true}}...
2026-03-11 00:01:12,934 - UnrealMCP_Advanced - INFO - [unreal_mcp_server_advanced.py:264] - Received complete response (75601 bytes) for analyze_blueprint_graph
2026-03-11 00:01:12,934 - UnrealMCP_Advanced - INFO - [unreal_mcp_server_advanced.py:380] - Command analyze_blueprint_graph completed successfully
2026-03-11 00:01:12,938 - mcp.server.lowlevel.server - DEBUG - [server.py:790] - Response sent
2026-03-11 00:02:40,742 - mcp.server.lowlevel.server - DEBUG - [server.py:675] - Received message: <mcp.shared.session.RequestResponder object at 0x000001B6B6691130>
2026-03-11 00:02:40,743 - mcp.server.lowlevel.server - INFO - [server.py:720] - Processing request of type CallToolRequest
2026-03-11 00:02:40,743 - mcp.server.lowlevel.server - DEBUG - [server.py:723] - Dispatching request of type CallToolRequest
2026-03-11 00:02:40,743 - UnrealMCP_Advanced - INFO - [unreal_mcp_server_advanced.py:679] - Reading Blueprint content for: /Game/FPS/Migrate/ABP_Manny
2026-03-11 00:02:40,743 - UnrealMCP_Advanced - INFO - [unreal_mcp_server_advanced.py:147] - Connecting to Unreal at 127.0.0.1:55557 (attempt 1/4)...
2026-03-11 00:02:40,744 - UnrealMCP_Advanced - INFO - [unreal_mcp_server_advanced.py:154] - Successfully connected to Unreal Engine
2026-03-11 00:02:40,744 - UnrealMCP_Advanced - INFO - [unreal_mcp_server_advanced.py:362] - Sending command (attempt 1): read_blueprint_content
2026-03-11 00:02:40,744 - UnrealMCP_Advanced - DEBUG - [unreal_mcp_server_advanced.py:363] - Command payload: {"type": "read_blueprint_content", "params": {"blueprint_path": "/Game/FPS/Migrate/ABP_Manny", "include_event_graph": false, "include_functions": true, "include_variables": true, "include_components": false, "include_interfaces": true}}...
2026-03-11 00:02:40,796 - UnrealMCP_Advanced - INFO - [unreal_mcp_server_advanced.py:264] - Received complete response (2154 bytes) for read_blueprint_content
2026-03-11 00:02:40,796 - UnrealMCP_Advanced - INFO - [unreal_mcp_server_advanced.py:380] - Command read_blueprint_content completed successfully
2026-03-11 00:02:40,797 - mcp.server.lowlevel.server - DEBUG - [server.py:790] - Response sent
2026-03-11 00:02:46,949 - mcp.server.lowlevel.server - DEBUG - [server.py:675] - Received message: <mcp.shared.session.RequestResponder object at 0x000001B6B0FB0910>
2026-03-11 00:02:46,950 - mcp.server.lowlevel.server - INFO - [server.py:720] - Processing request of type CallToolRequest
2026-03-11 00:02:46,950 - mcp.server.lowlevel.server - DEBUG - [server.py:723] - Dispatching request of type CallToolRequest
2026-03-11 00:02:46,950 - UnrealMCP_Advanced - INFO - [unreal_mcp_server_advanced.py:734] - Analyzing Blueprint graph: /Game/FPS/Migrate/ABP_Manny -> AnimGraph
2026-03-11 00:02:46,950 - UnrealMCP_Advanced - INFO - [unreal_mcp_server_advanced.py:147] - Connecting to Unreal at 127.0.0.1:55557 (attempt 1/4)...
2026-03-11 00:02:46,950 - UnrealMCP_Advanced - INFO - [unreal_mcp_server_advanced.py:154] - Successfully connected to Unreal Engine
2026-03-11 00:02:46,950 - UnrealMCP_Advanced - INFO - [unreal_mcp_server_advanced.py:362] - Sending command (attempt 1): analyze_blueprint_graph
2026-03-11 00:02:46,951 - UnrealMCP_Advanced - DEBUG - [unreal_mcp_server_advanced.py:363] - Command payload: {"type": "analyze_blueprint_graph", "params": {"blueprint_path": "/Game/FPS/Migrate/ABP_Manny", "graph_name": "AnimGraph", "include_node_details": true, "include_pin_connections": true, "trace_execution_flow": true}}...
2026-03-11 00:02:47,029 - UnrealMCP_Advanced - INFO - [unreal_mcp_server_advanced.py:264] - Received complete response (27978 bytes) for analyze_blueprint_graph
2026-03-11 00:02:47,029 - UnrealMCP_Advanced - INFO - [unreal_mcp_server_advanced.py:380] - Command analyze_blueprint_graph completed successfully
2026-03-11 00:02:47,031 - mcp.server.lowlevel.server - DEBUG - [server.py:790] - Response sent
2026-03-11 00:03:48,666 - mcp.server.lowlevel.server - DEBUG - [server.py:675] - Received message: <mcp.shared.session.RequestResponder object at 0x000001B6B6691770>
2026-03-11 00:03:48,667 - mcp.server.lowlevel.server - INFO - [server.py:720] - Processing request of type CallToolRequest
2026-03-11 00:03:48,667 - mcp.server.lowlevel.server - DEBUG - [server.py:723] - Dispatching request of type CallToolRequest
2026-03-11 00:03:48,667 - UnrealMCP_Advanced - INFO - [unreal_mcp_server_advanced.py:734] - Analyzing Blueprint graph: /Game/FPS/Migrate/ABP_Manny -> Locomotion
2026-03-11 00:03:48,667 - UnrealMCP_Advanced - INFO - [unreal_mcp_server_advanced.py:147] - Connecting to Unreal at 127.0.0.1:55557 (attempt 1/4)...
2026-03-11 00:03:48,667 - UnrealMCP_Advanced - INFO - [unreal_mcp_server_advanced.py:154] - Successfully connected to Unreal Engine
2026-03-11 00:03:48,667 - UnrealMCP_Advanced - INFO - [unreal_mcp_server_advanced.py:362] - Sending command (attempt 1): analyze_blueprint_graph
2026-03-11 00:03:48,667 - UnrealMCP_Advanced - DEBUG - [unreal_mcp_server_advanced.py:363] - Command payload: {"type": "analyze_blueprint_graph", "params": {"blueprint_path": "/Game/FPS/Migrate/ABP_Manny", "graph_name": "Locomotion", "include_node_details": true, "include_pin_connections": true, "trace_execution_flow": true}}...
2026-03-11 00:03:48,726 - UnrealMCP_Advanced - INFO - [unreal_mcp_server_advanced.py:264] - Received complete response (66 bytes) for analyze_blueprint_graph
2026-03-11 00:03:48,727 - UnrealMCP_Advanced - INFO - [unreal_mcp_server_advanced.py:380] - Command analyze_blueprint_graph completed successfully
2026-03-11 00:03:48,727 - UnrealMCP_Advanced - WARNING - [unreal_mcp_server_advanced.py:385] - Unreal returned error: Graph not found: Locomotion
2026-03-11 00:03:48,729 - mcp.server.lowlevel.server - DEBUG - [server.py:790] - Response sent
2026-03-11 00:03:49,464 - mcp.server.lowlevel.server - DEBUG - [server.py:675] - Received message: <mcp.shared.session.RequestResponder object at 0x000001B6B66919F0>
2026-03-11 00:03:49,464 - mcp.server.lowlevel.server - INFO - [server.py:720] - Processing request of type CallToolRequest
2026-03-11 00:03:49,464 - mcp.server.lowlevel.server - DEBUG - [server.py:723] - Dispatching request of type CallToolRequest
2026-03-11 00:03:49,464 - UnrealMCP_Advanced - INFO - [unreal_mcp_server_advanced.py:734] - Analyzing Blueprint graph: /Game/FPS/Migrate/ABP_Manny -> Main States
2026-03-11 00:03:49,464 - UnrealMCP_Advanced - INFO - [unreal_mcp_server_advanced.py:147] - Connecting to Unreal at 127.0.0.1:55557 (attempt 1/4)...
2026-03-11 00:03:49,465 - UnrealMCP_Advanced - INFO - [unreal_mcp_server_advanced.py:154] - Successfully connected to Unreal Engine
2026-03-11 00:03:49,465 - UnrealMCP_Advanced - INFO - [unreal_mcp_server_advanced.py:362] - Sending command (attempt 1): analyze_blueprint_graph
2026-03-11 00:03:49,465 - UnrealMCP_Advanced - DEBUG - [unreal_mcp_server_advanced.py:363] - Command payload: {"type": "analyze_blueprint_graph", "params": {"blueprint_path": "/Game/FPS/Migrate/ABP_Manny", "graph_name": "Main States", "include_node_details": true, "include_pin_connections": true, "trace_execution_flow": true}}...
2026-03-11 00:03:49,539 - UnrealMCP_Advanced - INFO - [unreal_mcp_server_advanced.py:264] - Received complete response (67 bytes) for analyze_blueprint_graph
2026-03-11 00:03:49,540 - UnrealMCP_Advanced - INFO - [unreal_mcp_server_advanced.py:380] - Command analyze_blueprint_graph completed successfully
2026-03-11 00:03:49,540 - UnrealMCP_Advanced - WARNING - [unreal_mcp_server_advanced.py:385] - Unreal returned error: Graph not found: Main States
2026-03-11 00:03:49,541 - mcp.server.lowlevel.server - DEBUG - [server.py:790] - Response sent
2026-03-11 00:04:32,778 - mcp.server.lowlevel.server - DEBUG - [server.py:675] - Received message: <mcp.shared.session.RequestResponder object at 0x000001B6B6691A90>
2026-03-11 00:04:32,778 - mcp.server.lowlevel.server - INFO - [server.py:720] - Processing request of type CallToolRequest
2026-03-11 00:04:32,778 - mcp.server.lowlevel.server - DEBUG - [server.py:723] - Dispatching request of type CallToolRequest
2026-03-11 00:04:32,779 - UnrealMCP_Advanced - INFO - [unreal_mcp_server_advanced.py:734] - Analyzing Blueprint graph: /Game/FPS/Migrate/ABP_Manny -> Get Aim Rotation
2026-03-11 00:04:32,779 - UnrealMCP_Advanced - INFO - [unreal_mcp_server_advanced.py:147] - Connecting to Unreal at 127.0.0.1:55557 (attempt 1/4)...
2026-03-11 00:04:32,779 - UnrealMCP_Advanced - INFO - [unreal_mcp_server_advanced.py:154] - Successfully connected to Unreal Engine
2026-03-11 00:04:32,779 - UnrealMCP_Advanced - INFO - [unreal_mcp_server_advanced.py:362] - Sending command (attempt 1): analyze_blueprint_graph
2026-03-11 00:04:32,779 - UnrealMCP_Advanced - DEBUG - [unreal_mcp_server_advanced.py:363] - Command payload: {"type": "analyze_blueprint_graph", "params": {"blueprint_path": "/Game/FPS/Migrate/ABP_Manny", "graph_name": "Get Aim Rotation", "include_node_details": true, "include_pin_connections": true, "trace_execution_flow": true}}...
2026-03-11 00:04:33,004 - UnrealMCP_Advanced - INFO - [unreal_mcp_server_advanced.py:264] - Received complete response (11388 bytes) for analyze_blueprint_graph
2026-03-11 00:04:33,005 - UnrealMCP_Advanced - INFO - [unreal_mcp_server_advanced.py:380] - Command analyze_blueprint_graph completed successfully
2026-03-11 00:04:33,006 - mcp.server.lowlevel.server - DEBUG - [server.py:790] - Response sent
2026-03-11 00:05:19,573 - mcp.server.lowlevel.server - DEBUG - [server.py:675] - Received message: <mcp.shared.session.RequestResponder object at 0x000001B6B6691BD0>
2026-03-11 00:05:19,574 - mcp.server.lowlevel.server - INFO - [server.py:720] - Processing request of type CallToolRequest
2026-03-11 00:05:19,574 - mcp.server.lowlevel.server - DEBUG - [server.py:723] - Dispatching request of type CallToolRequest
2026-03-11 00:05:19,574 - UnrealMCP_Advanced - INFO - [unreal_mcp_server_advanced.py:734] - Analyzing Blueprint graph: /Game/FPS/Migrate/ABP_Manny -> SM_Locomotion
2026-03-11 00:05:19,574 - UnrealMCP_Advanced - INFO - [unreal_mcp_server_advanced.py:147] - Connecting to Unreal at 127.0.0.1:55557 (attempt 1/4)...
2026-03-11 00:05:19,574 - UnrealMCP_Advanced - INFO - [unreal_mcp_server_advanced.py:154] - Successfully connected to Unreal Engine
2026-03-11 00:05:19,574 - UnrealMCP_Advanced - INFO - [unreal_mcp_server_advanced.py:362] - Sending command (attempt 1): analyze_blueprint_graph
2026-03-11 00:05:19,574 - UnrealMCP_Advanced - DEBUG - [unreal_mcp_server_advanced.py:363] - Command payload: {"type": "analyze_blueprint_graph", "params": {"blueprint_path": "/Game/FPS/Migrate/ABP_Manny", "graph_name": "SM_Locomotion", "include_node_details": true, "include_pin_connections": true, "trace_execution_flow": true}}...
2026-03-11 00:05:19,763 - UnrealMCP_Advanced - INFO - [unreal_mcp_server_advanced.py:264] - Received complete response (69 bytes) for analyze_blueprint_graph
2026-03-11 00:05:19,763 - UnrealMCP_Advanced - INFO - [unreal_mcp_server_advanced.py:380] - Command analyze_blueprint_graph completed successfully
2026-03-11 00:05:19,763 - UnrealMCP_Advanced - WARNING - [unreal_mcp_server_advanced.py:385] - Unreal returned error: Graph not found: SM_Locomotion
2026-03-11 00:05:19,766 - mcp.server.lowlevel.server - DEBUG - [server.py:790] - Response sent
2026-03-11 00:05:19,793 - mcp.server.lowlevel.server - DEBUG - [server.py:675] - Received message: <mcp.shared.session.RequestResponder object at 0x000001B6B1AA5130>
2026-03-11 00:05:19,794 - mcp.server.lowlevel.server - INFO - [server.py:720] - Processing request of type CallToolRequest
2026-03-11 00:05:19,795 - mcp.server.lowlevel.server - DEBUG - [server.py:723] - Dispatching request of type CallToolRequest
2026-03-11 00:05:19,795 - UnrealMCP_Advanced - INFO - [unreal_mcp_server_advanced.py:734] - Analyzing Blueprint graph: /Game/FPS/Migrate/ABP_Manny -> Locomotion State Machine
2026-03-11 00:05:19,795 - UnrealMCP_Advanced - INFO - [unreal_mcp_server_advanced.py:147] - Connecting to Unreal at 127.0.0.1:55557 (attempt 1/4)...
2026-03-11 00:05:19,796 - UnrealMCP_Advanced - INFO - [unreal_mcp_server_advanced.py:154] - Successfully connected to Unreal Engine
2026-03-11 00:05:19,796 - UnrealMCP_Advanced - INFO - [unreal_mcp_server_advanced.py:362] - Sending command (attempt 1): analyze_blueprint_graph
2026-03-11 00:05:19,796 - UnrealMCP_Advanced - DEBUG - [unreal_mcp_server_advanced.py:363] - Command payload: {"type": "analyze_blueprint_graph", "params": {"blueprint_path": "/Game/FPS/Migrate/ABP_Manny", "graph_name": "Locomotion State Machine", "include_node_details": true, "include_pin_connections": true, "trace_execution_flow": true}}...
2026-03-11 00:05:20,099 - UnrealMCP_Advanced - INFO - [unreal_mcp_server_advanced.py:264] - Received complete response (80 bytes) for analyze_blueprint_graph
2026-03-11 00:05:20,099 - UnrealMCP_Advanced - INFO - [unreal_mcp_server_advanced.py:380] - Command analyze_blueprint_graph completed successfully
2026-03-11 00:05:20,099 - UnrealMCP_Advanced - WARNING - [unreal_mcp_server_advanced.py:385] - Unreal returned error: Graph not found: Locomotion State Machine
2026-03-11 00:05:20,101 - mcp.server.lowlevel.server - DEBUG - [server.py:790] - Response sent
2026-03-11 00:13:47,845 - mcp.server.lowlevel.server - DEBUG - [server.py:675] - Received message: <mcp.shared.session.RequestResponder object at 0x000001B6B6691810>
2026-03-11 00:13:47,845 - mcp.server.lowlevel.server - INFO - [server.py:720] - Processing request of type CallToolRequest
2026-03-11 00:13:47,845 - mcp.server.lowlevel.server - DEBUG - [server.py:723] - Dispatching request of type CallToolRequest
2026-03-11 00:13:47,845 - UnrealMCP_Advanced - INFO - [unreal_mcp_server_advanced.py:679] - Reading Blueprint content for: /Game/FPS/Characters/BP_FPSPlayer
2026-03-11 00:13:47,845 - UnrealMCP_Advanced - INFO - [unreal_mcp_server_advanced.py:147] - Connecting to Unreal at 127.0.0.1:55557 (attempt 1/4)...
2026-03-11 00:13:47,846 - UnrealMCP_Advanced - INFO - [unreal_mcp_server_advanced.py:154] - Successfully connected to Unreal Engine
2026-03-11 00:13:47,846 - UnrealMCP_Advanced - INFO - [unreal_mcp_server_advanced.py:362] - Sending command (attempt 1): read_blueprint_content
2026-03-11 00:13:47,846 - UnrealMCP_Advanced - DEBUG - [unreal_mcp_server_advanced.py:363] - Command payload: {"type": "read_blueprint_content", "params": {"blueprint_path": "/Game/FPS/Characters/BP_FPSPlayer", "include_event_graph": true, "include_functions": true, "include_variables": true, "include_components": true, "include_interfaces": true}}...
2026-03-11 00:13:48,194 - UnrealMCP_Advanced - INFO - [unreal_mcp_server_advanced.py:264] - Received complete response (98 bytes) for read_blueprint_content
2026-03-11 00:13:48,194 - UnrealMCP_Advanced - INFO - [unreal_mcp_server_advanced.py:380] - Command read_blueprint_content completed successfully
2026-03-11 00:13:48,194 - UnrealMCP_Advanced - WARNING - [unreal_mcp_server_advanced.py:385] - Unreal returned error: Failed to load blueprint: /Game/FPS/Characters/BP_FPSPlayer
2026-03-11 00:13:48,196 - mcp.server.lowlevel.server - DEBUG - [server.py:790] - Response sent
2026-03-11 00:14:01,783 - mcp.server.lowlevel.server - DEBUG - [server.py:675] - Received message: <mcp.shared.session.RequestResponder object at 0x000001B6B66914F0>
2026-03-11 00:14:01,783 - mcp.server.lowlevel.server - INFO - [server.py:720] - Processing request of type CallToolRequest
2026-03-11 00:14:01,783 - mcp.server.lowlevel.server - DEBUG - [server.py:723] - Dispatching request of type CallToolRequest
2026-03-11 00:14:01,783 - UnrealMCP_Advanced - INFO - [unreal_mcp_server_advanced.py:679] - Reading Blueprint content for: /Game/Blueprints/BP_FPSPlayer
2026-03-11 00:14:01,783 - UnrealMCP_Advanced - INFO - [unreal_mcp_server_advanced.py:147] - Connecting to Unreal at 127.0.0.1:55557 (attempt 1/4)...
2026-03-11 00:14:01,804 - UnrealMCP_Advanced - INFO - [unreal_mcp_server_advanced.py:154] - Successfully connected to Unreal Engine
2026-03-11 00:14:01,804 - UnrealMCP_Advanced - INFO - [unreal_mcp_server_advanced.py:362] - Sending command (attempt 1): read_blueprint_content
2026-03-11 00:14:01,804 - UnrealMCP_Advanced - DEBUG - [unreal_mcp_server_advanced.py:363] - Command payload: {"type": "read_blueprint_content", "params": {"blueprint_path": "/Game/Blueprints/BP_FPSPlayer", "include_event_graph": true, "include_functions": true, "include_variables": true, "include_components": true, "include_interfaces": true}}...
2026-03-11 00:14:02,196 - UnrealMCP_Advanced - INFO - [unreal_mcp_server_advanced.py:264] - Received complete response (3343 bytes) for read_blueprint_content
2026-03-11 00:14:02,196 - UnrealMCP_Advanced - INFO - [unreal_mcp_server_advanced.py:380] - Command read_blueprint_content completed successfully
2026-03-11 00:14:02,200 - mcp.server.lowlevel.server - DEBUG - [server.py:790] - Response sent
2026-03-11 00:15:31,071 - mcp.server.lowlevel.server - DEBUG - [server.py:675] - Received message: <mcp.shared.session.RequestResponder object at 0x000001B6B6691130>
2026-03-11 00:15:31,072 - mcp.server.lowlevel.server - INFO - [server.py:720] - Processing request of type CallToolRequest
2026-03-11 00:15:31,072 - mcp.server.lowlevel.server - DEBUG - [server.py:723] - Dispatching request of type CallToolRequest
2026-03-11 00:15:31,072 - UnrealMCP_Advanced - INFO - [unreal_mcp_server_advanced.py:734] - Analyzing Blueprint graph: /Game/Blueprints/BP_FPSPlayer -> EventGraph
2026-03-11 00:15:31,072 - UnrealMCP_Advanced - INFO - [unreal_mcp_server_advanced.py:147] - Connecting to Unreal at 127.0.0.1:55557 (attempt 1/4)...
2026-03-11 00:15:31,072 - UnrealMCP_Advanced - INFO - [unreal_mcp_server_advanced.py:154] - Successfully connected to Unreal Engine
2026-03-11 00:15:31,072 - UnrealMCP_Advanced - INFO - [unreal_mcp_server_advanced.py:362] - Sending command (attempt 1): analyze_blueprint_graph
2026-03-11 00:15:31,072 - UnrealMCP_Advanced - DEBUG - [unreal_mcp_server_advanced.py:363] - Command payload: {"type": "analyze_blueprint_graph", "params": {"blueprint_path": "/Game/Blueprints/BP_FPSPlayer", "graph_name": "EventGraph", "include_node_details": true, "include_pin_connections": true, "trace_execution_flow": true}}...
2026-03-11 00:15:31,251 - UnrealMCP_Advanced - INFO - [unreal_mcp_server_advanced.py:264] - Received complete response (14737 bytes) for analyze_blueprint_graph
2026-03-11 00:15:31,252 - UnrealMCP_Advanced - INFO - [unreal_mcp_server_advanced.py:380] - Command analyze_blueprint_graph completed successfully
2026-03-11 00:15:31,256 - mcp.server.lowlevel.server - DEBUG - [server.py:790] - Response sent
2026-03-11 00:19:37,379 - mcp.server.lowlevel.server - DEBUG - [server.py:675] - Received message: <mcp.shared.session.RequestResponder object at 0x000001B6B66916D0>
2026-03-11 00:19:37,379 - mcp.server.lowlevel.server - INFO - [server.py:720] - Processing request of type CallToolRequest
2026-03-11 00:19:37,379 - mcp.server.lowlevel.server - DEBUG - [server.py:723] - Dispatching request of type CallToolRequest
2026-03-11 00:19:37,380 - UnrealMCP_Advanced - INFO - [unreal_mcp_server_advanced.py:147] - Connecting to Unreal at 127.0.0.1:55557 (attempt 1/4)...
2026-03-11 00:19:37,381 - UnrealMCP_Advanced - INFO - [unreal_mcp_server_advanced.py:154] - Successfully connected to Unreal Engine
2026-03-11 00:19:37,381 - UnrealMCP_Advanced - INFO - [unreal_mcp_server_advanced.py:362] - Sending command (attempt 1): create_variable
2026-03-11 00:19:37,381 - UnrealMCP_Advanced - DEBUG - [unreal_mcp_server_advanced.py:363] - Command payload: {"type": "create_variable", "params": {"blueprint_name": "ABP_Manny", "variable_name": "HasWeapon", "variable_type": "bool", "default_value": false, "is_public": true, "tooltip": "True when character has an active weapon equipped", "category": "Weapon"}}...
2026-03-11 00:19:37,704 - UnrealMCP_Advanced - INFO - [unreal_mcp_server_advanced.py:264] - Received complete response (58 bytes) for create_variable
2026-03-11 00:19:37,704 - UnrealMCP_Advanced - INFO - [unreal_mcp_server_advanced.py:380] - Command create_variable completed successfully
2026-03-11 00:19:37,704 - UnrealMCP_Advanced - WARNING - [unreal_mcp_server_advanced.py:385] - Unreal returned error: Blueprint not found
2026-03-11 00:19:37,705 - BlueprintGraph.VariableManager - ERROR - [variable_manager.py:79] - Failed to create variable: Blueprint not found
2026-03-11 00:19:37,706 - mcp.server.lowlevel.server - DEBUG - [server.py:790] - Response sent
2026-03-11 00:19:37,809 - mcp.server.lowlevel.server - DEBUG - [server.py:675] - Received message: <mcp.shared.session.RequestResponder object at 0x000001B6B1AA5130>
2026-03-11 00:19:37,809 - mcp.server.lowlevel.server - INFO - [server.py:720] - Processing request of type CallToolRequest
2026-03-11 00:19:37,809 - mcp.server.lowlevel.server - DEBUG - [server.py:723] - Dispatching request of type CallToolRequest
2026-03-11 00:19:37,811 - UnrealMCP_Advanced - INFO - [unreal_mcp_server_advanced.py:147] - Connecting to Unreal at 127.0.0.1:55557 (attempt 1/4)...
2026-03-11 00:19:37,811 - UnrealMCP_Advanced - INFO - [unreal_mcp_server_advanced.py:154] - Successfully connected to Unreal Engine
2026-03-11 00:19:37,812 - UnrealMCP_Advanced - INFO - [unreal_mcp_server_advanced.py:362] - Sending command (attempt 1): create_function
2026-03-11 00:19:37,812 - UnrealMCP_Advanced - DEBUG - [unreal_mcp_server_advanced.py:363] - Command payload: {"type": "create_function", "params": {"blueprint_name": "BP_FPSPlayer", "function_name": "UpdateWeaponDisplay", "return_type": "void"}}...
2026-03-11 00:19:38,037 - UnrealMCP_Advanced - INFO - [unreal_mcp_server_advanced.py:264] - Received complete response (72 bytes) for create_function
2026-03-11 00:19:38,037 - UnrealMCP_Advanced - INFO - [unreal_mcp_server_advanced.py:380] - Command create_function completed successfully
2026-03-11 00:19:38,037 - UnrealMCP_Advanced - WARNING - [unreal_mcp_server_advanced.py:385] - Unreal returned error: Blueprint not found: BP_FPSPlayer
2026-03-11 00:19:38,038 - mcp.server.lowlevel.server - DEBUG - [server.py:790] - Response sent
2026-03-11 00:19:53,041 - mcp.server.lowlevel.server - DEBUG - [server.py:675] - Received message: <mcp.shared.session.RequestResponder object at 0x000001B6B6691810>
2026-03-11 00:19:53,041 - mcp.server.lowlevel.server - INFO - [server.py:720] - Processing request of type CallToolRequest
2026-03-11 00:19:53,041 - mcp.server.lowlevel.server - DEBUG - [server.py:723] - Dispatching request of type CallToolRequest
2026-03-11 00:19:53,042 - UnrealMCP_Advanced - INFO - [unreal_mcp_server_advanced.py:147] - Connecting to Unreal at 127.0.0.1:55557 (attempt 1/4)...
2026-03-11 00:19:53,042 - UnrealMCP_Advanced - INFO - [unreal_mcp_server_advanced.py:154] - Successfully connected to Unreal Engine
2026-03-11 00:19:53,043 - UnrealMCP_Advanced - INFO - [unreal_mcp_server_advanced.py:362] - Sending command (attempt 1): create_variable
2026-03-11 00:19:53,043 - UnrealMCP_Advanced - DEBUG - [unreal_mcp_server_advanced.py:363] - Command payload: {"type": "create_variable", "params": {"blueprint_name": "/Game/FPS/Migrate/ABP_Manny", "variable_name": "HasWeapon", "variable_type": "bool", "default_value": false, "is_public": true, "category": "Weapon"}}...
2026-03-11 00:19:53,869 - UnrealMCP_Advanced - INFO - [unreal_mcp_server_advanced.py:264] - Received complete response (185 bytes) for create_variable
2026-03-11 00:19:53,869 - UnrealMCP_Advanced - INFO - [unreal_mcp_server_advanced.py:380] - Command create_variable completed successfully
2026-03-11 00:19:53,869 - BlueprintGraph.VariableManager - ERROR - [variable_manager.py:79] - Failed to create variable: Unknown error
2026-03-11 00:19:53,871 - mcp.server.lowlevel.server - DEBUG - [server.py:790] - Response sent
2026-03-11 00:19:53,876 - mcp.server.lowlevel.server - DEBUG - [server.py:675] - Received message: <mcp.shared.session.RequestResponder object at 0x000001B6B6691130>
2026-03-11 00:19:53,876 - mcp.server.lowlevel.server - INFO - [server.py:720] - Processing request of type CallToolRequest
2026-03-11 00:19:53,876 - mcp.server.lowlevel.server - DEBUG - [server.py:723] - Dispatching request of type CallToolRequest
2026-03-11 00:19:53,877 - UnrealMCP_Advanced - INFO - [unreal_mcp_server_advanced.py:147] - Connecting to Unreal at 127.0.0.1:55557 (attempt 1/4)...
2026-03-11 00:19:53,891 - UnrealMCP_Advanced - INFO - [unreal_mcp_server_advanced.py:154] - Successfully connected to Unreal Engine
2026-03-11 00:19:53,891 - UnrealMCP_Advanced - INFO - [unreal_mcp_server_advanced.py:362] - Sending command (attempt 1): create_function
2026-03-11 00:19:53,891 - UnrealMCP_Advanced - DEBUG - [unreal_mcp_server_advanced.py:363] - Command payload: {"type": "create_function", "params": {"blueprint_name": "/Game/Blueprints/BP_FPSPlayer", "function_name": "UpdateWeaponDisplay", "return_type": "void"}}...
2026-03-11 00:19:54,313 - UnrealMCP_Advanced - INFO - [unreal_mcp_server_advanced.py:264] - Received complete response (147 bytes) for create_function
2026-03-11 00:19:54,313 - UnrealMCP_Advanced - INFO - [unreal_mcp_server_advanced.py:380] - Command create_function completed successfully
2026-03-11 00:19:54,315 - mcp.server.lowlevel.server - DEBUG - [server.py:790] - Response sent
2026-03-11 00:20:08,451 - mcp.server.lowlevel.server - DEBUG - [server.py:675] - Received message: <mcp.shared.session.RequestResponder object at 0x000001B6B6691770>
2026-03-11 00:20:08,451 - mcp.server.lowlevel.server - INFO - [server.py:720] - Processing request of type CallToolRequest
2026-03-11 00:20:08,451 - mcp.server.lowlevel.server - DEBUG - [server.py:723] - Dispatching request of type CallToolRequest
2026-03-11 00:20:08,454 - UnrealMCP_Advanced - INFO - [unreal_mcp_server_advanced.py:147] - Connecting to Unreal at 127.0.0.1:55557 (attempt 1/4)...
2026-03-11 00:20:08,454 - UnrealMCP_Advanced - INFO - [unreal_mcp_server_advanced.py:154] - Successfully connected to Unreal Engine
2026-03-11 00:20:08,455 - UnrealMCP_Advanced - INFO - [unreal_mcp_server_advanced.py:362] - Sending command (attempt 1): add_blueprint_node
2026-03-11 00:20:08,455 - UnrealMCP_Advanced - DEBUG - [unreal_mcp_server_advanced.py:363] - Command payload: {"type": "add_blueprint_node", "params": {"blueprint_name": "/Game/FPS/Migrate/ABP_Manny", "node_type": "VariableGet", "node_params": {"pos_x": 3200.0, "pos_y": 1100.0, "event_type": "BeginPlay", "variable_name": "Character"}}}...
2026-03-11 00:20:08,550 - UnrealMCP_Advanced - INFO - [unreal_mcp_server_advanced.py:264] - Received complete response (171 bytes) for add_blueprint_node
2026-03-11 00:20:08,551 - UnrealMCP_Advanced - INFO - [unreal_mcp_server_advanced.py:380] - Command add_blueprint_node completed successfully
2026-03-11 00:20:08,551 - BlueprintGraph.NodeManager - ERROR - [node_manager.py:71] - Failed to add node: Unknown error
2026-03-11 00:20:08,552 - mcp.server.lowlevel.server - DEBUG - [server.py:790] - Response sent
2026-03-11 00:20:09,210 - mcp.server.lowlevel.server - DEBUG - [server.py:675] - Received message: <mcp.shared.session.RequestResponder object at 0x000001B6B66914F0>
2026-03-11 00:20:09,210 - mcp.server.lowlevel.server - INFO - [server.py:720] - Processing request of type CallToolRequest
2026-03-11 00:20:09,210 - mcp.server.lowlevel.server - DEBUG - [server.py:723] - Dispatching request of type CallToolRequest
2026-03-11 00:20:09,211 - UnrealMCP_Advanced - INFO - [unreal_mcp_server_advanced.py:147] - Connecting to Unreal at 127.0.0.1:55557 (attempt 1/4)...
2026-03-11 00:20:09,211 - UnrealMCP_Advanced - INFO - [unreal_mcp_server_advanced.py:154] - Successfully connected to Unreal Engine
2026-03-11 00:20:09,211 - UnrealMCP_Advanced - INFO - [unreal_mcp_server_advanced.py:362] - Sending command (attempt 1): add_blueprint_node
2026-03-11 00:20:09,211 - UnrealMCP_Advanced - DEBUG - [unreal_mcp_server_advanced.py:363] - Command payload: {"type": "add_blueprint_node", "params": {"blueprint_name": "/Game/FPS/Migrate/ABP_Manny", "node_type": "DynamicCast", "node_params": {"pos_x": 3430.0, "pos_y": 1050.0, "event_type": "BeginPlay"}}}...
2026-03-11 00:20:09,552 - UnrealMCP_Advanced - INFO - [unreal_mcp_server_advanced.py:264] - Received complete response (171 bytes) for add_blueprint_node
2026-03-11 00:20:09,553 - UnrealMCP_Advanced - INFO - [unreal_mcp_server_advanced.py:380] - Command add_blueprint_node completed successfully
2026-03-11 00:20:09,553 - BlueprintGraph.NodeManager - ERROR - [node_manager.py:71] - Failed to add node: Unknown error
2026-03-11 00:20:09,555 - mcp.server.lowlevel.server - DEBUG - [server.py:790] - Response sent
2026-03-11 00:20:10,076 - mcp.server.lowlevel.server - DEBUG - [server.py:675] - Received message: <mcp.shared.session.RequestResponder object at 0x000001B6B6691770>
2026-03-11 00:20:10,076 - mcp.server.lowlevel.server - INFO - [server.py:720] - Processing request of type CallToolRequest
2026-03-11 00:20:10,076 - mcp.server.lowlevel.server - DEBUG - [server.py:723] - Dispatching request of type CallToolRequest
2026-03-11 00:20:10,076 - UnrealMCP_Advanced - INFO - [unreal_mcp_server_advanced.py:147] - Connecting to Unreal at 127.0.0.1:55557 (attempt 1/4)...
2026-03-11 00:20:10,076 - UnrealMCP_Advanced - INFO - [unreal_mcp_server_advanced.py:154] - Successfully connected to Unreal Engine
2026-03-11 00:20:10,077 - UnrealMCP_Advanced - INFO - [unreal_mcp_server_advanced.py:362] - Sending command (attempt 1): add_blueprint_node
2026-03-11 00:20:10,077 - UnrealMCP_Advanced - DEBUG - [unreal_mcp_server_advanced.py:363] - Command payload: {"type": "add_blueprint_node", "params": {"blueprint_name": "/Game/FPS/Migrate/ABP_Manny", "node_type": "CallFunction", "node_params": {"pos_x": 3700.0, "pos_y": 1050.0, "event_type": "BeginPlay", "target_function": "GetCurrentWeapon"}}}...
2026-03-11 00:20:10,216 - UnrealMCP_Advanced - INFO - [unreal_mcp_server_advanced.py:264] - Received complete response (73 bytes) for add_blueprint_node
2026-03-11 00:20:10,216 - UnrealMCP_Advanced - INFO - [unreal_mcp_server_advanced.py:380] - Command add_blueprint_node completed successfully
2026-03-11 00:20:10,216 - UnrealMCP_Advanced - WARNING - [unreal_mcp_server_advanced.py:385] - Unreal returned error: Failed to create CallFunction node
2026-03-11 00:20:10,216 - BlueprintGraph.NodeManager - ERROR - [node_manager.py:71] - Failed to add node: Failed to create CallFunction node
2026-03-11 00:20:10,218 - mcp.server.lowlevel.server - DEBUG - [server.py:790] - Response sent
2026-03-11 00:20:11,221 - mcp.server.lowlevel.server - DEBUG - [server.py:675] - Received message: <mcp.shared.session.RequestResponder object at 0x000001B6B66913B0>
2026-03-11 00:20:11,221 - mcp.server.lowlevel.server - INFO - [server.py:720] - Processing request of type CallToolRequest
2026-03-11 00:20:11,222 - mcp.server.lowlevel.server - DEBUG - [server.py:723] - Dispatching request of type CallToolRequest
2026-03-11 00:20:11,222 - UnrealMCP_Advanced - INFO - [unreal_mcp_server_advanced.py:147] - Connecting to Unreal at 127.0.0.1:55557 (attempt 1/4)...
2026-03-11 00:20:11,222 - UnrealMCP_Advanced - INFO - [unreal_mcp_server_advanced.py:154] - Successfully connected to Unreal Engine
2026-03-11 00:20:11,222 - UnrealMCP_Advanced - INFO - [unreal_mcp_server_advanced.py:362] - Sending command (attempt 1): add_blueprint_node
2026-03-11 00:20:11,222 - UnrealMCP_Advanced - DEBUG - [unreal_mcp_server_advanced.py:363] - Command payload: {"type": "add_blueprint_node", "params": {"blueprint_name": "/Game/FPS/Migrate/ABP_Manny", "node_type": "CallFunction", "node_params": {"pos_x": 3900.0, "pos_y": 1050.0, "event_type": "BeginPlay", "target_function": "IsValid"}}}...
2026-03-11 00:20:11,555 - UnrealMCP_Advanced - INFO - [unreal_mcp_server_advanced.py:264] - Received complete response (174 bytes) for add_blueprint_node
2026-03-11 00:20:11,555 - UnrealMCP_Advanced - INFO - [unreal_mcp_server_advanced.py:380] - Command add_blueprint_node completed successfully
2026-03-11 00:20:11,556 - BlueprintGraph.NodeManager - ERROR - [node_manager.py:71] - Failed to add node: Unknown error
2026-03-11 00:20:11,557 - mcp.server.lowlevel.server - DEBUG - [server.py:790] - Response sent
2026-03-11 00:20:11,703 - mcp.server.lowlevel.server - DEBUG - [server.py:675] - Received message: <mcp.shared.session.RequestResponder object at 0x000001B6B6691270>
2026-03-11 00:20:11,703 - mcp.server.lowlevel.server - INFO - [server.py:720] - Processing request of type CallToolRequest
2026-03-11 00:20:11,704 - mcp.server.lowlevel.server - DEBUG - [server.py:723] - Dispatching request of type CallToolRequest
2026-03-11 00:20:11,704 - UnrealMCP_Advanced - INFO - [unreal_mcp_server_advanced.py:147] - Connecting to Unreal at 127.0.0.1:55557 (attempt 1/4)...
2026-03-11 00:20:11,704 - UnrealMCP_Advanced - INFO - [unreal_mcp_server_advanced.py:154] - Successfully connected to Unreal Engine
2026-03-11 00:20:11,704 - UnrealMCP_Advanced - INFO - [unreal_mcp_server_advanced.py:362] - Sending command (attempt 1): add_blueprint_node
2026-03-11 00:20:11,704 - UnrealMCP_Advanced - DEBUG - [unreal_mcp_server_advanced.py:363] - Command payload: {"type": "add_blueprint_node", "params": {"blueprint_name": "/Game/FPS/Migrate/ABP_Manny", "node_type": "VariableSet", "node_params": {"pos_x": 4100.0, "pos_y": 1050.0, "event_type": "BeginPlay", "variable_name": "HasWeapon"}}}...
2026-03-11 00:20:11,928 - UnrealMCP_Advanced - INFO - [unreal_mcp_server_advanced.py:264] - Received complete response (171 bytes) for add_blueprint_node
2026-03-11 00:20:11,928 - UnrealMCP_Advanced - INFO - [unreal_mcp_server_advanced.py:380] - Command add_blueprint_node completed successfully
2026-03-11 00:20:11,928 - BlueprintGraph.NodeManager - ERROR - [node_manager.py:71] - Failed to add node: Unknown error
2026-03-11 00:20:11,929 - mcp.server.lowlevel.server - DEBUG - [server.py:790] - Response sent
2026-03-11 00:20:19,314 - mcp.server.lowlevel.server - DEBUG - [server.py:675] - Received message: <mcp.shared.session.RequestResponder object at 0x000001B6B6691A90>
2026-03-11 00:20:19,314 - mcp.server.lowlevel.server - INFO - [server.py:720] - Processing request of type CallToolRequest
2026-03-11 00:20:19,314 - mcp.server.lowlevel.server - DEBUG - [server.py:723] - Dispatching request of type CallToolRequest
2026-03-11 00:20:19,315 - BlueprintGraph.NodeProperties - DEBUG - [node_properties.py:332] - Performing semantic action 'set_cast_target' on node 'K2Node_DynamicCast_0' in /Game/FPS/Migrate/ABP_Manny
2026-03-11 00:20:19,315 - UnrealMCP_Advanced - INFO - [unreal_mcp_server_advanced.py:147] - Connecting to Unreal at 127.0.0.1:55557 (attempt 1/4)...
2026-03-11 00:20:19,316 - UnrealMCP_Advanced - INFO - [unreal_mcp_server_advanced.py:154] - Successfully connected to Unreal Engine
2026-03-11 00:20:19,316 - UnrealMCP_Advanced - INFO - [unreal_mcp_server_advanced.py:362] - Sending command (attempt 1): set_node_property
2026-03-11 00:20:19,316 - UnrealMCP_Advanced - DEBUG - [unreal_mcp_server_advanced.py:363] - Command payload: {"type": "set_node_property", "params": {"blueprint_name": "/Game/FPS/Migrate/ABP_Manny", "node_id": "K2Node_DynamicCast_0", "action": "set_cast_target", "target_type": "FPSCharacter"}}...
2026-03-11 00:20:19,552 - UnrealMCP_Advanced - INFO - [unreal_mcp_server_advanced.py:264] - Received complete response (70 bytes) for set_node_property
2026-03-11 00:20:19,552 - UnrealMCP_Advanced - INFO - [unreal_mcp_server_advanced.py:380] - Command set_node_property completed successfully
2026-03-11 00:20:19,552 - UnrealMCP_Advanced - WARNING - [unreal_mcp_server_advanced.py:385] - Unreal returned error: Unknown action: set_cast_target
2026-03-11 00:20:19,552 - BlueprintGraph.NodeProperties - ERROR - [node_properties.py:358] - Failed to modify node: Unknown action: set_cast_target
2026-03-11 00:20:19,554 - mcp.server.lowlevel.server - DEBUG - [server.py:790] - Response sent
2026-03-11 00:20:20,565 - mcp.server.lowlevel.server - DEBUG - [server.py:675] - Received message: <mcp.shared.session.RequestResponder object at 0x000001B6B6691770>
2026-03-11 00:20:20,565 - mcp.server.lowlevel.server - INFO - [server.py:720] - Processing request of type CallToolRequest
2026-03-11 00:20:20,565 - mcp.server.lowlevel.server - DEBUG - [server.py:723] - Dispatching request of type CallToolRequest
2026-03-11 00:20:20,565 - UnrealMCP_Advanced - INFO - [unreal_mcp_server_advanced.py:147] - Connecting to Unreal at 127.0.0.1:55557 (attempt 1/4)...
2026-03-11 00:20:20,585 - UnrealMCP_Advanced - INFO - [unreal_mcp_server_advanced.py:154] - Successfully connected to Unreal Engine
2026-03-11 00:20:20,585 - UnrealMCP_Advanced - INFO - [unreal_mcp_server_advanced.py:362] - Sending command (attempt 1): add_blueprint_node
2026-03-11 00:20:20,585 - UnrealMCP_Advanced - DEBUG - [unreal_mcp_server_advanced.py:363] - Command payload: {"type": "add_blueprint_node", "params": {"blueprint_name": "/Game/FPS/Migrate/ABP_Manny", "node_type": "CallFunction", "node_params": {"pos_x": 3700.0, "pos_y": 1050.0, "event_type": "BeginPlay", "target_function": "GetCurrentWeapon", "target_blueprint": "/Game/Blueprints/BP_FPSPlayer"}}}...
2026-03-11 00:20:20,886 - UnrealMCP_Advanced - INFO - [unreal_mcp_server_advanced.py:264] - Received complete response (73 bytes) for add_blueprint_node
2026-03-11 00:20:20,886 - UnrealMCP_Advanced - INFO - [unreal_mcp_server_advanced.py:380] - Command add_blueprint_node completed successfully
2026-03-11 00:20:20,886 - UnrealMCP_Advanced - WARNING - [unreal_mcp_server_advanced.py:385] - Unreal returned error: Failed to create CallFunction node
2026-03-11 00:20:20,886 - BlueprintGraph.NodeManager - ERROR - [node_manager.py:71] - Failed to add node: Failed to create CallFunction node
2026-03-11 00:20:20,887 - mcp.server.lowlevel.server - DEBUG - [server.py:790] - Response sent
2026-03-11 00:20:22,199 - mcp.server.lowlevel.server - DEBUG - [server.py:675] - Received message: <mcp.shared.session.RequestResponder object at 0x000001B6B6691130>
2026-03-11 00:20:22,199 - mcp.server.lowlevel.server - INFO - [server.py:720] - Processing request of type CallToolRequest
2026-03-11 00:20:22,199 - mcp.server.lowlevel.server - DEBUG - [server.py:723] - Dispatching request of type CallToolRequest
2026-03-11 00:20:22,200 - UnrealMCP_Advanced - INFO - [unreal_mcp_server_advanced.py:147] - Connecting to Unreal at 127.0.0.1:55557 (attempt 1/4)...
2026-03-11 00:20:22,200 - UnrealMCP_Advanced - INFO - [unreal_mcp_server_advanced.py:154] - Successfully connected to Unreal Engine
2026-03-11 00:20:22,200 - UnrealMCP_Advanced - INFO - [unreal_mcp_server_advanced.py:362] - Sending command (attempt 1): add_blueprint_node
2026-03-11 00:20:22,200 - UnrealMCP_Advanced - DEBUG - [unreal_mcp_server_advanced.py:363] - Command payload: {"type": "add_blueprint_node", "params": {"blueprint_name": "/Game/FPS/Migrate/ABP_Manny", "node_type": "VariableGet", "node_params": {"pos_x": -2150.0, "pos_y": 250.0, "event_type": "BeginPlay", "variable_name": "HasWeapon", "function_name": "AnimGraph"}}}...
2026-03-11 00:20:22,553 - UnrealMCP_Advanced - INFO - [unreal_mcp_server_advanced.py:264] - Received complete response (171 bytes) for add_blueprint_node
2026-03-11 00:20:22,554 - UnrealMCP_Advanced - INFO - [unreal_mcp_server_advanced.py:380] - Command add_blueprint_node completed successfully
2026-03-11 00:20:22,554 - BlueprintGraph.NodeManager - ERROR - [node_manager.py:71] - Failed to add node: Unknown error
2026-03-11 00:20:22,555 - mcp.server.lowlevel.server - DEBUG - [server.py:790] - Response sent
2026-03-11 00:20:22,630 - mcp.server.lowlevel.server - DEBUG - [server.py:675] - Received message: <mcp.shared.session.RequestResponder object at 0x000001B6B6691BD0>
2026-03-11 00:20:22,631 - mcp.server.lowlevel.server - INFO - [server.py:720] - Processing request of type CallToolRequest
2026-03-11 00:20:22,631 - mcp.server.lowlevel.server - DEBUG - [server.py:723] - Dispatching request of type CallToolRequest
2026-03-11 00:20:22,631 - UnrealMCP_Advanced - INFO - [unreal_mcp_server_advanced.py:147] - Connecting to Unreal at 127.0.0.1:55557 (attempt 1/4)...
2026-03-11 00:20:22,631 - UnrealMCP_Advanced - INFO - [unreal_mcp_server_advanced.py:154] - Successfully connected to Unreal Engine
2026-03-11 00:20:22,631 - UnrealMCP_Advanced - INFO - [unreal_mcp_server_advanced.py:362] - Sending command (attempt 1): add_blueprint_node
2026-03-11 00:20:22,631 - UnrealMCP_Advanced - DEBUG - [unreal_mcp_server_advanced.py:363] - Command payload: {"type": "add_blueprint_node", "params": {"blueprint_name": "/Game/FPS/Migrate/ABP_Manny", "node_type": "Select", "node_params": {"pos_x": -1950.0, "pos_y": 250.0, "event_type": "BeginPlay", "function_name": "AnimGraph"}}}...
2026-03-11 00:20:22,935 - UnrealMCP_Advanced - INFO - [unreal_mcp_server_advanced.py:264] - Received complete response (161 bytes) for add_blueprint_node
2026-03-11 00:20:22,935 - UnrealMCP_Advanced - INFO - [unreal_mcp_server_advanced.py:380] - Command add_blueprint_node completed successfully
2026-03-11 00:20:22,935 - BlueprintGraph.NodeManager - ERROR - [node_manager.py:71] - Failed to add node: Unknown error
2026-03-11 00:20:22,937 - mcp.server.lowlevel.server - DEBUG - [server.py:790] - Response sent
2026-03-11 00:21:36,779 - mcp.server.lowlevel.server - DEBUG - [server.py:675] - Received message: <mcp.shared.session.RequestResponder object at 0x000001B6B66913B0>
2026-03-11 00:21:36,780 - mcp.server.lowlevel.server - INFO - [server.py:720] - Processing request of type CallToolRequest
2026-03-11 00:21:36,780 - mcp.server.lowlevel.server - DEBUG - [server.py:723] - Dispatching request of type CallToolRequest
2026-03-11 00:21:36,780 - UnrealMCP_Advanced - INFO - [unreal_mcp_server_advanced.py:147] - Connecting to Unreal at 127.0.0.1:55557 (attempt 1/4)...
2026-03-11 00:21:36,791 - UnrealMCP_Advanced - INFO - [unreal_mcp_server_advanced.py:154] - Successfully connected to Unreal Engine
2026-03-11 00:21:36,791 - UnrealMCP_Advanced - INFO - [unreal_mcp_server_advanced.py:362] - Sending command (attempt 1): create_function
2026-03-11 00:21:36,791 - UnrealMCP_Advanced - DEBUG - [unreal_mcp_server_advanced.py:363] - Command payload: {"type": "create_function", "params": {"blueprint_name": "/Game/FPS/Migrate/ABP_Manny", "function_name": "SetHasWeapon", "return_type": "void"}}...
2026-03-11 00:21:37,059 - UnrealMCP_Advanced - INFO - [unreal_mcp_server_advanced.py:264] - Received complete response (133 bytes) for create_function
2026-03-11 00:21:37,059 - UnrealMCP_Advanced - INFO - [unreal_mcp_server_advanced.py:380] - Command create_function completed successfully
2026-03-11 00:21:37,061 - mcp.server.lowlevel.server - DEBUG - [server.py:790] - Response sent
2026-03-11 00:22:26,533 - mcp.server.lowlevel.server - DEBUG - [server.py:675] - Received message: <mcp.shared.session.RequestResponder object at 0x000001B6B66914F0>
2026-03-11 00:22:26,534 - mcp.server.lowlevel.server - INFO - [server.py:720] - Processing request of type CallToolRequest
2026-03-11 00:22:26,534 - mcp.server.lowlevel.server - DEBUG - [server.py:723] - Dispatching request of type CallToolRequest
2026-03-11 00:22:26,535 - UnrealMCP_Advanced - INFO - [unreal_mcp_server_advanced.py:147] - Connecting to Unreal at 127.0.0.1:55557 (attempt 1/4)...
2026-03-11 00:22:26,535 - UnrealMCP_Advanced - INFO - [unreal_mcp_server_advanced.py:154] - Successfully connected to Unreal Engine
2026-03-11 00:22:26,535 - UnrealMCP_Advanced - INFO - [unreal_mcp_server_advanced.py:362] - Sending command (attempt 1): add_function_input
2026-03-11 00:22:26,535 - UnrealMCP_Advanced - DEBUG - [unreal_mcp_server_advanced.py:363] - Command payload: {"type": "add_function_input", "params": {"blueprint_name": "/Game/FPS/Migrate/ABP_Manny", "function_name": "SetHasWeapon", "param_name": "bArmed", "param_type": "bool", "is_array": false}}...
2026-03-11 00:22:26,931 - UnrealMCP_Advanced - INFO - [unreal_mcp_server_advanced.py:264] - Received complete response (143 bytes) for add_function_input
2026-03-11 00:22:26,931 - UnrealMCP_Advanced - INFO - [unreal_mcp_server_advanced.py:380] - Command add_function_input completed successfully
2026-03-11 00:22:26,935 - mcp.server.lowlevel.server - DEBUG - [server.py:790] - Response sent
2026-03-11 00:22:34,773 - mcp.server.lowlevel.server - DEBUG - [server.py:675] - Received message: <mcp.shared.session.RequestResponder object at 0x000001B6B66916D0>
2026-03-11 00:22:34,773 - mcp.server.lowlevel.server - INFO - [server.py:720] - Processing request of type CallToolRequest
2026-03-11 00:22:34,773 - mcp.server.lowlevel.server - DEBUG - [server.py:723] - Dispatching request of type CallToolRequest
2026-03-11 00:22:34,774 - UnrealMCP_Advanced - INFO - [unreal_mcp_server_advanced.py:147] - Connecting to Unreal at 127.0.0.1:55557 (attempt 1/4)...
2026-03-11 00:22:34,774 - UnrealMCP_Advanced - INFO - [unreal_mcp_server_advanced.py:154] - Successfully connected to Unreal Engine
2026-03-11 00:22:34,774 - UnrealMCP_Advanced - INFO - [unreal_mcp_server_advanced.py:362] - Sending command (attempt 1): add_blueprint_node
2026-03-11 00:22:34,774 - UnrealMCP_Advanced - DEBUG - [unreal_mcp_server_advanced.py:363] - Command payload: {"type": "add_blueprint_node", "params": {"blueprint_name": "/Game/FPS/Migrate/ABP_Manny", "node_type": "VariableSet", "node_params": {"pos_x": 200.0, "pos_y": 0.0, "event_type": "BeginPlay", "variable_name": "HasWeapon", "function_name": "SetHasWeapon"}}}...
2026-03-11 00:22:34,937 - UnrealMCP_Advanced - INFO - [unreal_mcp_server_advanced.py:264] - Received complete response (167 bytes) for add_blueprint_node
2026-03-11 00:22:34,938 - UnrealMCP_Advanced - INFO - [unreal_mcp_server_advanced.py:380] - Command add_blueprint_node completed successfully
2026-03-11 00:22:34,938 - BlueprintGraph.NodeManager - ERROR - [node_manager.py:71] - Failed to add node: Unknown error
2026-03-11 00:22:34,939 - mcp.server.lowlevel.server - DEBUG - [server.py:790] - Response sent
2026-03-11 00:22:41,773 - mcp.server.lowlevel.server - DEBUG - [server.py:675] - Received message: <mcp.shared.session.RequestResponder object at 0x000001B6B6691BD0>
2026-03-11 00:22:41,773 - mcp.server.lowlevel.server - INFO - [server.py:720] - Processing request of type CallToolRequest
2026-03-11 00:22:41,773 - mcp.server.lowlevel.server - DEBUG - [server.py:723] - Dispatching request of type CallToolRequest
2026-03-11 00:22:41,774 - UnrealMCP_Advanced - INFO - [unreal_mcp_server_advanced.py:734] - Analyzing Blueprint graph: /Game/FPS/Migrate/ABP_Manny -> SetHasWeapon
2026-03-11 00:22:41,774 - UnrealMCP_Advanced - INFO - [unreal_mcp_server_advanced.py:147] - Connecting to Unreal at 127.0.0.1:55557 (attempt 1/4)...
2026-03-11 00:22:41,774 - UnrealMCP_Advanced - INFO - [unreal_mcp_server_advanced.py:154] - Successfully connected to Unreal Engine
2026-03-11 00:22:41,774 - UnrealMCP_Advanced - INFO - [unreal_mcp_server_advanced.py:362] - Sending command (attempt 1): analyze_blueprint_graph
2026-03-11 00:22:41,774 - UnrealMCP_Advanced - DEBUG - [unreal_mcp_server_advanced.py:363] - Command payload: {"type": "analyze_blueprint_graph", "params": {"blueprint_path": "/Game/FPS/Migrate/ABP_Manny", "graph_name": "SetHasWeapon", "include_node_details": true, "include_pin_connections": true, "trace_execution_flow": true}}...
2026-03-11 00:22:41,938 - UnrealMCP_Advanced - INFO - [unreal_mcp_server_advanced.py:264] - Received complete response (1551 bytes) for analyze_blueprint_graph
2026-03-11 00:22:41,939 - UnrealMCP_Advanced - INFO - [unreal_mcp_server_advanced.py:380] - Command analyze_blueprint_graph completed successfully
2026-03-11 00:22:41,940 - mcp.server.lowlevel.server - DEBUG - [server.py:790] - Response sent
2026-03-11 00:22:50,441 - mcp.server.lowlevel.server - DEBUG - [server.py:675] - Received message: <mcp.shared.session.RequestResponder object at 0x000001B6B6691130>
2026-03-11 00:22:50,441 - mcp.server.lowlevel.server - INFO - [server.py:720] - Processing request of type CallToolRequest
2026-03-11 00:22:50,442 - mcp.server.lowlevel.server - DEBUG - [server.py:723] - Dispatching request of type CallToolRequest
2026-03-11 00:22:50,443 - UnrealMCP_Advanced - INFO - [unreal_mcp_server_advanced.py:147] - Connecting to Unreal at 127.0.0.1:55557 (attempt 1/4)...
2026-03-11 00:22:50,443 - UnrealMCP_Advanced - INFO - [unreal_mcp_server_advanced.py:154] - Successfully connected to Unreal Engine
2026-03-11 00:22:50,443 - UnrealMCP_Advanced - INFO - [unreal_mcp_server_advanced.py:362] - Sending command (attempt 1): connect_nodes
2026-03-11 00:22:50,443 - UnrealMCP_Advanced - DEBUG - [unreal_mcp_server_advanced.py:363] - Command payload: {"type": "connect_nodes", "params": {"blueprint_name": "/Game/FPS/Migrate/ABP_Manny", "source_node_id": "K2Node_FunctionEntry_0", "source_pin_name": "then", "target_node_id": "K2Node_VariableSet_0", "target_pin_name": "execute", "function_name": "SetHasWeapon"}}...
2026-03-11 00:22:50,725 - UnrealMCP_Advanced - INFO - [unreal_mcp_server_advanced.py:264] - Received complete response (267 bytes) for connect_nodes
2026-03-11 00:22:50,725 - UnrealMCP_Advanced - INFO - [unreal_mcp_server_advanced.py:380] - Command connect_nodes completed successfully
2026-03-11 00:22:50,725 - BlueprintGraph.ConnectorManager - ERROR - [connector_manager.py:74] - Failed to connect nodes: Unknown error
2026-03-11 00:22:50,728 - mcp.server.lowlevel.server - DEBUG - [server.py:790] - Response sent
2026-03-11 00:22:50,736 - mcp.server.lowlevel.server - DEBUG - [server.py:675] - Received message: <mcp.shared.session.RequestResponder object at 0x000001B6B6691270>
2026-03-11 00:22:50,736 - mcp.server.lowlevel.server - INFO - [server.py:720] - Processing request of type CallToolRequest
2026-03-11 00:22:50,736 - mcp.server.lowlevel.server - DEBUG - [server.py:723] - Dispatching request of type CallToolRequest
2026-03-11 00:22:50,736 - UnrealMCP_Advanced - INFO - [unreal_mcp_server_advanced.py:147] - Connecting to Unreal at 127.0.0.1:55557 (attempt 1/4)...
2026-03-11 00:22:50,737 - UnrealMCP_Advanced - INFO - [unreal_mcp_server_advanced.py:154] - Successfully connected to Unreal Engine
2026-03-11 00:22:50,737 - UnrealMCP_Advanced - INFO - [unreal_mcp_server_advanced.py:362] - Sending command (attempt 1): connect_nodes
2026-03-11 00:22:50,737 - UnrealMCP_Advanced - DEBUG - [unreal_mcp_server_advanced.py:363] - Command payload: {"type": "connect_nodes", "params": {"blueprint_name": "/Game/FPS/Migrate/ABP_Manny", "source_node_id": "K2Node_FunctionEntry_0", "source_pin_name": "bArmed", "target_node_id": "K2Node_VariableSet_0", "target_pin_name": "HasWeapon", "function_name": "SetHasWeapon"}}...
2026-03-11 00:22:51,120 - UnrealMCP_Advanced - INFO - [unreal_mcp_server_advanced.py:264] - Received complete response (271 bytes) for connect_nodes
2026-03-11 00:22:51,120 - UnrealMCP_Advanced - INFO - [unreal_mcp_server_advanced.py:380] - Command connect_nodes completed successfully
2026-03-11 00:22:51,120 - BlueprintGraph.ConnectorManager - ERROR - [connector_manager.py:74] - Failed to connect nodes: Unknown error
2026-03-11 00:22:51,121 - mcp.server.lowlevel.server - DEBUG - [server.py:790] - Response sent
2026-03-11 00:23:04,218 - mcp.server.lowlevel.server - DEBUG - [server.py:675] - Received message: <mcp.shared.session.RequestResponder object at 0x000001B6B66919F0>
2026-03-11 00:23:04,219 - mcp.server.lowlevel.server - INFO - [server.py:720] - Processing request of type CallToolRequest
2026-03-11 00:23:04,219 - mcp.server.lowlevel.server - DEBUG - [server.py:723] - Dispatching request of type CallToolRequest
2026-03-11 00:23:04,219 - BlueprintGraph.NodeProperties - DEBUG - [node_properties.py:332] - Performing semantic action 'set_value_type' on node 'K2Node_Select_0' in /Game/FPS/Migrate/ABP_Manny
2026-03-11 00:23:04,219 - UnrealMCP_Advanced - INFO - [unreal_mcp_server_advanced.py:147] - Connecting to Unreal at 127.0.0.1:55557 (attempt 1/4)...
2026-03-11 00:23:04,220 - UnrealMCP_Advanced - INFO - [unreal_mcp_server_advanced.py:154] - Successfully connected to Unreal Engine
2026-03-11 00:23:04,220 - UnrealMCP_Advanced - INFO - [unreal_mcp_server_advanced.py:362] - Sending command (attempt 1): set_node_property
2026-03-11 00:23:04,220 - UnrealMCP_Advanced - DEBUG - [unreal_mcp_server_advanced.py:363] - Command payload: {"type": "set_node_property", "params": {"blueprint_name": "/Game/FPS/Migrate/ABP_Manny", "node_id": "K2Node_Select_0", "action": "set_value_type", "new_type": "float", "function_name": "AnimGraph"}}...
2026-03-11 00:23:04,614 - UnrealMCP_Advanced - INFO - [unreal_mcp_server_advanced.py:264] - Received complete response (69 bytes) for set_node_property
2026-03-11 00:23:04,614 - UnrealMCP_Advanced - INFO - [unreal_mcp_server_advanced.py:380] - Command set_node_property completed successfully
2026-03-11 00:23:04,614 - UnrealMCP_Advanced - WARNING - [unreal_mcp_server_advanced.py:385] - Unreal returned error: Unknown action: set_value_type
2026-03-11 00:23:04,614 - BlueprintGraph.NodeProperties - ERROR - [node_properties.py:358] - Failed to modify node: Unknown action: set_value_type
2026-03-11 00:23:04,615 - mcp.server.lowlevel.server - DEBUG - [server.py:790] - Response sent
2026-03-11 00:23:14,040 - mcp.server.lowlevel.server - DEBUG - [server.py:675] - Received message: <mcp.shared.session.RequestResponder object at 0x000001B6B6691590>
2026-03-11 00:23:14,041 - mcp.server.lowlevel.server - INFO - [server.py:720] - Processing request of type CallToolRequest
2026-03-11 00:23:14,041 - mcp.server.lowlevel.server - DEBUG - [server.py:723] - Dispatching request of type CallToolRequest
2026-03-11 00:23:14,041 - UnrealMCP_Advanced - INFO - [unreal_mcp_server_advanced.py:147] - Connecting to Unreal at 127.0.0.1:55557 (attempt 1/4)...
2026-03-11 00:23:14,060 - UnrealMCP_Advanced - INFO - [unreal_mcp_server_advanced.py:154] - Successfully connected to Unreal Engine
2026-03-11 00:23:14,060 - UnrealMCP_Advanced - INFO - [unreal_mcp_server_advanced.py:362] - Sending command (attempt 1): connect_nodes
2026-03-11 00:23:14,060 - UnrealMCP_Advanced - DEBUG - [unreal_mcp_server_advanced.py:363] - Command payload: {"type": "connect_nodes", "params": {"blueprint_name": "/Game/FPS/Migrate/ABP_Manny", "source_node_id": "K2Node_VariableGet_5", "source_pin_name": "HasWeapon", "target_node_id": "AnimGraphNode_TwoBoneIK_0", "target_pin_name": "Alpha", "function_name": "AnimGraph"}}...
2026-03-11 00:23:14,291 - UnrealMCP_Advanced - INFO - [unreal_mcp_server_advanced.py:264] - Received complete response (58 bytes) for connect_nodes
2026-03-11 00:23:14,291 - UnrealMCP_Advanced - INFO - [unreal_mcp_server_advanced.py:380] - Command connect_nodes completed successfully
2026-03-11 00:23:14,291 - UnrealMCP_Advanced - WARNING - [unreal_mcp_server_advanced.py:385] - Unreal returned error: Pins not compatible
2026-03-11 00:23:14,291 - BlueprintGraph.ConnectorManager - ERROR - [connector_manager.py:74] - Failed to connect nodes: Pins not compatible
2026-03-11 00:23:14,292 - mcp.server.lowlevel.server - DEBUG - [server.py:790] - Response sent
2026-03-11 00:23:32,397 - mcp.server.lowlevel.server - DEBUG - [server.py:675] - Received message: <mcp.shared.session.RequestResponder object at 0x000001B6B66919F0>
2026-03-11 00:23:32,397 - mcp.server.lowlevel.server - INFO - [server.py:720] - Processing request of type CallToolRequest
2026-03-11 00:23:32,397 - mcp.server.lowlevel.server - DEBUG - [server.py:723] - Dispatching request of type CallToolRequest
2026-03-11 00:23:32,397 - UnrealMCP_Advanced - INFO - [unreal_mcp_server_advanced.py:147] - Connecting to Unreal at 127.0.0.1:55557 (attempt 1/4)...
2026-03-11 00:23:32,397 - UnrealMCP_Advanced - INFO - [unreal_mcp_server_advanced.py:154] - Successfully connected to Unreal Engine
2026-03-11 00:23:32,398 - UnrealMCP_Advanced - INFO - [unreal_mcp_server_advanced.py:362] - Sending command (attempt 1): connect_nodes
2026-03-11 00:23:32,398 - UnrealMCP_Advanced - DEBUG - [unreal_mcp_server_advanced.py:363] - Command payload: {"type": "connect_nodes", "params": {"blueprint_name": "/Game/FPS/Migrate/ABP_Manny", "source_node_id": "K2Node_VariableGet_5", "source_pin_name": "HasWeapon", "target_node_id": "AnimGraphNode_TwoBoneIK_0", "target_pin_name": "bAlphaBoolEnabled", "function_name": "AnimGraph"}}...
2026-03-11 00:23:32,953 - UnrealMCP_Advanced - INFO - [unreal_mcp_server_advanced.py:264] - Received complete response (285 bytes) for connect_nodes
2026-03-11 00:23:32,954 - UnrealMCP_Advanced - INFO - [unreal_mcp_server_advanced.py:380] - Command connect_nodes completed successfully
2026-03-11 00:23:32,954 - BlueprintGraph.ConnectorManager - ERROR - [connector_manager.py:74] - Failed to connect nodes: Unknown error
2026-03-11 00:23:32,955 - mcp.server.lowlevel.server - DEBUG - [server.py:790] - Response sent
2026-03-11 00:23:39,716 - mcp.server.lowlevel.server - DEBUG - [server.py:675] - Received message: <mcp.shared.session.RequestResponder object at 0x000001B6B6691130>
2026-03-11 00:23:39,716 - mcp.server.lowlevel.server - INFO - [server.py:720] - Processing request of type CallToolRequest
2026-03-11 00:23:39,716 - mcp.server.lowlevel.server - DEBUG - [server.py:723] - Dispatching request of type CallToolRequest
2026-03-11 00:23:39,716 - UnrealMCP_Advanced - INFO - [unreal_mcp_server_advanced.py:147] - Connecting to Unreal at 127.0.0.1:55557 (attempt 1/4)...
2026-03-11 00:23:39,716 - UnrealMCP_Advanced - INFO - [unreal_mcp_server_advanced.py:154] - Successfully connected to Unreal Engine
2026-03-11 00:23:39,716 - UnrealMCP_Advanced - INFO - [unreal_mcp_server_advanced.py:362] - Sending command (attempt 1): connect_nodes
2026-03-11 00:23:39,716 - UnrealMCP_Advanced - DEBUG - [unreal_mcp_server_advanced.py:363] - Command payload: {"type": "connect_nodes", "params": {"blueprint_name": "/Game/FPS/Migrate/ABP_Manny", "source_node_id": "K2Node_VariableGet_5", "source_pin_name": "HasWeapon", "target_node_id": "AnimGraphNode_Fabrik_0", "target_pin_name": "bAlphaBoolEnabled", "function_name": "AnimGraph"}}...
2026-03-11 00:23:40,226 - UnrealMCP_Advanced - INFO - [unreal_mcp_server_advanced.py:264] - Received complete response (282 bytes) for connect_nodes
2026-03-11 00:23:40,226 - UnrealMCP_Advanced - INFO - [unreal_mcp_server_advanced.py:380] - Command connect_nodes completed successfully
2026-03-11 00:23:40,226 - BlueprintGraph.ConnectorManager - ERROR - [connector_manager.py:74] - Failed to connect nodes: Unknown error
2026-03-11 00:23:40,227 - mcp.server.lowlevel.server - DEBUG - [server.py:790] - Response sent
2026-03-11 00:24:33,295 - mcp.server.lowlevel.server - DEBUG - [server.py:675] - Received message: <mcp.shared.session.RequestResponder object at 0x000001B6B66913B0>
2026-03-11 00:24:33,296 - mcp.server.lowlevel.server - INFO - [server.py:720] - Processing request of type CallToolRequest
2026-03-11 00:24:33,296 - mcp.server.lowlevel.server - DEBUG - [server.py:723] - Dispatching request of type CallToolRequest
2026-03-11 00:24:33,296 - UnrealMCP_Advanced - INFO - [unreal_mcp_server_advanced.py:147] - Connecting to Unreal at 127.0.0.1:55557 (attempt 1/4)...
2026-03-11 00:24:33,315 - UnrealMCP_Advanced - INFO - [unreal_mcp_server_advanced.py:154] - Successfully connected to Unreal Engine
2026-03-11 00:24:33,315 - UnrealMCP_Advanced - INFO - [unreal_mcp_server_advanced.py:362] - Sending command (attempt 1): add_blueprint_node
2026-03-11 00:24:33,315 - UnrealMCP_Advanced - DEBUG - [unreal_mcp_server_advanced.py:363] - Command payload: {"type": "add_blueprint_node", "params": {"blueprint_name": "/Game/Blueprints/BP_FPSPlayer", "node_type": "VariableGet", "node_params": {"pos_x": 220.0, "pos_y": 416.0, "event_type": "BeginPlay", "variable_name": "ABP"}}}...
2026-03-11 00:24:33,474 - UnrealMCP_Advanced - INFO - [unreal_mcp_server_advanced.py:264] - Received complete response (169 bytes) for add_blueprint_node
2026-03-11 00:24:33,474 - UnrealMCP_Advanced - INFO - [unreal_mcp_server_advanced.py:380] - Command add_blueprint_node completed successfully
2026-03-11 00:24:33,474 - BlueprintGraph.NodeManager - ERROR - [node_manager.py:71] - Failed to add node: Unknown error
2026-03-11 00:24:33,476 - mcp.server.lowlevel.server - DEBUG - [server.py:790] - Response sent
2026-03-11 00:24:34,179 - mcp.server.lowlevel.server - DEBUG - [server.py:675] - Received message: <mcp.shared.session.RequestResponder object at 0x000001B6B66916D0>
2026-03-11 00:24:34,179 - mcp.server.lowlevel.server - INFO - [server.py:720] - Processing request of type CallToolRequest
2026-03-11 00:24:34,179 - mcp.server.lowlevel.server - DEBUG - [server.py:723] - Dispatching request of type CallToolRequest
2026-03-11 00:24:34,179 - UnrealMCP_Advanced - INFO - [unreal_mcp_server_advanced.py:147] - Connecting to Unreal at 127.0.0.1:55557 (attempt 1/4)...
2026-03-11 00:24:34,179 - UnrealMCP_Advanced - INFO - [unreal_mcp_server_advanced.py:154] - Successfully connected to Unreal Engine
2026-03-11 00:24:34,179 - UnrealMCP_Advanced - INFO - [unreal_mcp_server_advanced.py:362] - Sending command (attempt 1): add_blueprint_node
2026-03-11 00:24:34,179 - UnrealMCP_Advanced - DEBUG - [unreal_mcp_server_advanced.py:363] - Command payload: {"type": "add_blueprint_node", "params": {"blueprint_name": "/Game/Blueprints/BP_FPSPlayer", "node_type": "CallFunction", "node_params": {"pos_x": 380.0, "pos_y": 416.0, "event_type": "BeginPlay", "target_function": "IsValid"}}}...
2026-03-11 00:24:34,475 - UnrealMCP_Advanced - INFO - [unreal_mcp_server_advanced.py:264] - Received complete response (171 bytes) for add_blueprint_node
2026-03-11 00:24:34,475 - UnrealMCP_Advanced - INFO - [unreal_mcp_server_advanced.py:380] - Command add_blueprint_node completed successfully
2026-03-11 00:24:34,475 - BlueprintGraph.NodeManager - ERROR - [node_manager.py:71] - Failed to add node: Unknown error
2026-03-11 00:24:34,476 - mcp.server.lowlevel.server - DEBUG - [server.py:790] - Response sent
2026-03-11 00:24:34,947 - mcp.server.lowlevel.server - DEBUG - [server.py:675] - Received message: <mcp.shared.session.RequestResponder object at 0x000001B6B66914F0>
2026-03-11 00:24:34,948 - mcp.server.lowlevel.server - INFO - [server.py:720] - Processing request of type CallToolRequest
2026-03-11 00:24:34,948 - mcp.server.lowlevel.server - DEBUG - [server.py:723] - Dispatching request of type CallToolRequest
2026-03-11 00:24:34,948 - UnrealMCP_Advanced - INFO - [unreal_mcp_server_advanced.py:147] - Connecting to Unreal at 127.0.0.1:55557 (attempt 1/4)...
2026-03-11 00:24:34,948 - UnrealMCP_Advanced - INFO - [unreal_mcp_server_advanced.py:154] - Successfully connected to Unreal Engine
2026-03-11 00:24:34,948 - UnrealMCP_Advanced - INFO - [unreal_mcp_server_advanced.py:362] - Sending command (attempt 1): add_blueprint_node
2026-03-11 00:24:34,948 - UnrealMCP_Advanced - DEBUG - [unreal_mcp_server_advanced.py:363] - Command payload: {"type": "add_blueprint_node", "params": {"blueprint_name": "/Game/Blueprints/BP_FPSPlayer", "node_type": "Branch", "node_params": {"pos_x": 560.0, "pos_y": 416.0, "event_type": "BeginPlay"}}}...
2026-03-11 00:24:35,141 - UnrealMCP_Advanced - INFO - [unreal_mcp_server_advanced.py:264] - Received complete response (163 bytes) for add_blueprint_node
2026-03-11 00:24:35,141 - UnrealMCP_Advanced - INFO - [unreal_mcp_server_advanced.py:380] - Command add_blueprint_node completed successfully
2026-03-11 00:24:35,141 - BlueprintGraph.NodeManager - ERROR - [node_manager.py:71] - Failed to add node: Unknown error
2026-03-11 00:24:35,142 - mcp.server.lowlevel.server - DEBUG - [server.py:790] - Response sent
2026-03-11 00:24:35,871 - mcp.server.lowlevel.server - DEBUG - [server.py:675] - Received message: <mcp.shared.session.RequestResponder object at 0x000001B6B6691BD0>
2026-03-11 00:24:35,872 - mcp.server.lowlevel.server - INFO - [server.py:720] - Processing request of type CallToolRequest
2026-03-11 00:24:35,873 - mcp.server.lowlevel.server - DEBUG - [server.py:723] - Dispatching request of type CallToolRequest
2026-03-11 00:24:35,873 - UnrealMCP_Advanced - INFO - [unreal_mcp_server_advanced.py:147] - Connecting to Unreal at 127.0.0.1:55557 (attempt 1/4)...
2026-03-11 00:24:35,874 - UnrealMCP_Advanced - INFO - [unreal_mcp_server_advanced.py:154] - Successfully connected to Unreal Engine
2026-03-11 00:24:35,874 - UnrealMCP_Advanced - INFO - [unreal_mcp_server_advanced.py:362] - Sending command (attempt 1): add_blueprint_node
2026-03-11 00:24:35,874 - UnrealMCP_Advanced - DEBUG - [unreal_mcp_server_advanced.py:363] - Command payload: {"type": "add_blueprint_node", "params": {"blueprint_name": "/Game/Blueprints/BP_FPSPlayer", "node_type": "CallFunction", "node_params": {"pos_x": 740.0, "pos_y": 380.0, "event_type": "BeginPlay", "target_function": "GetCurrentWeapon"}}}...
2026-03-11 00:24:36,140 - UnrealMCP_Advanced - INFO - [unreal_mcp_server_advanced.py:264] - Received complete response (73 bytes) for add_blueprint_node
2026-03-11 00:24:36,141 - UnrealMCP_Advanced - INFO - [unreal_mcp_server_advanced.py:380] - Command add_blueprint_node completed successfully
2026-03-11 00:24:36,141 - UnrealMCP_Advanced - WARNING - [unreal_mcp_server_advanced.py:385] - Unreal returned error: Failed to create CallFunction node
2026-03-11 00:24:36,141 - BlueprintGraph.NodeManager - ERROR - [node_manager.py:71] - Failed to add node: Failed to create CallFunction node
2026-03-11 00:24:36,142 - mcp.server.lowlevel.server - DEBUG - [server.py:790] - Response sent
2026-03-11 00:24:36,736 - mcp.server.lowlevel.server - DEBUG - [server.py:675] - Received message: <mcp.shared.session.RequestResponder object at 0x000001B6B6691270>
2026-03-11 00:24:36,736 - mcp.server.lowlevel.server - INFO - [server.py:720] - Processing request of type CallToolRequest
2026-03-11 00:24:36,736 - mcp.server.lowlevel.server - DEBUG - [server.py:723] - Dispatching request of type CallToolRequest
2026-03-11 00:24:36,736 - UnrealMCP_Advanced - INFO - [unreal_mcp_server_advanced.py:147] - Connecting to Unreal at 127.0.0.1:55557 (attempt 1/4)...
2026-03-11 00:24:36,737 - UnrealMCP_Advanced - INFO - [unreal_mcp_server_advanced.py:154] - Successfully connected to Unreal Engine
2026-03-11 00:24:36,737 - UnrealMCP_Advanced - INFO - [unreal_mcp_server_advanced.py:362] - Sending command (attempt 1): add_blueprint_node
2026-03-11 00:24:36,737 - UnrealMCP_Advanced - DEBUG - [unreal_mcp_server_advanced.py:363] - Command payload: {"type": "add_blueprint_node", "params": {"blueprint_name": "/Game/Blueprints/BP_FPSPlayer", "node_type": "CallFunction", "node_params": {"pos_x": 940.0, "pos_y": 380.0, "event_type": "BeginPlay", "target_function": "IsValid"}}}...
2026-03-11 00:24:36,810 - UnrealMCP_Advanced - INFO - [unreal_mcp_server_advanced.py:264] - Received complete response (171 bytes) for add_blueprint_node
2026-03-11 00:24:36,810 - UnrealMCP_Advanced - INFO - [unreal_mcp_server_advanced.py:380] - Command add_blueprint_node completed successfully
2026-03-11 00:24:36,810 - BlueprintGraph.NodeManager - ERROR - [node_manager.py:71] - Failed to add node: Unknown error
2026-03-11 00:24:36,811 - mcp.server.lowlevel.server - DEBUG - [server.py:790] - Response sent
2026-03-11 00:24:37,956 - mcp.server.lowlevel.server - DEBUG - [server.py:675] - Received message: <mcp.shared.session.RequestResponder object at 0x000001B6B6691130>
2026-03-11 00:24:37,956 - mcp.server.lowlevel.server - INFO - [server.py:720] - Processing request of type CallToolRequest
2026-03-11 00:24:37,956 - mcp.server.lowlevel.server - DEBUG - [server.py:723] - Dispatching request of type CallToolRequest
2026-03-11 00:24:37,956 - UnrealMCP_Advanced - INFO - [unreal_mcp_server_advanced.py:147] - Connecting to Unreal at 127.0.0.1:55557 (attempt 1/4)...
2026-03-11 00:24:37,957 - UnrealMCP_Advanced - INFO - [unreal_mcp_server_advanced.py:154] - Successfully connected to Unreal Engine
2026-03-11 00:24:37,957 - UnrealMCP_Advanced - INFO - [unreal_mcp_server_advanced.py:362] - Sending command (attempt 1): add_blueprint_node
2026-03-11 00:24:37,957 - UnrealMCP_Advanced - DEBUG - [unreal_mcp_server_advanced.py:363] - Command payload: {"type": "add_blueprint_node", "params": {"blueprint_name": "/Game/Blueprints/BP_FPSPlayer", "node_type": "VariableGet", "node_params": {"pos_x": 900.0, "pos_y": 500.0, "event_type": "BeginPlay", "variable_name": "ABP"}}}...
2026-03-11 00:24:38,148 - UnrealMCP_Advanced - INFO - [unreal_mcp_server_advanced.py:264] - Received complete response (169 bytes) for add_blueprint_node
2026-03-11 00:24:38,148 - UnrealMCP_Advanced - INFO - [unreal_mcp_server_advanced.py:380] - Command add_blueprint_node completed successfully
2026-03-11 00:24:38,148 - BlueprintGraph.NodeManager - ERROR - [node_manager.py:71] - Failed to add node: Unknown error
2026-03-11 00:24:38,149 - mcp.server.lowlevel.server - DEBUG - [server.py:790] - Response sent
2026-03-11 00:24:40,148 - mcp.server.lowlevel.server - DEBUG - [server.py:675] - Received message: <mcp.shared.session.RequestResponder object at 0x000001B6B6691590>
2026-03-11 00:24:40,149 - mcp.server.lowlevel.server - INFO - [server.py:720] - Processing request of type CallToolRequest
2026-03-11 00:24:40,149 - mcp.server.lowlevel.server - DEBUG - [server.py:723] - Dispatching request of type CallToolRequest
2026-03-11 00:24:40,149 - UnrealMCP_Advanced - INFO - [unreal_mcp_server_advanced.py:147] - Connecting to Unreal at 127.0.0.1:55557 (attempt 1/4)...
2026-03-11 00:24:40,149 - UnrealMCP_Advanced - INFO - [unreal_mcp_server_advanced.py:154] - Successfully connected to Unreal Engine
2026-03-11 00:24:40,150 - UnrealMCP_Advanced - INFO - [unreal_mcp_server_advanced.py:362] - Sending command (attempt 1): add_blueprint_node
2026-03-11 00:24:40,150 - UnrealMCP_Advanced - DEBUG - [unreal_mcp_server_advanced.py:363] - Command payload: {"type": "add_blueprint_node", "params": {"blueprint_name": "/Game/Blueprints/BP_FPSPlayer", "node_type": "CallFunction", "node_params": {"pos_x": 1140.0, "pos_y": 380.0, "event_type": "BeginPlay", "target_function": "SetHasWeapon", "target_blueprint": "/Game/FPS/Migrate/ABP_Manny"}}}...
2026-03-11 00:24:40,479 - UnrealMCP_Advanced - INFO - [unreal_mcp_server_advanced.py:264] - Received complete response (73 bytes) for add_blueprint_node
2026-03-11 00:24:40,479 - UnrealMCP_Advanced - INFO - [unreal_mcp_server_advanced.py:380] - Command add_blueprint_node completed successfully
2026-03-11 00:24:40,479 - UnrealMCP_Advanced - WARNING - [unreal_mcp_server_advanced.py:385] - Unreal returned error: Failed to create CallFunction node
2026-03-11 00:24:40,480 - BlueprintGraph.NodeManager - ERROR - [node_manager.py:71] - Failed to add node: Failed to create CallFunction node
2026-03-11 00:24:40,481 - mcp.server.lowlevel.server - DEBUG - [server.py:790] - Response sent
2026-03-11 00:25:39,581 - mcp.server.lowlevel.server - DEBUG - [server.py:675] - Received message: <mcp.shared.session.RequestResponder object at 0x000001B6B66916D0>
2026-03-11 00:25:39,581 - mcp.server.lowlevel.server - INFO - [server.py:720] - Processing request of type CallToolRequest
2026-03-11 00:25:39,581 - mcp.server.lowlevel.server - DEBUG - [server.py:723] - Dispatching request of type CallToolRequest
2026-03-11 00:25:39,581 - UnrealMCP_Advanced - INFO - [unreal_mcp_server_advanced.py:147] - Connecting to Unreal at 127.0.0.1:55557 (attempt 1/4)...
2026-03-11 00:25:39,582 - UnrealMCP_Advanced - INFO - [unreal_mcp_server_advanced.py:154] - Successfully connected to Unreal Engine
2026-03-11 00:25:39,582 - UnrealMCP_Advanced - INFO - [unreal_mcp_server_advanced.py:362] - Sending command (attempt 1): add_blueprint_node
2026-03-11 00:25:39,582 - UnrealMCP_Advanced - DEBUG - [unreal_mcp_server_advanced.py:363] - Command payload: {"type": "add_blueprint_node", "params": {"blueprint_name": "/Game/Blueprints/BP_FPSPlayer", "node_type": "VariableGet", "node_params": {"pos_x": 740.0, "pos_y": 380.0, "event_type": "BeginPlay", "variable_name": "WeaponSlotComp"}}}...
2026-03-11 00:25:39,843 - UnrealMCP_Advanced - INFO - [unreal_mcp_server_advanced.py:264] - Received complete response (169 bytes) for add_blueprint_node
2026-03-11 00:25:39,844 - UnrealMCP_Advanced - INFO - [unreal_mcp_server_advanced.py:380] - Command add_blueprint_node completed successfully
2026-03-11 00:25:39,844 - BlueprintGraph.NodeManager - ERROR - [node_manager.py:71] - Failed to add node: Unknown error
2026-03-11 00:25:39,845 - mcp.server.lowlevel.server - DEBUG - [server.py:790] - Response sent
2026-03-11 02:10:20,195 - mcp.server.lowlevel.server - DEBUG - [server.py:675] - Received message: <mcp.shared.session.RequestResponder object at 0x000001B6B6691590>
2026-03-11 02:10:20,198 - mcp.server.lowlevel.server - INFO - [server.py:720] - Processing request of type CallToolRequest
2026-03-11 02:10:20,199 - mcp.server.lowlevel.server - DEBUG - [server.py:723] - Dispatching request of type CallToolRequest
2026-03-11 02:10:20,200 - UnrealMCP_Advanced - INFO - [unreal_mcp_server_advanced.py:147] - Connecting to Unreal at 127.0.0.1:55557 (attempt 1/4)...
2026-03-11 02:10:20,201 - UnrealMCP_Advanced - INFO - [unreal_mcp_server_advanced.py:154] - Successfully connected to Unreal Engine
2026-03-11 02:10:20,201 - UnrealMCP_Advanced - INFO - [unreal_mcp_server_advanced.py:362] - Sending command (attempt 1): add_blueprint_node
2026-03-11 02:10:20,201 - UnrealMCP_Advanced - DEBUG - [unreal_mcp_server_advanced.py:363] - Command payload: {"type": "add_blueprint_node", "params": {"blueprint_name": "/Game/Blueprints/BP_FPSPlayer", "node_type": "CallFunction", "node_params": {"pos_x": 900.0, "pos_y": 380.0, "event_type": "BeginPlay", "target_function": "GetActiveWeapon"}}}...
2026-03-11 02:10:20,357 - UnrealMCP_Advanced - INFO - [unreal_mcp_server_advanced.py:264] - Received complete response (73 bytes) for add_blueprint_node
2026-03-11 02:10:20,358 - UnrealMCP_Advanced - INFO - [unreal_mcp_server_advanced.py:380] - Command add_blueprint_node completed successfully
2026-03-11 02:10:20,358 - UnrealMCP_Advanced - WARNING - [unreal_mcp_server_advanced.py:385] - Unreal returned error: Failed to create CallFunction node
2026-03-11 02:10:20,358 - BlueprintGraph.NodeManager - ERROR - [node_manager.py:71] - Failed to add node: Failed to create CallFunction node
2026-03-11 02:10:20,361 - mcp.server.lowlevel.server - DEBUG - [server.py:790] - Response sent
2026-03-11 02:11:23,433 - mcp.server.lowlevel.server - DEBUG - [server.py:675] - Received message: <mcp.shared.session.RequestResponder object at 0x000001B6B6691810>
2026-03-11 02:11:23,433 - mcp.server.lowlevel.server - INFO - [server.py:720] - Processing request of type CallToolRequest
2026-03-11 02:11:23,433 - mcp.server.lowlevel.server - DEBUG - [server.py:723] - Dispatching request of type CallToolRequest
2026-03-11 02:11:23,434 - UnrealMCP_Advanced - INFO - [unreal_mcp_server_advanced.py:147] - Connecting to Unreal at 127.0.0.1:55557 (attempt 1/4)...
2026-03-11 02:11:23,435 - UnrealMCP_Advanced - INFO - [unreal_mcp_server_advanced.py:154] - Successfully connected to Unreal Engine
2026-03-11 02:11:23,435 - UnrealMCP_Advanced - INFO - [unreal_mcp_server_advanced.py:362] - Sending command (attempt 1): connect_nodes
2026-03-11 02:11:23,435 - UnrealMCP_Advanced - DEBUG - [unreal_mcp_server_advanced.py:363] - Command payload: {"type": "connect_nodes", "params": {"blueprint_name": "/Game/Blueprints/BP_FPSPlayer", "source_node_id": "K2Node_Event_2", "source_pin_name": "then", "target_node_id": "K2Node_IfThenElse_0", "target_pin_name": "execute"}}...
2026-03-11 02:11:23,770 - UnrealMCP_Advanced - INFO - [unreal_mcp_server_advanced.py:264] - Received complete response (258 bytes) for connect_nodes
2026-03-11 02:11:23,771 - UnrealMCP_Advanced - INFO - [unreal_mcp_server_advanced.py:380] - Command connect_nodes completed successfully
2026-03-11 02:11:23,771 - BlueprintGraph.ConnectorManager - ERROR - [connector_manager.py:74] - Failed to connect nodes: Unknown error
2026-03-11 02:11:23,772 - mcp.server.lowlevel.server - DEBUG - [server.py:790] - Response sent
2026-03-11 02:11:48,388 - mcp.server.lowlevel.server - DEBUG - [server.py:675] - Received message: <mcp.shared.session.RequestResponder object at 0x000001B6B66919F0>
2026-03-11 02:11:48,389 - mcp.server.lowlevel.server - INFO - [server.py:720] - Processing request of type CallToolRequest
2026-03-11 02:11:48,389 - mcp.server.lowlevel.server - DEBUG - [server.py:723] - Dispatching request of type CallToolRequest
2026-03-11 02:11:48,389 - UnrealMCP_Advanced - INFO - [unreal_mcp_server_advanced.py:147] - Connecting to Unreal at 127.0.0.1:55557 (attempt 1/4)...
2026-03-11 02:11:48,389 - UnrealMCP_Advanced - INFO - [unreal_mcp_server_advanced.py:154] - Successfully connected to Unreal Engine
2026-03-11 02:11:48,389 - UnrealMCP_Advanced - INFO - [unreal_mcp_server_advanced.py:362] - Sending command (attempt 1): connect_nodes
2026-03-11 02:11:48,390 - UnrealMCP_Advanced - DEBUG - [unreal_mcp_server_advanced.py:363] - Command payload: {"type": "connect_nodes", "params": {"blueprint_name": "/Game/Blueprints/BP_FPSPlayer", "source_node_id": "K2Node_VariableGet_1", "source_pin_name": "ABP", "target_node_id": "K2Node_CallFunction_0", "target_pin_name": "Object"}}...
2026-03-11 02:11:48,709 - UnrealMCP_Advanced - INFO - [unreal_mcp_server_advanced.py:264] - Received complete response (52 bytes) for connect_nodes
2026-03-11 02:11:48,709 - UnrealMCP_Advanced - INFO - [unreal_mcp_server_advanced.py:380] - Command connect_nodes completed successfully
2026-03-11 02:11:48,709 - UnrealMCP_Advanced - WARNING - [unreal_mcp_server_advanced.py:385] - Unreal returned error: Pin not found
2026-03-11 02:11:48,709 - BlueprintGraph.ConnectorManager - ERROR - [connector_manager.py:74] - Failed to connect nodes: Pin not found
2026-03-11 02:11:48,711 - mcp.server.lowlevel.server - DEBUG - [server.py:790] - Response sent
2026-03-11 02:12:04,532 - mcp.server.lowlevel.server - DEBUG - [server.py:675] - Received message: <mcp.shared.session.RequestResponder object at 0x000001B6B6691590>
2026-03-11 02:12:04,532 - mcp.server.lowlevel.server - INFO - [server.py:720] - Processing request of type CallToolRequest
2026-03-11 02:12:04,532 - mcp.server.lowlevel.server - DEBUG - [server.py:723] - Dispatching request of type CallToolRequest
2026-03-11 02:12:04,533 - UnrealMCP_Advanced - INFO - [unreal_mcp_server_advanced.py:734] - Analyzing Blueprint graph: /Game/Blueprints/BP_FPSPlayer -> EventGraph
2026-03-11 02:12:04,533 - UnrealMCP_Advanced - INFO - [unreal_mcp_server_advanced.py:147] - Connecting to Unreal at 127.0.0.1:55557 (attempt 1/4)...
2026-03-11 02:12:04,533 - UnrealMCP_Advanced - INFO - [unreal_mcp_server_advanced.py:154] - Successfully connected to Unreal Engine
2026-03-11 02:12:04,533 - UnrealMCP_Advanced - INFO - [unreal_mcp_server_advanced.py:362] - Sending command (attempt 1): analyze_blueprint_graph
2026-03-11 02:12:04,533 - UnrealMCP_Advanced - DEBUG - [unreal_mcp_server_advanced.py:363] - Command payload: {"type": "analyze_blueprint_graph", "params": {"blueprint_path": "/Game/Blueprints/BP_FPSPlayer", "graph_name": "EventGraph", "include_node_details": true, "include_pin_connections": false, "trace_execution_flow": true}}...
2026-03-11 02:12:04,712 - UnrealMCP_Advanced - INFO - [unreal_mcp_server_advanced.py:264] - Received complete response (4421 bytes) for analyze_blueprint_graph
2026-03-11 02:12:04,712 - UnrealMCP_Advanced - INFO - [unreal_mcp_server_advanced.py:380] - Command analyze_blueprint_graph completed successfully
2026-03-11 02:12:04,715 - mcp.server.lowlevel.server - DEBUG - [server.py:790] - Response sent
2026-03-11 02:12:30,735 - mcp.server.lowlevel.server - DEBUG - [server.py:675] - Received message: <mcp.shared.session.RequestResponder object at 0x000001B6B6691130>
2026-03-11 02:12:30,736 - mcp.server.lowlevel.server - INFO - [server.py:720] - Processing request of type CallToolRequest
2026-03-11 02:12:30,736 - mcp.server.lowlevel.server - DEBUG - [server.py:723] - Dispatching request of type CallToolRequest
2026-03-11 02:12:30,736 - UnrealMCP_Advanced - INFO - [unreal_mcp_server_advanced.py:734] - Analyzing Blueprint graph: /Game/Blueprints/BP_FPSPlayer -> EventGraph
2026-03-11 02:12:30,736 - UnrealMCP_Advanced - INFO - [unreal_mcp_server_advanced.py:147] - Connecting to Unreal at 127.0.0.1:55557 (attempt 1/4)...
2026-03-11 02:12:30,736 - UnrealMCP_Advanced - INFO - [unreal_mcp_server_advanced.py:154] - Successfully connected to Unreal Engine
2026-03-11 02:12:30,737 - UnrealMCP_Advanced - INFO - [unreal_mcp_server_advanced.py:362] - Sending command (attempt 1): analyze_blueprint_graph
2026-03-11 02:12:30,737 - UnrealMCP_Advanced - DEBUG - [unreal_mcp_server_advanced.py:363] - Command payload: {"type": "analyze_blueprint_graph", "params": {"blueprint_path": "/Game/Blueprints/BP_FPSPlayer", "graph_name": "EventGraph", "include_node_details": true, "include_pin_connections": true, "trace_execution_flow": true}}...
2026-03-11 02:12:31,046 - UnrealMCP_Advanced - INFO - [unreal_mcp_server_advanced.py:264] - Received complete response (17768 bytes) for analyze_blueprint_graph
2026-03-11 02:12:31,046 - UnrealMCP_Advanced - INFO - [unreal_mcp_server_advanced.py:380] - Command analyze_blueprint_graph completed successfully
2026-03-11 02:12:31,048 - mcp.server.lowlevel.server - DEBUG - [server.py:790] - Response sent
2026-03-11 02:13:29,159 - mcp.server.lowlevel.server - DEBUG - [server.py:675] - Received message: <mcp.shared.session.RequestResponder object at 0x000001B6B1AA5130>
2026-03-11 02:13:29,159 - mcp.server.lowlevel.server - INFO - [server.py:720] - Processing request of type CallToolRequest
2026-03-11 02:13:29,160 - mcp.server.lowlevel.server - DEBUG - [server.py:723] - Dispatching request of type CallToolRequest
2026-03-11 02:13:29,160 - UnrealMCP_Advanced - INFO - [unreal_mcp_server_advanced.py:147] - Connecting to Unreal at 127.0.0.1:55557 (attempt 1/4)...
2026-03-11 02:13:29,161 - UnrealMCP_Advanced - INFO - [unreal_mcp_server_advanced.py:154] - Successfully connected to Unreal Engine
2026-03-11 02:13:29,161 - UnrealMCP_Advanced - INFO - [unreal_mcp_server_advanced.py:362] - Sending command (attempt 1): delete_node
2026-03-11 02:13:29,161 - UnrealMCP_Advanced - DEBUG - [unreal_mcp_server_advanced.py:363] - Command payload: {"type": "delete_node", "params": {"blueprint_name": "/Game/Blueprints/BP_FPSPlayer", "node_id": "K2Node_VariableGet_1"}}...
2026-03-11 02:13:29,390 - UnrealMCP_Advanced - INFO - [unreal_mcp_server_advanced.py:264] - Received complete response (124 bytes) for delete_node
2026-03-11 02:13:29,390 - UnrealMCP_Advanced - INFO - [unreal_mcp_server_advanced.py:380] - Command delete_node completed successfully
2026-03-11 02:13:29,390 - BlueprintGraph.NodeDeleter - ERROR - [node_deleter.py:63] - Failed to delete node: Unknown error
2026-03-11 02:13:29,392 - mcp.server.lowlevel.server - DEBUG - [server.py:790] - Response sent
2026-03-11 02:13:29,973 - mcp.server.lowlevel.server - DEBUG - [server.py:675] - Received message: <mcp.shared.session.RequestResponder object at 0x000001B6B66913B0>
2026-03-11 02:13:29,974 - mcp.server.lowlevel.server - INFO - [server.py:720] - Processing request of type CallToolRequest
2026-03-11 02:13:29,974 - mcp.server.lowlevel.server - DEBUG - [server.py:723] - Dispatching request of type CallToolRequest
2026-03-11 02:13:29,974 - UnrealMCP_Advanced - INFO - [unreal_mcp_server_advanced.py:147] - Connecting to Unreal at 127.0.0.1:55557 (attempt 1/4)...
2026-03-11 02:13:29,998 - UnrealMCP_Advanced - INFO - [unreal_mcp_server_advanced.py:154] - Successfully connected to Unreal Engine
2026-03-11 02:13:29,998 - UnrealMCP_Advanced - INFO - [unreal_mcp_server_advanced.py:362] - Sending command (attempt 1): delete_node
2026-03-11 02:13:29,998 - UnrealMCP_Advanced - DEBUG - [unreal_mcp_server_advanced.py:363] - Command payload: {"type": "delete_node", "params": {"blueprint_name": "/Game/Blueprints/BP_FPSPlayer", "node_id": "K2Node_VariableGet_2"}}...
2026-03-11 02:14:00,006 - UnrealMCP_Advanced - WARNING - [unreal_mcp_server_advanced.py:314] - Command failed (attempt 1/4): Timeout after 30.0s waiting for response to delete_node (received 0 bytes)
2026-03-11 02:14:00,006 - UnrealMCP_Advanced - DEBUG - [unreal_mcp_server_advanced.py:200] - Disconnected from Unreal Engine
2026-03-11 02:14:00,006 - UnrealMCP_Advanced - INFO - [unreal_mcp_server_advanced.py:321] - Retrying command in 0.5s...
2026-03-11 02:14:00,507 - UnrealMCP_Advanced - INFO - [unreal_mcp_server_advanced.py:147] - Connecting to Unreal at 127.0.0.1:55557 (attempt 1/4)...
2026-03-11 02:14:00,526 - UnrealMCP_Advanced - INFO - [unreal_mcp_server_advanced.py:154] - Successfully connected to Unreal Engine
2026-03-11 02:14:00,526 - UnrealMCP_Advanced - INFO - [unreal_mcp_server_advanced.py:362] - Sending command (attempt 2): delete_node
2026-03-11 02:14:00,526 - UnrealMCP_Advanced - DEBUG - [unreal_mcp_server_advanced.py:363] - Command payload: {"type": "delete_node", "params": {"blueprint_name": "/Game/Blueprints/BP_FPSPlayer", "node_id": "K2Node_VariableGet_2"}}...
2026-03-11 02:14:00,726 - UnrealMCP_Advanced - INFO - [unreal_mcp_server_advanced.py:264] - Received complete response (124 bytes) for delete_node
2026-03-11 02:14:00,726 - UnrealMCP_Advanced - INFO - [unreal_mcp_server_advanced.py:380] - Command delete_node completed successfully
2026-03-11 02:14:00,726 - BlueprintGraph.NodeDeleter - ERROR - [node_deleter.py:63] - Failed to delete node: Unknown error
2026-03-11 02:14:00,728 - mcp.server.lowlevel.server - DEBUG - [server.py:790] - Response sent
2026-03-11 02:14:00,734 - mcp.server.lowlevel.server - DEBUG - [server.py:675] - Received message: <mcp.shared.session.RequestResponder object at 0x000001B6B6691810>
2026-03-11 02:14:00,734 - mcp.server.lowlevel.server - INFO - [server.py:720] - Processing request of type CallToolRequest
2026-03-11 02:14:00,734 - mcp.server.lowlevel.server - DEBUG - [server.py:723] - Dispatching request of type CallToolRequest
2026-03-11 02:14:00,734 - UnrealMCP_Advanced - INFO - [unreal_mcp_server_advanced.py:147] - Connecting to Unreal at 127.0.0.1:55557 (attempt 1/4)...
2026-03-11 02:14:00,735 - UnrealMCP_Advanced - INFO - [unreal_mcp_server_advanced.py:154] - Successfully connected to Unreal Engine
2026-03-11 02:14:00,735 - UnrealMCP_Advanced - INFO - [unreal_mcp_server_advanced.py:362] - Sending command (attempt 1): delete_node
2026-03-11 02:14:00,735 - UnrealMCP_Advanced - DEBUG - [unreal_mcp_server_advanced.py:363] - Command payload: {"type": "delete_node", "params": {"blueprint_name": "/Game/Blueprints/BP_FPSPlayer", "node_id": "K2Node_CallFunction_0"}}...
2026-03-11 02:14:01,065 - UnrealMCP_Advanced - INFO - [unreal_mcp_server_advanced.py:264] - Received complete response (124 bytes) for delete_node
2026-03-11 02:14:01,065 - UnrealMCP_Advanced - INFO - [unreal_mcp_server_advanced.py:380] - Command delete_node completed successfully
2026-03-11 02:14:01,066 - BlueprintGraph.NodeDeleter - ERROR - [node_deleter.py:63] - Failed to delete node: Unknown error
2026-03-11 02:14:01,068 - mcp.server.lowlevel.server - DEBUG - [server.py:790] - Response sent
2026-03-11 02:14:17,091 - mcp.server.lowlevel.server - DEBUG - [server.py:675] - Received message: <mcp.shared.session.RequestResponder object at 0x000001B6B6691BD0>
2026-03-11 02:14:17,091 - mcp.server.lowlevel.server - INFO - [server.py:720] - Processing request of type CallToolRequest
2026-03-11 02:14:17,091 - mcp.server.lowlevel.server - DEBUG - [server.py:723] - Dispatching request of type CallToolRequest
2026-03-11 02:14:17,094 - UnrealMCP_Advanced - INFO - [unreal_mcp_server_advanced.py:147] - Connecting to Unreal at 127.0.0.1:55557 (attempt 1/4)...
2026-03-11 02:14:17,095 - UnrealMCP_Advanced - INFO - [unreal_mcp_server_advanced.py:154] - Successfully connected to Unreal Engine
2026-03-11 02:14:17,095 - UnrealMCP_Advanced - INFO - [unreal_mcp_server_advanced.py:362] - Sending command (attempt 1): compile_blueprint
2026-03-11 02:14:17,095 - UnrealMCP_Advanced - DEBUG - [unreal_mcp_server_advanced.py:363] - Command payload: {"type": "compile_blueprint", "params": {"blueprint_name": "/Game/FPS/Migrate/ABP_Manny"}}...
2026-03-11 02:14:17,518 - UnrealMCP_Advanced - INFO - [unreal_mcp_server_advanced.py:264] - Received complete response (109 bytes) for compile_blueprint
2026-03-11 02:14:17,518 - UnrealMCP_Advanced - INFO - [unreal_mcp_server_advanced.py:380] - Command compile_blueprint completed successfully
2026-03-11 02:14:17,519 - mcp.server.lowlevel.server - DEBUG - [server.py:790] - Response sent
2026-03-11 02:14:23,256 - mcp.server.lowlevel.server - DEBUG - [server.py:675] - Received message: <mcp.shared.session.RequestResponder object at 0x000001B6B66919F0>
2026-03-11 02:14:23,256 - mcp.server.lowlevel.server - INFO - [server.py:720] - Processing request of type CallToolRequest
2026-03-11 02:14:23,256 - mcp.server.lowlevel.server - DEBUG - [server.py:723] - Dispatching request of type CallToolRequest
2026-03-11 02:14:23,256 - UnrealMCP_Advanced - INFO - [unreal_mcp_server_advanced.py:147] - Connecting to Unreal at 127.0.0.1:55557 (attempt 1/4)...
2026-03-11 02:14:23,256 - UnrealMCP_Advanced - INFO - [unreal_mcp_server_advanced.py:154] - Successfully connected to Unreal Engine
2026-03-11 02:14:23,256 - UnrealMCP_Advanced - INFO - [unreal_mcp_server_advanced.py:362] - Sending command (attempt 1): compile_blueprint
2026-03-11 02:14:23,256 - UnrealMCP_Advanced - DEBUG - [unreal_mcp_server_advanced.py:363] - Command payload: {"type": "compile_blueprint", "params": {"blueprint_name": "/Game/Blueprints/BP_FPSPlayer"}}...
2026-03-11 02:14:23,454 - UnrealMCP_Advanced - INFO - [unreal_mcp_server_advanced.py:264] - Received complete response (111 bytes) for compile_blueprint
2026-03-11 02:14:23,454 - UnrealMCP_Advanced - INFO - [unreal_mcp_server_advanced.py:380] - Command compile_blueprint completed successfully
2026-03-11 02:14:23,455 - mcp.server.lowlevel.server - DEBUG - [server.py:790] - Response sent
2026-03-11 02:25:09,766 - mcp.server.lowlevel.server - DEBUG - [server.py:675] - Received message: <mcp.shared.session.RequestResponder object at 0x000001B6B6691BD0>
2026-03-11 02:25:09,767 - mcp.server.lowlevel.server - INFO - [server.py:720] - Processing request of type CallToolRequest
2026-03-11 02:25:09,767 - mcp.server.lowlevel.server - DEBUG - [server.py:723] - Dispatching request of type CallToolRequest
2026-03-11 02:25:09,767 - UnrealMCP_Advanced - INFO - [unreal_mcp_server_advanced.py:679] - Reading Blueprint content for: /Game/Blueprints/BP_FPSPlayer
2026-03-11 02:25:09,768 - UnrealMCP_Advanced - INFO - [unreal_mcp_server_advanced.py:147] - Connecting to Unreal at 127.0.0.1:55557 (attempt 1/4)...
2026-03-11 02:25:09,768 - UnrealMCP_Advanced - INFO - [unreal_mcp_server_advanced.py:154] - Successfully connected to Unreal Engine
2026-03-11 02:25:09,769 - UnrealMCP_Advanced - INFO - [unreal_mcp_server_advanced.py:362] - Sending command (attempt 1): read_blueprint_content
2026-03-11 02:25:09,769 - UnrealMCP_Advanced - DEBUG - [unreal_mcp_server_advanced.py:363] - Command payload: {"type": "read_blueprint_content", "params": {"blueprint_path": "/Game/Blueprints/BP_FPSPlayer", "include_event_graph": true, "include_functions": false, "include_variables": false, "include_components": false, "include_interfaces": false}}...
2026-03-11 02:25:10,045 - UnrealMCP_Advanced - INFO - [unreal_mcp_server_advanced.py:264] - Received complete response (2642 bytes) for read_blueprint_content
2026-03-11 02:25:10,045 - UnrealMCP_Advanced - INFO - [unreal_mcp_server_advanced.py:380] - Command read_blueprint_content completed successfully
2026-03-11 02:25:10,047 - mcp.server.lowlevel.server - DEBUG - [server.py:790] - Response sent
2026-03-11 02:25:23,372 - mcp.server.lowlevel.server - DEBUG - [server.py:675] - Received message: <mcp.shared.session.RequestResponder object at 0x000001B6B1B04E10>
2026-03-11 02:25:23,372 - mcp.server.lowlevel.server - INFO - [server.py:720] - Processing request of type CallToolRequest
2026-03-11 02:25:23,372 - mcp.server.lowlevel.server - DEBUG - [server.py:723] - Dispatching request of type CallToolRequest
2026-03-11 02:25:23,372 - UnrealMCP_Advanced - INFO - [unreal_mcp_server_advanced.py:147] - Connecting to Unreal at 127.0.0.1:55557 (attempt 1/4)...
2026-03-11 02:25:23,373 - UnrealMCP_Advanced - INFO - [unreal_mcp_server_advanced.py:154] - Successfully connected to Unreal Engine
2026-03-11 02:25:23,373 - UnrealMCP_Advanced - INFO - [unreal_mcp_server_advanced.py:362] - Sending command (attempt 1): delete_node
2026-03-11 02:25:23,373 - UnrealMCP_Advanced - DEBUG - [unreal_mcp_server_advanced.py:363] - Command payload: {"type": "delete_node", "params": {"blueprint_name": "BP_FPSPlayer", "node_id": "K2Node_Event_2"}}...
2026-03-11 02:25:23,717 - UnrealMCP_Advanced - INFO - [unreal_mcp_server_advanced.py:264] - Received complete response (124 bytes) for delete_node
2026-03-11 02:25:23,717 - UnrealMCP_Advanced - INFO - [unreal_mcp_server_advanced.py:380] - Command delete_node completed successfully
2026-03-11 02:25:23,717 - BlueprintGraph.NodeDeleter - ERROR - [node_deleter.py:63] - Failed to delete node: Unknown error
2026-03-11 02:25:23,719 - mcp.server.lowlevel.server - DEBUG - [server.py:790] - Response sent
2026-03-11 02:25:23,821 - mcp.server.lowlevel.server - DEBUG - [server.py:675] - Received message: <mcp.shared.session.RequestResponder object at 0x000001B6B6691D10>
2026-03-11 02:25:23,821 - mcp.server.lowlevel.server - INFO - [server.py:720] - Processing request of type CallToolRequest
2026-03-11 02:25:23,821 - mcp.server.lowlevel.server - DEBUG - [server.py:723] - Dispatching request of type CallToolRequest
2026-03-11 02:25:23,821 - UnrealMCP_Advanced - INFO - [unreal_mcp_server_advanced.py:147] - Connecting to Unreal at 127.0.0.1:55557 (attempt 1/4)...
2026-03-11 02:25:23,822 - UnrealMCP_Advanced - INFO - [unreal_mcp_server_advanced.py:154] - Successfully connected to Unreal Engine
2026-03-11 02:25:23,822 - UnrealMCP_Advanced - INFO - [unreal_mcp_server_advanced.py:362] - Sending command (attempt 1): delete_node
2026-03-11 02:25:23,822 - UnrealMCP_Advanced - DEBUG - [unreal_mcp_server_advanced.py:363] - Command payload: {"type": "delete_node", "params": {"blueprint_name": "BP_FPSPlayer", "node_id": "K2Node_IfThenElse_0"}}...
2026-03-11 02:25:24,050 - UnrealMCP_Advanced - INFO - [unreal_mcp_server_advanced.py:264] - Received complete response (124 bytes) for delete_node
2026-03-11 02:25:24,050 - UnrealMCP_Advanced - INFO - [unreal_mcp_server_advanced.py:380] - Command delete_node completed successfully
2026-03-11 02:25:24,051 - BlueprintGraph.NodeDeleter - ERROR - [node_deleter.py:63] - Failed to delete node: Unknown error
2026-03-11 02:25:24,052 - mcp.server.lowlevel.server - DEBUG - [server.py:790] - Response sent
2026-03-11 02:25:24,682 - mcp.server.lowlevel.server - DEBUG - [server.py:675] - Received message: <mcp.shared.session.RequestResponder object at 0x000001B6B66913B0>
2026-03-11 02:25:24,682 - mcp.server.lowlevel.server - INFO - [server.py:720] - Processing request of type CallToolRequest
2026-03-11 02:25:24,682 - mcp.server.lowlevel.server - DEBUG - [server.py:723] - Dispatching request of type CallToolRequest
2026-03-11 02:25:24,682 - UnrealMCP_Advanced - INFO - [unreal_mcp_server_advanced.py:147] - Connecting to Unreal at 127.0.0.1:55557 (attempt 1/4)...
2026-03-11 02:25:24,682 - UnrealMCP_Advanced - INFO - [unreal_mcp_server_advanced.py:154] - Successfully connected to Unreal Engine
2026-03-11 02:25:24,683 - UnrealMCP_Advanced - INFO - [unreal_mcp_server_advanced.py:362] - Sending command (attempt 1): delete_node
2026-03-11 02:25:24,683 - UnrealMCP_Advanced - DEBUG - [unreal_mcp_server_advanced.py:363] - Command payload: {"type": "delete_node", "params": {"blueprint_name": "BP_FPSPlayer", "node_id": "K2Node_CallFunction_2"}}...
2026-03-11 02:25:25,050 - UnrealMCP_Advanced - INFO - [unreal_mcp_server_advanced.py:264] - Received complete response (124 bytes) for delete_node
2026-03-11 02:25:25,050 - UnrealMCP_Advanced - INFO - [unreal_mcp_server_advanced.py:380] - Command delete_node completed successfully
2026-03-11 02:25:25,050 - BlueprintGraph.NodeDeleter - ERROR - [node_deleter.py:63] - Failed to delete node: Unknown error
2026-03-11 02:25:25,051 - mcp.server.lowlevel.server - DEBUG - [server.py:790] - Response sent
2026-03-11 02:25:25,839 - mcp.server.lowlevel.server - DEBUG - [server.py:675] - Received message: <mcp.shared.session.RequestResponder object at 0x000001B6B6691BD0>
2026-03-11 02:25:25,839 - mcp.server.lowlevel.server - INFO - [server.py:720] - Processing request of type CallToolRequest
2026-03-11 02:25:25,839 - mcp.server.lowlevel.server - DEBUG - [server.py:723] - Dispatching request of type CallToolRequest
2026-03-11 02:25:25,839 - UnrealMCP_Advanced - INFO - [unreal_mcp_server_advanced.py:147] - Connecting to Unreal at 127.0.0.1:55557 (attempt 1/4)...
2026-03-11 02:25:25,840 - UnrealMCP_Advanced - INFO - [unreal_mcp_server_advanced.py:154] - Successfully connected to Unreal Engine
2026-03-11 02:25:25,840 - UnrealMCP_Advanced - INFO - [unreal_mcp_server_advanced.py:362] - Sending command (attempt 1): delete_node
2026-03-11 02:25:25,840 - UnrealMCP_Advanced - DEBUG - [unreal_mcp_server_advanced.py:363] - Command payload: {"type": "delete_node", "params": {"blueprint_name": "BP_FPSPlayer", "node_id": "K2Node_VariableGet_5"}}...
2026-03-11 02:25:26,050 - UnrealMCP_Advanced - INFO - [unreal_mcp_server_advanced.py:264] - Received complete response (124 bytes) for delete_node
2026-03-11 02:25:26,050 - UnrealMCP_Advanced - INFO - [unreal_mcp_server_advanced.py:380] - Command delete_node completed successfully
2026-03-11 02:25:26,051 - BlueprintGraph.NodeDeleter - ERROR - [node_deleter.py:63] - Failed to delete node: Unknown error
2026-03-11 02:25:26,052 - mcp.server.lowlevel.server - DEBUG - [server.py:790] - Response sent
2026-03-11 02:25:58,624 - mcp.server.lowlevel.server - DEBUG - [server.py:675] - Received message: <mcp.shared.session.RequestResponder object at 0x000001B6B6691810>
2026-03-11 02:25:58,625 - mcp.server.lowlevel.server - INFO - [server.py:720] - Processing request of type CallToolRequest
2026-03-11 02:25:58,625 - mcp.server.lowlevel.server - DEBUG - [server.py:723] - Dispatching request of type CallToolRequest
2026-03-11 02:25:58,625 - UnrealMCP_Advanced - INFO - [unreal_mcp_server_advanced.py:147] - Connecting to Unreal at 127.0.0.1:55557 (attempt 1/4)...
2026-03-11 02:25:58,625 - UnrealMCP_Advanced - INFO - [unreal_mcp_server_advanced.py:154] - Successfully connected to Unreal Engine
2026-03-11 02:25:58,625 - UnrealMCP_Advanced - INFO - [unreal_mcp_server_advanced.py:362] - Sending command (attempt 1): compile_blueprint
2026-03-11 02:25:58,625 - UnrealMCP_Advanced - DEBUG - [unreal_mcp_server_advanced.py:363] - Command payload: {"type": "compile_blueprint", "params": {"blueprint_name": "BP_FPSPlayer"}}...
2026-03-11 02:25:58,814 - UnrealMCP_Advanced - INFO - [unreal_mcp_server_advanced.py:264] - Received complete response (94 bytes) for compile_blueprint
2026-03-11 02:25:58,814 - UnrealMCP_Advanced - INFO - [unreal_mcp_server_advanced.py:380] - Command compile_blueprint completed successfully
2026-03-11 02:25:58,815 - mcp.server.lowlevel.server - DEBUG - [server.py:790] - Response sent
2026-03-11 02:31:58,680 - mcp.server.lowlevel.server - DEBUG - [server.py:675] - Received message: <mcp.shared.session.RequestResponder object at 0x000001B6B66913B0>
2026-03-11 02:31:58,680 - mcp.server.lowlevel.server - INFO - [server.py:720] - Processing request of type CallToolRequest
2026-03-11 02:31:58,680 - mcp.server.lowlevel.server - DEBUG - [server.py:723] - Dispatching request of type CallToolRequest
2026-03-11 02:31:58,681 - UnrealMCP_Advanced - INFO - [unreal_mcp_server_advanced.py:679] - Reading Blueprint content for: /Game/Blueprints/BP_FPSPlayer
2026-03-11 02:31:58,681 - UnrealMCP_Advanced - INFO - [unreal_mcp_server_advanced.py:147] - Connecting to Unreal at 127.0.0.1:55557 (attempt 1/4)...
2026-03-11 02:31:58,681 - UnrealMCP_Advanced - INFO - [unreal_mcp_server_advanced.py:154] - Successfully connected to Unreal Engine
2026-03-11 02:31:58,681 - UnrealMCP_Advanced - INFO - [unreal_mcp_server_advanced.py:362] - Sending command (attempt 1): read_blueprint_content
2026-03-11 02:31:58,681 - UnrealMCP_Advanced - DEBUG - [unreal_mcp_server_advanced.py:363] - Command payload: {"type": "read_blueprint_content", "params": {"blueprint_path": "/Game/Blueprints/BP_FPSPlayer", "include_event_graph": true, "include_functions": true, "include_variables": true, "include_components": false, "include_interfaces": false}}...
2026-03-11 02:31:58,757 - UnrealMCP_Advanced - INFO - [unreal_mcp_server_advanced.py:264] - Received complete response (3110 bytes) for read_blueprint_content
2026-03-11 02:31:58,757 - UnrealMCP_Advanced - INFO - [unreal_mcp_server_advanced.py:380] - Command read_blueprint_content completed successfully
2026-03-11 02:31:58,758 - mcp.server.lowlevel.server - DEBUG - [server.py:790] - Response sent
2026-03-11 02:32:24,436 - mcp.server.lowlevel.server - DEBUG - [server.py:675] - Received message: <mcp.shared.session.RequestResponder object at 0x000001B6B6691A90>
2026-03-11 02:32:24,436 - mcp.server.lowlevel.server - INFO - [server.py:720] - Processing request of type CallToolRequest
2026-03-11 02:32:24,436 - mcp.server.lowlevel.server - DEBUG - [server.py:723] - Dispatching request of type CallToolRequest
2026-03-11 02:32:24,436 - UnrealMCP_Advanced - INFO - [unreal_mcp_server_advanced.py:147] - Connecting to Unreal at 127.0.0.1:55557 (attempt 1/4)...
2026-03-11 02:32:24,437 - UnrealMCP_Advanced - INFO - [unreal_mcp_server_advanced.py:154] - Successfully connected to Unreal Engine
2026-03-11 02:32:24,437 - UnrealMCP_Advanced - INFO - [unreal_mcp_server_advanced.py:362] - Sending command (attempt 1): delete_node
2026-03-11 02:32:24,437 - UnrealMCP_Advanced - DEBUG - [unreal_mcp_server_advanced.py:363] - Command payload: {"type": "delete_node", "params": {"blueprint_name": "BP_FPSPlayer", "node_id": "K2Node_DynamicCast_2"}}...
2026-03-11 02:32:24,502 - UnrealMCP_Advanced - INFO - [unreal_mcp_server_advanced.py:264] - Received complete response (124 bytes) for delete_node
2026-03-11 02:32:24,502 - UnrealMCP_Advanced - INFO - [unreal_mcp_server_advanced.py:380] - Command delete_node completed successfully
2026-03-11 02:32:24,502 - BlueprintGraph.NodeDeleter - ERROR - [node_deleter.py:63] - Failed to delete node: Unknown error
2026-03-11 02:32:24,504 - mcp.server.lowlevel.server - DEBUG - [server.py:790] - Response sent
2026-03-11 02:32:24,877 - mcp.server.lowlevel.server - DEBUG - [server.py:675] - Received message: <mcp.shared.session.RequestResponder object at 0x000001B6B66919F0>
2026-03-11 02:32:24,877 - mcp.server.lowlevel.server - INFO - [server.py:720] - Processing request of type CallToolRequest
2026-03-11 02:32:24,877 - mcp.server.lowlevel.server - DEBUG - [server.py:723] - Dispatching request of type CallToolRequest
2026-03-11 02:32:24,877 - UnrealMCP_Advanced - INFO - [unreal_mcp_server_advanced.py:147] - Connecting to Unreal at 127.0.0.1:55557 (attempt 1/4)...
2026-03-11 02:32:24,878 - UnrealMCP_Advanced - INFO - [unreal_mcp_server_advanced.py:154] - Successfully connected to Unreal Engine
2026-03-11 02:32:24,878 - UnrealMCP_Advanced - INFO - [unreal_mcp_server_advanced.py:362] - Sending command (attempt 1): delete_node
2026-03-11 02:32:24,878 - UnrealMCP_Advanced - DEBUG - [unreal_mcp_server_advanced.py:363] - Command payload: {"type": "delete_node", "params": {"blueprint_name": "BP_FPSPlayer", "node_id": "K2Node_VariableGet_18"}}...
2026-03-11 02:32:24,911 - UnrealMCP_Advanced - INFO - [unreal_mcp_server_advanced.py:264] - Received complete response (124 bytes) for delete_node
2026-03-11 02:32:24,912 - UnrealMCP_Advanced - INFO - [unreal_mcp_server_advanced.py:380] - Command delete_node completed successfully
2026-03-11 02:32:24,912 - BlueprintGraph.NodeDeleter - ERROR - [node_deleter.py:63] - Failed to delete node: Unknown error
2026-03-11 02:32:24,915 - mcp.server.lowlevel.server - DEBUG - [server.py:790] - Response sent
2026-03-11 02:32:25,792 - mcp.server.lowlevel.server - DEBUG - [server.py:675] - Received message: <mcp.shared.session.RequestResponder object at 0x000001B6B66916D0>
2026-03-11 02:32:25,792 - mcp.server.lowlevel.server - INFO - [server.py:720] - Processing request of type CallToolRequest
2026-03-11 02:32:25,792 - mcp.server.lowlevel.server - DEBUG - [server.py:723] - Dispatching request of type CallToolRequest
2026-03-11 02:32:25,792 - UnrealMCP_Advanced - INFO - [unreal_mcp_server_advanced.py:147] - Connecting to Unreal at 127.0.0.1:55557 (attempt 1/4)...
2026-03-11 02:32:25,793 - UnrealMCP_Advanced - INFO - [unreal_mcp_server_advanced.py:154] - Successfully connected to Unreal Engine
2026-03-11 02:32:25,793 - UnrealMCP_Advanced - INFO - [unreal_mcp_server_advanced.py:362] - Sending command (attempt 1): delete_node
2026-03-11 02:32:25,793 - UnrealMCP_Advanced - DEBUG - [unreal_mcp_server_advanced.py:363] - Command payload: {"type": "delete_node", "params": {"blueprint_name": "BP_FPSPlayer", "node_id": "K2Node_VariableGet_19"}}...
2026-03-11 02:32:25,826 - UnrealMCP_Advanced - INFO - [unreal_mcp_server_advanced.py:264] - Received complete response (124 bytes) for delete_node
2026-03-11 02:32:25,827 - UnrealMCP_Advanced - INFO - [unreal_mcp_server_advanced.py:380] - Command delete_node completed successfully
2026-03-11 02:32:25,827 - BlueprintGraph.NodeDeleter - ERROR - [node_deleter.py:63] - Failed to delete node: Unknown error
2026-03-11 02:32:25,829 - mcp.server.lowlevel.server - DEBUG - [server.py:790] - Response sent
2026-03-11 02:32:26,189 - mcp.server.lowlevel.server - DEBUG - [server.py:675] - Received message: <mcp.shared.session.RequestResponder object at 0x000001B6B6691270>
2026-03-11 02:32:26,189 - mcp.server.lowlevel.server - INFO - [server.py:720] - Processing request of type CallToolRequest
2026-03-11 02:32:26,189 - mcp.server.lowlevel.server - DEBUG - [server.py:723] - Dispatching request of type CallToolRequest
2026-03-11 02:32:26,189 - UnrealMCP_Advanced - INFO - [unreal_mcp_server_advanced.py:147] - Connecting to Unreal at 127.0.0.1:55557 (attempt 1/4)...
2026-03-11 02:32:26,190 - UnrealMCP_Advanced - INFO - [unreal_mcp_server_advanced.py:154] - Successfully connected to Unreal Engine
2026-03-11 02:32:26,190 - UnrealMCP_Advanced - INFO - [unreal_mcp_server_advanced.py:362] - Sending command (attempt 1): delete_node
2026-03-11 02:32:26,190 - UnrealMCP_Advanced - DEBUG - [unreal_mcp_server_advanced.py:363] - Command payload: {"type": "delete_node", "params": {"blueprint_name": "BP_FPSPlayer", "node_id": "K2Node_VariableSet_27"}}...
2026-03-11 02:32:26,241 - UnrealMCP_Advanced - INFO - [unreal_mcp_server_advanced.py:264] - Received complete response (124 bytes) for delete_node
2026-03-11 02:32:26,242 - UnrealMCP_Advanced - INFO - [unreal_mcp_server_advanced.py:380] - Command delete_node completed successfully
2026-03-11 02:32:26,242 - BlueprintGraph.NodeDeleter - ERROR - [node_deleter.py:63] - Failed to delete node: Unknown error
2026-03-11 02:32:26,244 - mcp.server.lowlevel.server - DEBUG - [server.py:790] - Response sent
2026-03-11 02:32:26,591 - mcp.server.lowlevel.server - DEBUG - [server.py:675] - Received message: <mcp.shared.session.RequestResponder object at 0x000001B6B6691130>
2026-03-11 02:32:26,591 - mcp.server.lowlevel.server - INFO - [server.py:720] - Processing request of type CallToolRequest
2026-03-11 02:32:26,591 - mcp.server.lowlevel.server - DEBUG - [server.py:723] - Dispatching request of type CallToolRequest
2026-03-11 02:32:26,592 - UnrealMCP_Advanced - INFO - [unreal_mcp_server_advanced.py:147] - Connecting to Unreal at 127.0.0.1:55557 (attempt 1/4)...
2026-03-11 02:32:26,615 - UnrealMCP_Advanced - INFO - [unreal_mcp_server_advanced.py:154] - Successfully connected to Unreal Engine
2026-03-11 02:32:26,615 - UnrealMCP_Advanced - INFO - [unreal_mcp_server_advanced.py:362] - Sending command (attempt 1): delete_node
2026-03-11 02:32:26,615 - UnrealMCP_Advanced - DEBUG - [unreal_mcp_server_advanced.py:363] - Command payload: {"type": "delete_node", "params": {"blueprint_name": "BP_FPSPlayer", "node_id": "K2Node_VariableSet_2"}}...
2026-03-11 02:32:26,648 - UnrealMCP_Advanced - INFO - [unreal_mcp_server_advanced.py:264] - Received complete response (124 bytes) for delete_node
2026-03-11 02:32:26,648 - UnrealMCP_Advanced - INFO - [unreal_mcp_server_advanced.py:380] - Command delete_node completed successfully
2026-03-11 02:32:26,648 - BlueprintGraph.NodeDeleter - ERROR - [node_deleter.py:63] - Failed to delete node: Unknown error
2026-03-11 02:32:26,650 - mcp.server.lowlevel.server - DEBUG - [server.py:790] - Response sent
2026-03-11 02:32:27,008 - mcp.server.lowlevel.server - DEBUG - [server.py:675] - Received message: <mcp.shared.session.RequestResponder object at 0x000001B6B66913B0>
2026-03-11 02:32:27,008 - mcp.server.lowlevel.server - INFO - [server.py:720] - Processing request of type CallToolRequest
2026-03-11 02:32:27,008 - mcp.server.lowlevel.server - DEBUG - [server.py:723] - Dispatching request of type CallToolRequest
2026-03-11 02:32:27,008 - UnrealMCP_Advanced - INFO - [unreal_mcp_server_advanced.py:147] - Connecting to Unreal at 127.0.0.1:55557 (attempt 1/4)...
2026-03-11 02:32:27,027 - UnrealMCP_Advanced - INFO - [unreal_mcp_server_advanced.py:154] - Successfully connected to Unreal Engine
2026-03-11 02:32:27,027 - UnrealMCP_Advanced - INFO - [unreal_mcp_server_advanced.py:362] - Sending command (attempt 1): delete_node
2026-03-11 02:32:27,027 - UnrealMCP_Advanced - DEBUG - [unreal_mcp_server_advanced.py:363] - Command payload: {"type": "delete_node", "params": {"blueprint_name": "BP_FPSPlayer", "node_id": "K2Node_VariableGet_3"}}...
2026-03-11 02:32:27,055 - UnrealMCP_Advanced - INFO - [unreal_mcp_server_advanced.py:264] - Received complete response (124 bytes) for delete_node
2026-03-11 02:32:27,055 - UnrealMCP_Advanced - INFO - [unreal_mcp_server_advanced.py:380] - Command delete_node completed successfully
2026-03-11 02:32:27,055 - BlueprintGraph.NodeDeleter - ERROR - [node_deleter.py:63] - Failed to delete node: Unknown error
2026-03-11 02:32:27,057 - mcp.server.lowlevel.server - DEBUG - [server.py:790] - Response sent
2026-03-11 02:32:28,625 - mcp.server.lowlevel.server - DEBUG - [server.py:675] - Received message: <mcp.shared.session.RequestResponder object at 0x000001B6B6691BD0>
2026-03-11 02:32:28,625 - mcp.server.lowlevel.server - INFO - [server.py:720] - Processing request of type CallToolRequest
2026-03-11 02:32:28,625 - mcp.server.lowlevel.server - DEBUG - [server.py:723] - Dispatching request of type CallToolRequest
2026-03-11 02:32:28,625 - UnrealMCP_Advanced - INFO - [unreal_mcp_server_advanced.py:147] - Connecting to Unreal at 127.0.0.1:55557 (attempt 1/4)...
2026-03-11 02:32:28,649 - UnrealMCP_Advanced - INFO - [unreal_mcp_server_advanced.py:154] - Successfully connected to Unreal Engine
2026-03-11 02:32:28,649 - UnrealMCP_Advanced - INFO - [unreal_mcp_server_advanced.py:362] - Sending command (attempt 1): delete_node
2026-03-11 02:32:28,649 - UnrealMCP_Advanced - DEBUG - [unreal_mcp_server_advanced.py:363] - Command payload: {"type": "delete_node", "params": {"blueprint_name": "BP_FPSPlayer", "node_id": "K2Node_VariableGet_4"}}...
2026-03-11 02:32:28,669 - UnrealMCP_Advanced - INFO - [unreal_mcp_server_advanced.py:264] - Received complete response (124 bytes) for delete_node
2026-03-11 02:32:28,669 - UnrealMCP_Advanced - INFO - [unreal_mcp_server_advanced.py:380] - Command delete_node completed successfully
2026-03-11 02:32:28,670 - BlueprintGraph.NodeDeleter - ERROR - [node_deleter.py:63] - Failed to delete node: Unknown error
2026-03-11 02:32:28,671 - mcp.server.lowlevel.server - DEBUG - [server.py:790] - Response sent
2026-03-11 02:32:36,533 - mcp.server.lowlevel.server - DEBUG - [server.py:675] - Received message: <mcp.shared.session.RequestResponder object at 0x000001B6B66919F0>
2026-03-11 02:32:36,533 - mcp.server.lowlevel.server - INFO - [server.py:720] - Processing request of type CallToolRequest
2026-03-11 02:32:36,533 - mcp.server.lowlevel.server - DEBUG - [server.py:723] - Dispatching request of type CallToolRequest
2026-03-11 02:32:36,533 - UnrealMCP_Advanced - INFO - [unreal_mcp_server_advanced.py:147] - Connecting to Unreal at 127.0.0.1:55557 (attempt 1/4)...
2026-03-11 02:32:36,533 - UnrealMCP_Advanced - INFO - [unreal_mcp_server_advanced.py:154] - Successfully connected to Unreal Engine
2026-03-11 02:32:36,533 - UnrealMCP_Advanced - INFO - [unreal_mcp_server_advanced.py:362] - Sending command (attempt 1): compile_blueprint
2026-03-11 02:32:36,533 - UnrealMCP_Advanced - DEBUG - [unreal_mcp_server_advanced.py:363] - Command payload: {"type": "compile_blueprint", "params": {"blueprint_name": "BP_FPSPlayer"}}...
2026-03-11 02:32:36,883 - UnrealMCP_Advanced - INFO - [unreal_mcp_server_advanced.py:264] - Received complete response (94 bytes) for compile_blueprint
2026-03-11 02:32:36,883 - UnrealMCP_Advanced - INFO - [unreal_mcp_server_advanced.py:380] - Command compile_blueprint completed successfully
2026-03-11 02:32:36,885 - mcp.server.lowlevel.server - DEBUG - [server.py:790] - Response sent
2026-03-11 02:33:36,666 - mcp.server.lowlevel.server - DEBUG - [server.py:675] - Received message: <mcp.shared.session.RequestResponder object at 0x000001B6B6691590>
2026-03-11 02:33:36,667 - mcp.server.lowlevel.server - INFO - [server.py:720] - Processing request of type CallToolRequest
2026-03-11 02:33:36,667 - mcp.server.lowlevel.server - DEBUG - [server.py:723] - Dispatching request of type CallToolRequest
2026-03-11 02:33:36,667 - UnrealMCP_Advanced - INFO - [unreal_mcp_server_advanced.py:679] - Reading Blueprint content for: /Game/FPS/Migrate/ABP_Manny
2026-03-11 02:33:36,667 - UnrealMCP_Advanced - INFO - [unreal_mcp_server_advanced.py:147] - Connecting to Unreal at 127.0.0.1:55557 (attempt 1/4)...
2026-03-11 02:33:36,668 - UnrealMCP_Advanced - INFO - [unreal_mcp_server_advanced.py:154] - Successfully connected to Unreal Engine
2026-03-11 02:33:36,668 - UnrealMCP_Advanced - INFO - [unreal_mcp_server_advanced.py:362] - Sending command (attempt 1): read_blueprint_content
2026-03-11 02:33:36,668 - UnrealMCP_Advanced - DEBUG - [unreal_mcp_server_advanced.py:363] - Command payload: {"type": "read_blueprint_content", "params": {"blueprint_path": "/Game/FPS/Migrate/ABP_Manny", "include_event_graph": true, "include_functions": false, "include_variables": true, "include_components": false, "include_interfaces": false}}...
2026-03-11 02:33:36,721 - UnrealMCP_Advanced - INFO - [unreal_mcp_server_advanced.py:264] - Received complete response (12199 bytes) for read_blueprint_content
2026-03-11 02:33:36,721 - UnrealMCP_Advanced - INFO - [unreal_mcp_server_advanced.py:380] - Command read_blueprint_content completed successfully
2026-03-11 02:33:36,723 - mcp.server.lowlevel.server - DEBUG - [server.py:790] - Response sent
2026-03-11 02:35:24,764 - mcp.server.lowlevel.server - DEBUG - [server.py:675] - Received message: <mcp.shared.session.RequestResponder object at 0x000001B6B6691130>
2026-03-11 02:35:24,764 - mcp.server.lowlevel.server - INFO - [server.py:720] - Processing request of type CallToolRequest
2026-03-11 02:35:24,764 - mcp.server.lowlevel.server - DEBUG - [server.py:723] - Dispatching request of type CallToolRequest
2026-03-11 02:35:24,765 - UnrealMCP_Advanced - INFO - [unreal_mcp_server_advanced.py:734] - Analyzing Blueprint graph: /Game/FPS/Migrate/ABP_Manny -> EventGraph
2026-03-11 02:35:24,765 - UnrealMCP_Advanced - INFO - [unreal_mcp_server_advanced.py:147] - Connecting to Unreal at 127.0.0.1:55557 (attempt 1/4)...
2026-03-11 02:35:24,766 - UnrealMCP_Advanced - INFO - [unreal_mcp_server_advanced.py:154] - Successfully connected to Unreal Engine
2026-03-11 02:35:24,766 - UnrealMCP_Advanced - INFO - [unreal_mcp_server_advanced.py:362] - Sending command (attempt 1): analyze_blueprint_graph
2026-03-11 02:35:24,766 - UnrealMCP_Advanced - DEBUG - [unreal_mcp_server_advanced.py:363] - Command payload: {"type": "analyze_blueprint_graph", "params": {"blueprint_path": "/Game/FPS/Migrate/ABP_Manny", "graph_name": "EventGraph", "include_node_details": true, "include_pin_connections": true, "trace_execution_flow": true}}...
2026-03-11 02:35:24,824 - UnrealMCP_Advanced - INFO - [unreal_mcp_server_advanced.py:264] - Received complete response (75602 bytes) for analyze_blueprint_graph
2026-03-11 02:35:24,824 - UnrealMCP_Advanced - INFO - [unreal_mcp_server_advanced.py:380] - Command analyze_blueprint_graph completed successfully
2026-03-11 02:35:24,827 - mcp.server.lowlevel.server - DEBUG - [server.py:790] - Response sent
2026-03-11 02:42:46,321 - mcp.server.lowlevel.server - DEBUG - [server.py:675] - Received message: <mcp.shared.session.RequestResponder object at 0x000001B6B6691A90>
2026-03-11 02:42:46,321 - mcp.server.lowlevel.server - INFO - [server.py:720] - Processing request of type CallToolRequest
2026-03-11 02:42:46,321 - mcp.server.lowlevel.server - DEBUG - [server.py:723] - Dispatching request of type CallToolRequest
2026-03-11 02:42:46,321 - UnrealMCP_Advanced - INFO - [unreal_mcp_server_advanced.py:679] - Reading Blueprint content for: /Game/ShootingAI/Characters/Mannequins/Animations/ABP_Manny_NoWeapon
2026-03-11 02:42:46,321 - UnrealMCP_Advanced - INFO - [unreal_mcp_server_advanced.py:147] - Connecting to Unreal at 127.0.0.1:55557 (attempt 1/4)...
2026-03-11 02:42:46,322 - UnrealMCP_Advanced - INFO - [unreal_mcp_server_advanced.py:154] - Successfully connected to Unreal Engine
2026-03-11 02:42:46,322 - UnrealMCP_Advanced - INFO - [unreal_mcp_server_advanced.py:362] - Sending command (attempt 1): read_blueprint_content
2026-03-11 02:42:46,322 - UnrealMCP_Advanced - DEBUG - [unreal_mcp_server_advanced.py:363] - Command payload: {"type": "read_blueprint_content", "params": {"blueprint_path": "/Game/ShootingAI/Characters/Mannequins/Animations/ABP_Manny_NoWeapon", "include_event_graph": false, "include_functions": false, "include_variables": true, "include_components": false, "include_interfaces": false}}...
2026-03-11 02:42:46,529 - UnrealMCP_Advanced - INFO - [unreal_mcp_server_advanced.py:264] - Received complete response (942 bytes) for read_blueprint_content
2026-03-11 02:42:46,529 - UnrealMCP_Advanced - INFO - [unreal_mcp_server_advanced.py:380] - Command read_blueprint_content completed successfully
2026-03-11 02:42:46,530 - mcp.server.lowlevel.server - DEBUG - [server.py:790] - Response sent
2026-03-11 02:43:41,630 - mcp.server.lowlevel.server - DEBUG - [server.py:675] - Received message: <mcp.shared.session.RequestResponder object at 0x000001B6B6691590>
2026-03-11 02:43:41,631 - mcp.server.lowlevel.server - INFO - [server.py:720] - Processing request of type CallToolRequest
2026-03-11 02:43:41,631 - mcp.server.lowlevel.server - DEBUG - [server.py:723] - Dispatching request of type CallToolRequest
2026-03-11 02:43:41,631 - UnrealMCP_Advanced - INFO - [unreal_mcp_server_advanced.py:734] - Analyzing Blueprint graph: /Game/FPS/Migrate/ABP_Manny -> AnimGraph
2026-03-11 02:43:41,631 - UnrealMCP_Advanced - INFO - [unreal_mcp_server_advanced.py:147] - Connecting to Unreal at 127.0.0.1:55557 (attempt 1/4)...
2026-03-11 02:43:41,631 - UnrealMCP_Advanced - INFO - [unreal_mcp_server_advanced.py:154] - Successfully connected to Unreal Engine
2026-03-11 02:43:41,631 - UnrealMCP_Advanced - INFO - [unreal_mcp_server_advanced.py:362] - Sending command (attempt 1): analyze_blueprint_graph
2026-03-11 02:43:41,631 - UnrealMCP_Advanced - DEBUG - [unreal_mcp_server_advanced.py:363] - Command payload: {"type": "analyze_blueprint_graph", "params": {"blueprint_path": "/Game/FPS/Migrate/ABP_Manny", "graph_name": "AnimGraph", "include_node_details": true, "include_pin_connections": true, "trace_execution_flow": false}}...
2026-03-11 02:43:41,871 - UnrealMCP_Advanced - INFO - [unreal_mcp_server_advanced.py:264] - Received complete response (27978 bytes) for analyze_blueprint_graph
2026-03-11 02:43:41,872 - UnrealMCP_Advanced - INFO - [unreal_mcp_server_advanced.py:380] - Command analyze_blueprint_graph completed successfully
2026-03-11 02:43:41,874 - mcp.server.lowlevel.server - DEBUG - [server.py:790] - Response sent
2026-03-11 03:01:28,934 - mcp.server.lowlevel.server - DEBUG - [server.py:675] - Received message: <mcp.shared.session.RequestResponder object at 0x000001B6B66913B0>
2026-03-11 03:01:28,934 - mcp.server.lowlevel.server - INFO - [server.py:720] - Processing request of type CallToolRequest
2026-03-11 03:01:28,934 - mcp.server.lowlevel.server - DEBUG - [server.py:723] - Dispatching request of type CallToolRequest
2026-03-11 03:01:28,935 - UnrealMCP_Advanced - INFO - [unreal_mcp_server_advanced.py:734] - Analyzing Blueprint graph: /Game/FPS/Migrate/ABP_Manny -> AnimGraph
2026-03-11 03:01:28,935 - UnrealMCP_Advanced - INFO - [unreal_mcp_server_advanced.py:147] - Connecting to Unreal at 127.0.0.1:55557 (attempt 1/4)...
2026-03-11 03:01:28,935 - UnrealMCP_Advanced - INFO - [unreal_mcp_server_advanced.py:154] - Successfully connected to Unreal Engine
2026-03-11 03:01:28,936 - UnrealMCP_Advanced - INFO - [unreal_mcp_server_advanced.py:362] - Sending command (attempt 1): analyze_blueprint_graph
2026-03-11 03:01:28,936 - UnrealMCP_Advanced - DEBUG - [unreal_mcp_server_advanced.py:363] - Command payload: {"type": "analyze_blueprint_graph", "params": {"blueprint_path": "/Game/FPS/Migrate/ABP_Manny", "graph_name": "AnimGraph", "include_node_details": true, "include_pin_connections": true, "trace_execution_flow": false}}...
2026-03-11 03:01:29,002 - UnrealMCP_Advanced - INFO - [unreal_mcp_server_advanced.py:264] - Received complete response (29376 bytes) for analyze_blueprint_graph
2026-03-11 03:01:29,003 - UnrealMCP_Advanced - INFO - [unreal_mcp_server_advanced.py:380] - Command analyze_blueprint_graph completed successfully
2026-03-11 03:01:29,005 - mcp.server.lowlevel.server - DEBUG - [server.py:790] - Response sent
2026-03-11 03:02:50,413 - mcp.server.lowlevel.server - DEBUG - [server.py:675] - Received message: <mcp.shared.session.RequestResponder object at 0x000001B6B0FB0910>
2026-03-11 03:02:50,414 - mcp.server.lowlevel.server - INFO - [server.py:720] - Processing request of type CallToolRequest
2026-03-11 03:02:50,414 - mcp.server.lowlevel.server - DEBUG - [server.py:723] - Dispatching request of type CallToolRequest
2026-03-11 03:02:50,414 - UnrealMCP_Advanced - INFO - [unreal_mcp_server_advanced.py:147] - Connecting to Unreal at 127.0.0.1:55557 (attempt 1/4)...
2026-03-11 03:02:50,415 - UnrealMCP_Advanced - INFO - [unreal_mcp_server_advanced.py:154] - Successfully connected to Unreal Engine
2026-03-11 03:02:50,415 - UnrealMCP_Advanced - INFO - [unreal_mcp_server_advanced.py:362] - Sending command (attempt 1): add_blueprint_node
2026-03-11 03:02:50,415 - UnrealMCP_Advanced - DEBUG - [unreal_mcp_server_advanced.py:363] - Command payload: {"type": "add_blueprint_node", "params": {"blueprint_name": "ABP_Manny", "node_type": "VariableGet", "node_params": {"pos_x": -3920.0, "pos_y": -400.0, "event_type": "BeginPlay", "variable_name": "HasWeapon", "function_name": "AnimGraph"}}}...
2026-03-11 03:02:50,462 - UnrealMCP_Advanced - INFO - [unreal_mcp_server_advanced.py:264] - Received complete response (69 bytes) for add_blueprint_node
2026-03-11 03:02:50,463 - UnrealMCP_Advanced - INFO - [unreal_mcp_server_advanced.py:380] - Command add_blueprint_node completed successfully
2026-03-11 03:02:50,463 - UnrealMCP_Advanced - WARNING - [unreal_mcp_server_advanced.py:385] - Unreal returned error: Blueprint not found: ABP_Manny
2026-03-11 03:02:50,463 - BlueprintGraph.NodeManager - ERROR - [node_manager.py:71] - Failed to add node: Blueprint not found: ABP_Manny
2026-03-11 03:02:50,464 - mcp.server.lowlevel.server - DEBUG - [server.py:790] - Response sent
2026-03-11 03:02:57,582 - mcp.server.lowlevel.server - DEBUG - [server.py:675] - Received message: <mcp.shared.session.RequestResponder object at 0x000001B6B6691590>
2026-03-11 03:02:57,583 - mcp.server.lowlevel.server - INFO - [server.py:720] - Processing request of type CallToolRequest
2026-03-11 03:02:57,583 - mcp.server.lowlevel.server - DEBUG - [server.py:723] - Dispatching request of type CallToolRequest
2026-03-11 03:02:57,583 - UnrealMCP_Advanced - INFO - [unreal_mcp_server_advanced.py:147] - Connecting to Unreal at 127.0.0.1:55557 (attempt 1/4)...
2026-03-11 03:02:57,584 - UnrealMCP_Advanced - INFO - [unreal_mcp_server_advanced.py:154] - Successfully connected to Unreal Engine
2026-03-11 03:02:57,584 - UnrealMCP_Advanced - INFO - [unreal_mcp_server_advanced.py:362] - Sending command (attempt 1): add_blueprint_node
2026-03-11 03:02:57,584 - UnrealMCP_Advanced - DEBUG - [unreal_mcp_server_advanced.py:363] - Command payload: {"type": "add_blueprint_node", "params": {"blueprint_name": "/Game/FPS/Migrate/ABP_Manny", "node_type": "VariableGet", "node_params": {"pos_x": -3920.0, "pos_y": -400.0, "event_type": "BeginPlay", "variable_name": "HasWeapon", "function_name": "AnimGraph"}}}...
2026-03-11 03:02:57,613 - UnrealMCP_Advanced - INFO - [unreal_mcp_server_advanced.py:264] - Received complete response (172 bytes) for add_blueprint_node
2026-03-11 03:02:57,613 - UnrealMCP_Advanced - INFO - [unreal_mcp_server_advanced.py:380] - Command add_blueprint_node completed successfully
2026-03-11 03:02:57,613 - BlueprintGraph.NodeManager - ERROR - [node_manager.py:71] - Failed to add node: Unknown error
2026-03-11 03:02:57,615 - mcp.server.lowlevel.server - DEBUG - [server.py:790] - Response sent
2026-03-11 03:03:06,702 - mcp.server.lowlevel.server - DEBUG - [server.py:675] - Received message: <mcp.shared.session.RequestResponder object at 0x000001B6B66914F0>
2026-03-11 03:03:06,702 - mcp.server.lowlevel.server - INFO - [server.py:720] - Processing request of type CallToolRequest
2026-03-11 03:03:06,702 - mcp.server.lowlevel.server - DEBUG - [server.py:723] - Dispatching request of type CallToolRequest
2026-03-11 03:03:06,702 - UnrealMCP_Advanced - INFO - [unreal_mcp_server_advanced.py:147] - Connecting to Unreal at 127.0.0.1:55557 (attempt 1/4)...
2026-03-11 03:03:06,703 - UnrealMCP_Advanced - INFO - [unreal_mcp_server_advanced.py:154] - Successfully connected to Unreal Engine
2026-03-11 03:03:06,703 - UnrealMCP_Advanced - INFO - [unreal_mcp_server_advanced.py:362] - Sending command (attempt 1): connect_nodes
2026-03-11 03:03:06,703 - UnrealMCP_Advanced - DEBUG - [unreal_mcp_server_advanced.py:363] - Command payload: {"type": "connect_nodes", "params": {"blueprint_name": "/Game/FPS/Migrate/ABP_Manny", "source_node_id": "AnimGraphNode_ComponentToLocalSpace_1", "source_pin_name": "Pose", "target_node_id": "AnimGraphNode_BlendListByBool_0", "target_pin_name": "BlendPose_1", "function_name": "AnimGraph"}}...
2026-03-11 03:03:07,094 - UnrealMCP_Advanced - INFO - [unreal_mcp_server_advanced.py:264] - Received complete response (299 bytes) for connect_nodes
2026-03-11 03:03:07,095 - UnrealMCP_Advanced - INFO - [unreal_mcp_server_advanced.py:380] - Command connect_nodes completed successfully
2026-03-11 03:03:07,095 - BlueprintGraph.ConnectorManager - ERROR - [connector_manager.py:74] - Failed to connect nodes: Unknown error
2026-03-11 03:03:07,096 - mcp.server.lowlevel.server - DEBUG - [server.py:790] - Response sent
2026-03-11 03:03:11,468 - mcp.server.lowlevel.server - DEBUG - [server.py:675] - Received message: <mcp.shared.session.RequestResponder object at 0x000001B6B6691270>
2026-03-11 03:03:11,468 - mcp.server.lowlevel.server - INFO - [server.py:720] - Processing request of type CallToolRequest
2026-03-11 03:03:11,468 - mcp.server.lowlevel.server - DEBUG - [server.py:723] - Dispatching request of type CallToolRequest
2026-03-11 03:03:11,468 - UnrealMCP_Advanced - INFO - [unreal_mcp_server_advanced.py:147] - Connecting to Unreal at 127.0.0.1:55557 (attempt 1/4)...
2026-03-11 03:03:11,491 - UnrealMCP_Advanced - INFO - [unreal_mcp_server_advanced.py:154] - Successfully connected to Unreal Engine
2026-03-11 03:03:11,491 - UnrealMCP_Advanced - INFO - [unreal_mcp_server_advanced.py:362] - Sending command (attempt 1): connect_nodes
2026-03-11 03:03:11,491 - UnrealMCP_Advanced - DEBUG - [unreal_mcp_server_advanced.py:363] - Command payload: {"type": "connect_nodes", "params": {"blueprint_name": "/Game/FPS/Migrate/ABP_Manny", "source_node_id": "AnimGraphNode_UseCachedPose_0", "source_pin_name": "Pose", "target_node_id": "AnimGraphNode_BlendListByBool_0", "target_pin_name": "BlendPose_0", "function_name": "AnimGraph"}}...
2026-03-11 03:03:11,828 - UnrealMCP_Advanced - INFO - [unreal_mcp_server_advanced.py:264] - Received complete response (291 bytes) for connect_nodes
2026-03-11 03:03:11,828 - UnrealMCP_Advanced - INFO - [unreal_mcp_server_advanced.py:380] - Command connect_nodes completed successfully
2026-03-11 03:03:11,828 - BlueprintGraph.ConnectorManager - ERROR - [connector_manager.py:74] - Failed to connect nodes: Unknown error
2026-03-11 03:03:11,830 - mcp.server.lowlevel.server - DEBUG - [server.py:790] - Response sent
2026-03-11 03:03:17,313 - mcp.server.lowlevel.server - DEBUG - [server.py:675] - Received message: <mcp.shared.session.RequestResponder object at 0x000001B6B6691590>
2026-03-11 03:03:17,313 - mcp.server.lowlevel.server - INFO - [server.py:720] - Processing request of type CallToolRequest
2026-03-11 03:03:17,313 - mcp.server.lowlevel.server - DEBUG - [server.py:723] - Dispatching request of type CallToolRequest
2026-03-11 03:03:17,313 - UnrealMCP_Advanced - INFO - [unreal_mcp_server_advanced.py:147] - Connecting to Unreal at 127.0.0.1:55557 (attempt 1/4)...
2026-03-11 03:03:17,314 - UnrealMCP_Advanced - INFO - [unreal_mcp_server_advanced.py:154] - Successfully connected to Unreal Engine
2026-03-11 03:03:17,315 - UnrealMCP_Advanced - INFO - [unreal_mcp_server_advanced.py:362] - Sending command (attempt 1): connect_nodes
2026-03-11 03:03:17,315 - UnrealMCP_Advanced - DEBUG - [unreal_mcp_server_advanced.py:363] - Command payload: {"type": "connect_nodes", "params": {"blueprint_name": "/Game/FPS/Migrate/ABP_Manny", "source_node_id": "K2Node_VariableGet_5", "source_pin_name": "HasWeapon", "target_node_id": "AnimGraphNode_BlendListByBool_0", "target_pin_name": "bActiveValue", "function_name": "AnimGraph"}}...
2026-03-11 03:03:17,741 - UnrealMCP_Advanced - INFO - [unreal_mcp_server_advanced.py:264] - Received complete response (286 bytes) for connect_nodes
2026-03-11 03:03:17,741 - UnrealMCP_Advanced - INFO - [unreal_mcp_server_advanced.py:380] - Command connect_nodes completed successfully
2026-03-11 03:03:17,741 - BlueprintGraph.ConnectorManager - ERROR - [connector_manager.py:74] - Failed to connect nodes: Unknown error
2026-03-11 03:03:17,743 - mcp.server.lowlevel.server - DEBUG - [server.py:790] - Response sent
2026-03-11 03:03:23,668 - mcp.server.lowlevel.server - DEBUG - [server.py:675] - Received message: <mcp.shared.session.RequestResponder object at 0x000001B6B6691A90>
2026-03-11 03:03:23,669 - mcp.server.lowlevel.server - INFO - [server.py:720] - Processing request of type CallToolRequest
2026-03-11 03:03:23,669 - mcp.server.lowlevel.server - DEBUG - [server.py:723] - Dispatching request of type CallToolRequest
2026-03-11 03:03:23,669 - UnrealMCP_Advanced - INFO - [unreal_mcp_server_advanced.py:147] - Connecting to Unreal at 127.0.0.1:55557 (attempt 1/4)...
2026-03-11 03:03:23,670 - UnrealMCP_Advanced - INFO - [unreal_mcp_server_advanced.py:154] - Successfully connected to Unreal Engine
2026-03-11 03:03:23,670 - UnrealMCP_Advanced - INFO - [unreal_mcp_server_advanced.py:362] - Sending command (attempt 1): connect_nodes
2026-03-11 03:03:23,670 - UnrealMCP_Advanced - DEBUG - [unreal_mcp_server_advanced.py:363] - Command payload: {"type": "connect_nodes", "params": {"blueprint_name": "/Game/FPS/Migrate/ABP_Manny", "source_node_id": "AnimGraphNode_BlendListByBool_0", "source_pin_name": "Pose", "target_node_id": "AnimGraphNode_Slot_0", "target_pin_name": "Source", "function_name": "AnimGraph"}}...
2026-03-11 03:03:23,842 - UnrealMCP_Advanced - INFO - [unreal_mcp_server_advanced.py:264] - Received complete response (277 bytes) for connect_nodes
2026-03-11 03:03:23,842 - UnrealMCP_Advanced - INFO - [unreal_mcp_server_advanced.py:380] - Command connect_nodes completed successfully
2026-03-11 03:03:23,842 - BlueprintGraph.ConnectorManager - ERROR - [connector_manager.py:74] - Failed to connect nodes: Unknown error
2026-03-11 03:03:23,844 - mcp.server.lowlevel.server - DEBUG - [server.py:790] - Response sent
2026-03-11 03:03:30,404 - mcp.server.lowlevel.server - DEBUG - [server.py:675] - Received message: <mcp.shared.session.RequestResponder object at 0x000001B6B6691D10>
2026-03-11 03:03:30,404 - mcp.server.lowlevel.server - INFO - [server.py:720] - Processing request of type CallToolRequest
2026-03-11 03:03:30,404 - mcp.server.lowlevel.server - DEBUG - [server.py:723] - Dispatching request of type CallToolRequest
2026-03-11 03:03:30,404 - UnrealMCP_Advanced - INFO - [unreal_mcp_server_advanced.py:147] - Connecting to Unreal at 127.0.0.1:55557 (attempt 1/4)...
2026-03-11 03:03:30,405 - UnrealMCP_Advanced - INFO - [unreal_mcp_server_advanced.py:154] - Successfully connected to Unreal Engine
2026-03-11 03:03:30,405 - UnrealMCP_Advanced - INFO - [unreal_mcp_server_advanced.py:362] - Sending command (attempt 1): connect_nodes
2026-03-11 03:03:30,405 - UnrealMCP_Advanced - DEBUG - [unreal_mcp_server_advanced.py:363] - Command payload: {"type": "connect_nodes", "params": {"blueprint_name": "/Game/FPS/Migrate/ABP_Manny", "source_node_id": "K2Node_VariableGet_5", "source_pin_name": "HasWeapon", "target_node_id": "AnimGraphNode_TwoBoneIK_0", "target_pin_name": "bAlphaBoolEnabled", "function_name": "AnimGraph"}}...
2026-03-11 03:03:30,657 - UnrealMCP_Advanced - INFO - [unreal_mcp_server_advanced.py:264] - Received complete response (285 bytes) for connect_nodes
2026-03-11 03:03:30,657 - UnrealMCP_Advanced - INFO - [unreal_mcp_server_advanced.py:380] - Command connect_nodes completed successfully
2026-03-11 03:03:30,657 - BlueprintGraph.ConnectorManager - ERROR - [connector_manager.py:74] - Failed to connect nodes: Unknown error
2026-03-11 03:03:30,660 - mcp.server.lowlevel.server - DEBUG - [server.py:790] - Response sent
2026-03-11 03:03:36,475 - mcp.server.lowlevel.server - DEBUG - [server.py:675] - Received message: <mcp.shared.session.RequestResponder object at 0x000001B6B66916D0>
2026-03-11 03:03:36,475 - mcp.server.lowlevel.server - INFO - [server.py:720] - Processing request of type CallToolRequest
2026-03-11 03:03:36,475 - mcp.server.lowlevel.server - DEBUG - [server.py:723] - Dispatching request of type CallToolRequest
2026-03-11 03:03:36,475 - UnrealMCP_Advanced - INFO - [unreal_mcp_server_advanced.py:147] - Connecting to Unreal at 127.0.0.1:55557 (attempt 1/4)...
2026-03-11 03:03:36,476 - UnrealMCP_Advanced - INFO - [unreal_mcp_server_advanced.py:154] - Successfully connected to Unreal Engine
2026-03-11 03:03:36,476 - UnrealMCP_Advanced - INFO - [unreal_mcp_server_advanced.py:362] - Sending command (attempt 1): connect_nodes
2026-03-11 03:03:36,476 - UnrealMCP_Advanced - DEBUG - [unreal_mcp_server_advanced.py:363] - Command payload: {"type": "connect_nodes", "params": {"blueprint_name": "/Game/FPS/Migrate/ABP_Manny", "source_node_id": "K2Node_VariableGet_5", "source_pin_name": "HasWeapon", "target_node_id": "AnimGraphNode_Fabrik_0", "target_pin_name": "bAlphaBoolEnabled", "function_name": "AnimGraph"}}...
2026-03-11 03:03:36,671 - UnrealMCP_Advanced - INFO - [unreal_mcp_server_advanced.py:264] - Received complete response (282 bytes) for connect_nodes
2026-03-11 03:03:36,671 - UnrealMCP_Advanced - INFO - [unreal_mcp_server_advanced.py:380] - Command connect_nodes completed successfully
2026-03-11 03:03:36,671 - BlueprintGraph.ConnectorManager - ERROR - [connector_manager.py:74] - Failed to connect nodes: Unknown error
2026-03-11 03:03:36,674 - mcp.server.lowlevel.server - DEBUG - [server.py:790] - Response sent
2026-03-11 03:03:41,626 - mcp.server.lowlevel.server - DEBUG - [server.py:675] - Received message: <mcp.shared.session.RequestResponder object at 0x000001B6B6691A90>
2026-03-11 03:03:41,626 - mcp.server.lowlevel.server - INFO - [server.py:720] - Processing request of type CallToolRequest
2026-03-11 03:03:41,626 - mcp.server.lowlevel.server - DEBUG - [server.py:723] - Dispatching request of type CallToolRequest
2026-03-11 03:03:41,626 - UnrealMCP_Advanced - INFO - [unreal_mcp_server_advanced.py:147] - Connecting to Unreal at 127.0.0.1:55557 (attempt 1/4)...
2026-03-11 03:03:41,646 - UnrealMCP_Advanced - INFO - [unreal_mcp_server_advanced.py:154] - Successfully connected to Unreal Engine
2026-03-11 03:03:41,646 - UnrealMCP_Advanced - INFO - [unreal_mcp_server_advanced.py:362] - Sending command (attempt 1): compile_blueprint
2026-03-11 03:03:41,646 - UnrealMCP_Advanced - DEBUG - [unreal_mcp_server_advanced.py:363] - Command payload: {"type": "compile_blueprint", "params": {"blueprint_name": "/Game/FPS/Migrate/ABP_Manny"}}...
2026-03-11 03:03:41,875 - UnrealMCP_Advanced - INFO - [unreal_mcp_server_advanced.py:264] - Received complete response (109 bytes) for compile_blueprint
2026-03-11 03:03:41,875 - UnrealMCP_Advanced - INFO - [unreal_mcp_server_advanced.py:380] - Command compile_blueprint completed successfully
2026-03-11 03:03:41,877 - mcp.server.lowlevel.server - DEBUG - [server.py:790] - Response sent
2026-03-11 03:11:30,709 - mcp.server.lowlevel.server - DEBUG - [server.py:675] - Received message: <mcp.shared.session.RequestResponder object at 0x000001B6B6691270>
2026-03-11 03:11:30,710 - mcp.server.lowlevel.server - INFO - [server.py:720] - Processing request of type CallToolRequest
2026-03-11 03:11:30,710 - mcp.server.lowlevel.server - DEBUG - [server.py:723] - Dispatching request of type CallToolRequest
2026-03-11 03:11:30,710 - UnrealMCP_Advanced - INFO - [unreal_mcp_server_advanced.py:147] - Connecting to Unreal at 127.0.0.1:55557 (attempt 1/4)...
2026-03-11 03:11:30,710 - UnrealMCP_Advanced - INFO - [unreal_mcp_server_advanced.py:154] - Successfully connected to Unreal Engine
2026-03-11 03:11:30,710 - UnrealMCP_Advanced - INFO - [unreal_mcp_server_advanced.py:362] - Sending command (attempt 1): connect_nodes
2026-03-11 03:11:30,711 - UnrealMCP_Advanced - DEBUG - [unreal_mcp_server_advanced.py:363] - Command payload: {"type": "connect_nodes", "params": {"blueprint_name": "/Game/FPS/Migrate/ABP_Manny", "source_node_id": "AnimGraphNode_ComponentToLocalSpace_1", "source_pin_name": "Pose", "target_node_id": "AnimGraphNode_BlendListByBool_0", "target_pin_name": "BlendPose_0", "function_name": "AnimGraph"}}...
2026-03-11 03:11:30,945 - UnrealMCP_Advanced - INFO - [unreal_mcp_server_advanced.py:264] - Received complete response (299 bytes) for connect_nodes
2026-03-11 03:11:30,945 - UnrealMCP_Advanced - INFO - [unreal_mcp_server_advanced.py:380] - Command connect_nodes completed successfully
2026-03-11 03:11:30,945 - BlueprintGraph.ConnectorManager - ERROR - [connector_manager.py:74] - Failed to connect nodes: Unknown error
2026-03-11 03:11:30,948 - mcp.server.lowlevel.server - DEBUG - [server.py:790] - Response sent
2026-03-11 03:11:37,063 - mcp.server.lowlevel.server - DEBUG - [server.py:675] - Received message: <mcp.shared.session.RequestResponder object at 0x000001B6B66919F0>
2026-03-11 03:11:37,063 - mcp.server.lowlevel.server - INFO - [server.py:720] - Processing request of type CallToolRequest
2026-03-11 03:11:37,064 - mcp.server.lowlevel.server - DEBUG - [server.py:723] - Dispatching request of type CallToolRequest
2026-03-11 03:11:37,064 - UnrealMCP_Advanced - INFO - [unreal_mcp_server_advanced.py:147] - Connecting to Unreal at 127.0.0.1:55557 (attempt 1/4)...
2026-03-11 03:11:37,065 - UnrealMCP_Advanced - INFO - [unreal_mcp_server_advanced.py:154] - Successfully connected to Unreal Engine
2026-03-11 03:11:37,065 - UnrealMCP_Advanced - INFO - [unreal_mcp_server_advanced.py:362] - Sending command (attempt 1): connect_nodes
2026-03-11 03:11:37,065 - UnrealMCP_Advanced - DEBUG - [unreal_mcp_server_advanced.py:363] - Command payload: {"type": "connect_nodes", "params": {"blueprint_name": "/Game/FPS/Migrate/ABP_Manny", "source_node_id": "AnimGraphNode_UseCachedPose_0", "source_pin_name": "Pose", "target_node_id": "AnimGraphNode_BlendListByBool_0", "target_pin_name": "BlendPose_1", "function_name": "AnimGraph"}}...
2026-03-11 03:11:37,244 - UnrealMCP_Advanced - INFO - [unreal_mcp_server_advanced.py:264] - Received complete response (291 bytes) for connect_nodes
2026-03-11 03:11:37,244 - UnrealMCP_Advanced - INFO - [unreal_mcp_server_advanced.py:380] - Command connect_nodes completed successfully
2026-03-11 03:11:37,244 - BlueprintGraph.ConnectorManager - ERROR - [connector_manager.py:74] - Failed to connect nodes: Unknown error
2026-03-11 03:11:37,246 - mcp.server.lowlevel.server - DEBUG - [server.py:790] - Response sent
2026-03-11 03:11:40,548 - mcp.server.lowlevel.server - DEBUG - [server.py:675] - Received message: <mcp.shared.session.RequestResponder object at 0x000001B6B6691130>
2026-03-11 03:11:40,548 - mcp.server.lowlevel.server - INFO - [server.py:720] - Processing request of type CallToolRequest
2026-03-11 03:11:40,548 - mcp.server.lowlevel.server - DEBUG - [server.py:723] - Dispatching request of type CallToolRequest
2026-03-11 03:11:40,549 - UnrealMCP_Advanced - INFO - [unreal_mcp_server_advanced.py:147] - Connecting to Unreal at 127.0.0.1:55557 (attempt 1/4)...
2026-03-11 03:11:40,549 - UnrealMCP_Advanced - INFO - [unreal_mcp_server_advanced.py:154] - Successfully connected to Unreal Engine
2026-03-11 03:11:40,550 - UnrealMCP_Advanced - INFO - [unreal_mcp_server_advanced.py:362] - Sending command (attempt 1): compile_blueprint
2026-03-11 03:11:40,550 - UnrealMCP_Advanced - DEBUG - [unreal_mcp_server_advanced.py:363] - Command payload: {"type": "compile_blueprint", "params": {"blueprint_name": "/Game/FPS/Migrate/ABP_Manny"}}...
2026-03-11 03:11:40,776 - UnrealMCP_Advanced - INFO - [unreal_mcp_server_advanced.py:264] - Received complete response (109 bytes) for compile_blueprint
2026-03-11 03:11:40,776 - UnrealMCP_Advanced - INFO - [unreal_mcp_server_advanced.py:380] - Command compile_blueprint completed successfully
2026-03-11 03:11:40,778 - mcp.server.lowlevel.server - DEBUG - [server.py:790] - Response sent
2026-03-11 03:16:17,065 - mcp.server.lowlevel.server - DEBUG - [server.py:675] - Received message: <mcp.shared.session.RequestResponder object at 0x000001B6B66913B0>
2026-03-11 03:16:17,066 - mcp.server.lowlevel.server - INFO - [server.py:720] - Processing request of type CallToolRequest
2026-03-11 03:16:17,066 - mcp.server.lowlevel.server - DEBUG - [server.py:723] - Dispatching request of type CallToolRequest
2026-03-11 03:16:17,066 - UnrealMCP_Advanced - INFO - [unreal_mcp_server_advanced.py:734] - Analyzing Blueprint graph: /Game/FPS/Migrate/ABP_Manny -> AnimGraph
2026-03-11 03:16:17,066 - UnrealMCP_Advanced - INFO - [unreal_mcp_server_advanced.py:147] - Connecting to Unreal at 127.0.0.1:55557 (attempt 1/4)...
2026-03-11 03:16:17,091 - UnrealMCP_Advanced - INFO - [unreal_mcp_server_advanced.py:154] - Successfully connected to Unreal Engine
2026-03-11 03:16:17,092 - UnrealMCP_Advanced - INFO - [unreal_mcp_server_advanced.py:362] - Sending command (attempt 1): analyze_blueprint_graph
2026-03-11 03:16:17,092 - UnrealMCP_Advanced - DEBUG - [unreal_mcp_server_advanced.py:363] - Command payload: {"type": "analyze_blueprint_graph", "params": {"blueprint_path": "/Game/FPS/Migrate/ABP_Manny", "graph_name": "AnimGraph", "include_node_details": true, "include_pin_connections": true, "trace_execution_flow": false}}...
2026-03-11 03:16:17,136 - UnrealMCP_Advanced - INFO - [unreal_mcp_server_advanced.py:264] - Received complete response (31571 bytes) for analyze_blueprint_graph
2026-03-11 03:16:17,137 - UnrealMCP_Advanced - INFO - [unreal_mcp_server_advanced.py:380] - Command analyze_blueprint_graph completed successfully
2026-03-11 03:16:17,139 - mcp.server.lowlevel.server - DEBUG - [server.py:790] - Response sent
2026-03-11 03:18:51,462 - mcp.server.lowlevel.server - DEBUG - [server.py:675] - Received message: <mcp.shared.session.RequestResponder object at 0x000001B6B6691D10>
2026-03-11 03:18:51,465 - mcp.server.lowlevel.server - INFO - [server.py:720] - Processing request of type CallToolRequest
2026-03-11 03:18:51,465 - mcp.server.lowlevel.server - DEBUG - [server.py:723] - Dispatching request of type CallToolRequest
2026-03-11 03:18:51,465 - UnrealMCP_Advanced - INFO - [unreal_mcp_server_advanced.py:147] - Connecting to Unreal at 127.0.0.1:55557 (attempt 1/4)...
2026-03-11 03:18:51,466 - UnrealMCP_Advanced - INFO - [unreal_mcp_server_advanced.py:154] - Successfully connected to Unreal Engine
2026-03-11 03:18:51,466 - UnrealMCP_Advanced - INFO - [unreal_mcp_server_advanced.py:362] - Sending command (attempt 1): add_blueprint_node
2026-03-11 03:18:51,466 - UnrealMCP_Advanced - DEBUG - [unreal_mcp_server_advanced.py:363] - Command payload: {"type": "add_blueprint_node", "params": {"blueprint_name": "/Game/FPS/Migrate/ABP_Manny", "node_type": "Comparison", "node_params": {"pos_x": -1136.0, "pos_y": -750.0, "event_type": "BeginPlay", "target_function": "Not_PreBool", "function_name": "AnimGraph"}}}...
2026-03-11 03:18:51,531 - UnrealMCP_Advanced - INFO - [unreal_mcp_server_advanced.py:264] - Received complete response (178 bytes) for add_blueprint_node
2026-03-11 03:18:51,531 - UnrealMCP_Advanced - INFO - [unreal_mcp_server_advanced.py:380] - Command add_blueprint_node completed successfully
2026-03-11 03:18:51,531 - BlueprintGraph.NodeManager - ERROR - [node_manager.py:71] - Failed to add node: Unknown error
2026-03-11 03:18:51,533 - mcp.server.lowlevel.server - DEBUG - [server.py:790] - Response sent
2026-03-11 03:18:58,161 - mcp.server.lowlevel.server - DEBUG - [server.py:675] - Received message: <mcp.shared.session.RequestResponder object at 0x000001B6B66916D0>
2026-03-11 03:18:58,161 - mcp.server.lowlevel.server - INFO - [server.py:720] - Processing request of type CallToolRequest
2026-03-11 03:18:58,161 - mcp.server.lowlevel.server - DEBUG - [server.py:723] - Dispatching request of type CallToolRequest
2026-03-11 03:18:58,161 - UnrealMCP_Advanced - INFO - [unreal_mcp_server_advanced.py:147] - Connecting to Unreal at 127.0.0.1:55557 (attempt 1/4)...
2026-03-11 03:18:58,162 - UnrealMCP_Advanced - INFO - [unreal_mcp_server_advanced.py:154] - Successfully connected to Unreal Engine
2026-03-11 03:18:58,162 - UnrealMCP_Advanced - INFO - [unreal_mcp_server_advanced.py:362] - Sending command (attempt 1): connect_nodes
2026-03-11 03:18:58,162 - UnrealMCP_Advanced - DEBUG - [unreal_mcp_server_advanced.py:363] - Command payload: {"type": "connect_nodes", "params": {"blueprint_name": "/Game/FPS/Migrate/ABP_Manny", "source_node_id": "K2Node_VariableGet_5", "source_pin_name": "HasWeapon", "target_node_id": "K2Node_PromotableOperator_0", "target_pin_name": "A", "function_name": "AnimGraph"}}...
2026-03-11 03:18:58,172 - UnrealMCP_Advanced - INFO - [unreal_mcp_server_advanced.py:264] - Received complete response (58 bytes) for connect_nodes
2026-03-11 03:18:58,173 - UnrealMCP_Advanced - INFO - [unreal_mcp_server_advanced.py:380] - Command connect_nodes completed successfully
2026-03-11 03:18:58,173 - UnrealMCP_Advanced - WARNING - [unreal_mcp_server_advanced.py:385] - Unreal returned error: Pins not compatible
2026-03-11 03:18:58,173 - BlueprintGraph.ConnectorManager - ERROR - [connector_manager.py:74] - Failed to connect nodes: Pins not compatible
2026-03-11 03:18:58,174 - mcp.server.lowlevel.server - DEBUG - [server.py:790] - Response sent
2026-03-11 03:19:07,947 - mcp.server.lowlevel.server - DEBUG - [server.py:675] - Received message: <mcp.shared.session.RequestResponder object at 0x000001B6B6691810>
2026-03-11 03:19:07,948 - mcp.server.lowlevel.server - INFO - [server.py:720] - Processing request of type CallToolRequest
2026-03-11 03:19:07,948 - mcp.server.lowlevel.server - DEBUG - [server.py:723] - Dispatching request of type CallToolRequest
2026-03-11 03:19:07,948 - UnrealMCP_Advanced - INFO - [unreal_mcp_server_advanced.py:147] - Connecting to Unreal at 127.0.0.1:55557 (attempt 1/4)...
2026-03-11 03:19:07,949 - UnrealMCP_Advanced - INFO - [unreal_mcp_server_advanced.py:154] - Successfully connected to Unreal Engine
2026-03-11 03:19:07,949 - UnrealMCP_Advanced - INFO - [unreal_mcp_server_advanced.py:362] - Sending command (attempt 1): delete_node
2026-03-11 03:19:07,949 - UnrealMCP_Advanced - DEBUG - [unreal_mcp_server_advanced.py:363] - Command payload: {"type": "delete_node", "params": {"blueprint_name": "/Game/FPS/Migrate/ABP_Manny", "node_id": "K2Node_PromotableOperator_0", "function_name": "AnimGraph"}}...
2026-03-11 03:19:08,060 - UnrealMCP_Advanced - INFO - [unreal_mcp_server_advanced.py:264] - Received complete response (124 bytes) for delete_node
2026-03-11 03:19:08,060 - UnrealMCP_Advanced - INFO - [unreal_mcp_server_advanced.py:380] - Command delete_node completed successfully
2026-03-11 03:19:08,061 - BlueprintGraph.NodeDeleter - ERROR - [node_deleter.py:63] - Failed to delete node: Unknown error
2026-03-11 03:19:08,062 - mcp.server.lowlevel.server - DEBUG - [server.py:790] - Response sent
2026-03-11 03:19:13,143 - mcp.server.lowlevel.server - DEBUG - [server.py:675] - Received message: <mcp.shared.session.RequestResponder object at 0x000001B6B6691130>
2026-03-11 03:19:13,144 - mcp.server.lowlevel.server - INFO - [server.py:720] - Processing request of type CallToolRequest
2026-03-11 03:19:13,144 - mcp.server.lowlevel.server - DEBUG - [server.py:723] - Dispatching request of type CallToolRequest
2026-03-11 03:19:13,144 - UnrealMCP_Advanced - INFO - [unreal_mcp_server_advanced.py:147] - Connecting to Unreal at 127.0.0.1:55557 (attempt 1/4)...
2026-03-11 03:19:13,145 - UnrealMCP_Advanced - INFO - [unreal_mcp_server_advanced.py:154] - Successfully connected to Unreal Engine
2026-03-11 03:19:13,146 - UnrealMCP_Advanced - INFO - [unreal_mcp_server_advanced.py:362] - Sending command (attempt 1): add_blueprint_node
2026-03-11 03:19:13,146 - UnrealMCP_Advanced - DEBUG - [unreal_mcp_server_advanced.py:363] - Command payload: {"type": "add_blueprint_node", "params": {"blueprint_name": "/Game/FPS/Migrate/ABP_Manny", "node_type": "CallFunction", "node_params": {"pos_x": -1136.0, "pos_y": -750.0, "event_type": "BeginPlay", "target_function": "Not_PreBool", "function_name": "AnimGraph"}}}...
2026-03-11 03:19:13,194 - UnrealMCP_Advanced - INFO - [unreal_mcp_server_advanced.py:264] - Received complete response (73 bytes) for add_blueprint_node
2026-03-11 03:19:13,194 - UnrealMCP_Advanced - INFO - [unreal_mcp_server_advanced.py:380] - Command add_blueprint_node completed successfully
2026-03-11 03:19:13,194 - UnrealMCP_Advanced - WARNING - [unreal_mcp_server_advanced.py:385] - Unreal returned error: Failed to create CallFunction node
2026-03-11 03:19:13,194 - BlueprintGraph.NodeManager - ERROR - [node_manager.py:71] - Failed to add node: Failed to create CallFunction node
2026-03-11 03:19:13,195 - mcp.server.lowlevel.server - DEBUG - [server.py:790] - Response sent
2026-03-11 19:34:51,120 - mcp.server.lowlevel.server - DEBUG - [server.py:675] - Received message: <mcp.shared.session.RequestResponder object at 0x000001B6B66919F0>
2026-03-11 19:34:51,123 - mcp.server.lowlevel.server - INFO - [server.py:720] - Processing request of type CallToolRequest
2026-03-11 19:34:51,124 - mcp.server.lowlevel.server - DEBUG - [server.py:723] - Dispatching request of type CallToolRequest
2026-03-11 19:34:51,125 - UnrealMCP_Advanced - INFO - [unreal_mcp_server_advanced.py:679] - Reading Blueprint content for: /Game/Blueprints/BP_Player
2026-03-11 19:34:51,126 - UnrealMCP_Advanced - INFO - [unreal_mcp_server_advanced.py:147] - Connecting to Unreal at 127.0.0.1:55557 (attempt 1/4)...
2026-03-11 19:34:51,127 - UnrealMCP_Advanced - INFO - [unreal_mcp_server_advanced.py:154] - Successfully connected to Unreal Engine
2026-03-11 19:34:51,127 - UnrealMCP_Advanced - INFO - [unreal_mcp_server_advanced.py:362] - Sending command (attempt 1): read_blueprint_content
2026-03-11 19:34:51,127 - UnrealMCP_Advanced - DEBUG - [unreal_mcp_server_advanced.py:363] - Command payload: {"type": "read_blueprint_content", "params": {"blueprint_path": "/Game/Blueprints/BP_Player", "include_event_graph": true, "include_functions": true, "include_variables": true, "include_components": true, "include_interfaces": true}}...
2026-03-11 19:34:51,219 - UnrealMCP_Advanced - INFO - [unreal_mcp_server_advanced.py:264] - Received complete response (5574 bytes) for read_blueprint_content
2026-03-11 19:34:51,220 - UnrealMCP_Advanced - INFO - [unreal_mcp_server_advanced.py:380] - Command read_blueprint_content completed successfully
2026-03-11 19:34:51,227 - mcp.server.lowlevel.server - DEBUG - [server.py:790] - Response sent
2026-03-11 19:58:39,897 - mcp.server.lowlevel.server - DEBUG - [server.py:675] - Received message: <mcp.shared.session.RequestResponder object at 0x000001B6B6691270>
2026-03-11 19:58:39,898 - mcp.server.lowlevel.server - INFO - [server.py:720] - Processing request of type CallToolRequest
2026-03-11 19:58:39,898 - mcp.server.lowlevel.server - DEBUG - [server.py:723] - Dispatching request of type CallToolRequest
2026-03-11 19:58:39,898 - UnrealMCP_Advanced - INFO - [unreal_mcp_server_advanced.py:679] - Reading Blueprint content for: /Game/Blueprints/BP_Player
2026-03-11 19:58:39,898 - UnrealMCP_Advanced - INFO - [unreal_mcp_server_advanced.py:147] - Connecting to Unreal at 127.0.0.1:55557 (attempt 1/4)...
2026-03-11 19:58:39,899 - UnrealMCP_Advanced - INFO - [unreal_mcp_server_advanced.py:154] - Successfully connected to Unreal Engine
2026-03-11 19:58:39,899 - UnrealMCP_Advanced - INFO - [unreal_mcp_server_advanced.py:362] - Sending command (attempt 1): read_blueprint_content
2026-03-11 19:58:39,899 - UnrealMCP_Advanced - DEBUG - [unreal_mcp_server_advanced.py:363] - Command payload: {"type": "read_blueprint_content", "params": {"blueprint_path": "/Game/Blueprints/BP_Player", "include_event_graph": true, "include_functions": true, "include_variables": true, "include_components": true, "include_interfaces": true}}...
2026-03-11 19:58:40,099 - UnrealMCP_Advanced - INFO - [unreal_mcp_server_advanced.py:264] - Received complete response (5574 bytes) for read_blueprint_content
2026-03-11 19:58:40,099 - UnrealMCP_Advanced - INFO - [unreal_mcp_server_advanced.py:380] - Command read_blueprint_content completed successfully
2026-03-11 19:58:40,103 - mcp.server.lowlevel.server - DEBUG - [server.py:790] - Response sent
2026-03-11 19:58:49,546 - mcp.server.lowlevel.server - DEBUG - [server.py:675] - Received message: <mcp.shared.session.RequestResponder object at 0x000001B6B6691130>
2026-03-11 19:58:49,547 - mcp.server.lowlevel.server - INFO - [server.py:720] - Processing request of type CallToolRequest
2026-03-11 19:58:49,547 - mcp.server.lowlevel.server - DEBUG - [server.py:723] - Dispatching request of type CallToolRequest
2026-03-11 19:58:49,548 - UnrealMCP_Advanced - INFO - [unreal_mcp_server_advanced.py:734] - Analyzing Blueprint graph: /Game/Blueprints/BP_Player -> ShootingDetecter
2026-03-11 19:58:49,548 - UnrealMCP_Advanced - INFO - [unreal_mcp_server_advanced.py:147] - Connecting to Unreal at 127.0.0.1:55557 (attempt 1/4)...
2026-03-11 19:58:49,549 - UnrealMCP_Advanced - INFO - [unreal_mcp_server_advanced.py:154] - Successfully connected to Unreal Engine
2026-03-11 19:58:49,549 - UnrealMCP_Advanced - INFO - [unreal_mcp_server_advanced.py:362] - Sending command (attempt 1): analyze_blueprint_graph
2026-03-11 19:58:49,549 - UnrealMCP_Advanced - DEBUG - [unreal_mcp_server_advanced.py:363] - Command payload: {"type": "analyze_blueprint_graph", "params": {"blueprint_path": "/Game/Blueprints/BP_Player", "graph_name": "ShootingDetecter", "include_node_details": true, "include_pin_connections": true, "trace_execution_flow": true}}...
2026-03-11 19:58:49,778 - UnrealMCP_Advanced - INFO - [unreal_mcp_server_advanced.py:264] - Received complete response (81199 bytes) for analyze_blueprint_graph
2026-03-11 19:58:49,778 - UnrealMCP_Advanced - INFO - [unreal_mcp_server_advanced.py:380] - Command analyze_blueprint_graph completed successfully
2026-03-11 19:58:49,782 - mcp.server.lowlevel.server - DEBUG - [server.py:790] - Response sent
2026-03-11 20:06:29,528 - mcp.server.lowlevel.server - DEBUG - [server.py:675] - Received message: <mcp.shared.session.RequestResponder object at 0x000001B6B6691270>
2026-03-11 20:06:29,528 - mcp.server.lowlevel.server - INFO - [server.py:720] - Processing request of type CallToolRequest
2026-03-11 20:06:29,528 - mcp.server.lowlevel.server - DEBUG - [server.py:723] - Dispatching request of type CallToolRequest
2026-03-11 20:06:29,528 - UnrealMCP_Advanced - INFO - [unreal_mcp_server_advanced.py:734] - Analyzing Blueprint graph: /Game/Blueprints/BP_Player -> Shooting Logic
2026-03-11 20:06:29,529 - UnrealMCP_Advanced - INFO - [unreal_mcp_server_advanced.py:147] - Connecting to Unreal at 127.0.0.1:55557 (attempt 1/4)...
2026-03-11 20:06:29,529 - UnrealMCP_Advanced - INFO - [unreal_mcp_server_advanced.py:154] - Successfully connected to Unreal Engine
2026-03-11 20:06:29,529 - UnrealMCP_Advanced - INFO - [unreal_mcp_server_advanced.py:362] - Sending command (attempt 1): analyze_blueprint_graph
2026-03-11 20:06:29,529 - UnrealMCP_Advanced - DEBUG - [unreal_mcp_server_advanced.py:363] - Command payload: {"type": "analyze_blueprint_graph", "params": {"blueprint_path": "/Game/Blueprints/BP_Player", "graph_name": "Shooting Logic", "include_node_details": true, "include_pin_connections": true, "trace_execution_flow": true}}...
2026-03-11 20:06:29,627 - UnrealMCP_Advanced - INFO - [unreal_mcp_server_advanced.py:264] - Received complete response (70 bytes) for analyze_blueprint_graph
2026-03-11 20:06:29,627 - UnrealMCP_Advanced - INFO - [unreal_mcp_server_advanced.py:380] - Command analyze_blueprint_graph completed successfully
2026-03-11 20:06:29,627 - UnrealMCP_Advanced - WARNING - [unreal_mcp_server_advanced.py:385] - Unreal returned error: Graph not found: Shooting Logic
2026-03-11 20:06:29,629 - mcp.server.lowlevel.server - DEBUG - [server.py:790] - Response sent
2026-03-11 20:06:33,181 - mcp.server.lowlevel.server - DEBUG - [server.py:675] - Received message: <mcp.shared.session.RequestResponder object at 0x000001B6B0FB0910>
2026-03-11 20:06:33,181 - mcp.server.lowlevel.server - INFO - [server.py:720] - Processing request of type CallToolRequest
2026-03-11 20:06:33,181 - mcp.server.lowlevel.server - DEBUG - [server.py:723] - Dispatching request of type CallToolRequest
2026-03-11 20:06:33,181 - UnrealMCP_Advanced - INFO - [unreal_mcp_server_advanced.py:734] - Analyzing Blueprint graph: /Game/Blueprints/BP_Player -> EventGraph
2026-03-11 20:06:33,181 - UnrealMCP_Advanced - INFO - [unreal_mcp_server_advanced.py:147] - Connecting to Unreal at 127.0.0.1:55557 (attempt 1/4)...
2026-03-11 20:06:33,182 - UnrealMCP_Advanced - INFO - [unreal_mcp_server_advanced.py:154] - Successfully connected to Unreal Engine
2026-03-11 20:06:33,182 - UnrealMCP_Advanced - INFO - [unreal_mcp_server_advanced.py:362] - Sending command (attempt 1): analyze_blueprint_graph
2026-03-11 20:06:33,182 - UnrealMCP_Advanced - DEBUG - [unreal_mcp_server_advanced.py:363] - Command payload: {"type": "analyze_blueprint_graph", "params": {"blueprint_path": "/Game/Blueprints/BP_Player", "graph_name": "EventGraph", "include_node_details": true, "include_pin_connections": true, "trace_execution_flow": true}}...
2026-03-11 20:06:33,250 - UnrealMCP_Advanced - INFO - [unreal_mcp_server_advanced.py:264] - Received complete response (1777 bytes) for analyze_blueprint_graph
2026-03-11 20:06:33,251 - UnrealMCP_Advanced - INFO - [unreal_mcp_server_advanced.py:380] - Command analyze_blueprint_graph completed successfully
2026-03-11 20:06:33,253 - mcp.server.lowlevel.server - DEBUG - [server.py:790] - Response sent
2026-03-11 20:13:27,608 - mcp.server.lowlevel.server - DEBUG - [server.py:675] - Received message: <mcp.shared.session.RequestResponder object at 0x000001B6B6691C70>
2026-03-11 20:13:27,609 - mcp.server.lowlevel.server - INFO - [server.py:720] - Processing request of type CallToolRequest
2026-03-11 20:13:27,609 - mcp.server.lowlevel.server - DEBUG - [server.py:723] - Dispatching request of type CallToolRequest
2026-03-11 20:13:27,609 - UnrealMCP_Advanced - INFO - [unreal_mcp_server_advanced.py:679] - Reading Blueprint content for: /Game/FPS/Migrate/Weapon/BP_Weapon_Base
2026-03-11 20:13:27,609 - UnrealMCP_Advanced - INFO - [unreal_mcp_server_advanced.py:147] - Connecting to Unreal at 127.0.0.1:55557 (attempt 1/4)...
2026-03-11 20:13:27,610 - UnrealMCP_Advanced - INFO - [unreal_mcp_server_advanced.py:154] - Successfully connected to Unreal Engine
2026-03-11 20:13:27,610 - UnrealMCP_Advanced - INFO - [unreal_mcp_server_advanced.py:362] - Sending command (attempt 1): read_blueprint_content
2026-03-11 20:13:27,610 - UnrealMCP_Advanced - DEBUG - [unreal_mcp_server_advanced.py:363] - Command payload: {"type": "read_blueprint_content", "params": {"blueprint_path": "/Game/FPS/Migrate/Weapon/BP_Weapon_Base", "include_event_graph": true, "include_functions": true, "include_variables": true, "include_components": true, "include_interfaces": false}}...
2026-03-11 20:13:27,854 - UnrealMCP_Advanced - INFO - [unreal_mcp_server_advanced.py:264] - Received complete response (1420 bytes) for read_blueprint_content
2026-03-11 20:13:27,855 - UnrealMCP_Advanced - INFO - [unreal_mcp_server_advanced.py:380] - Command read_blueprint_content completed successfully
2026-03-11 20:13:27,856 - mcp.server.lowlevel.server - DEBUG - [server.py:790] - Response sent
2026-03-11 20:16:30,325 - mcp.server.lowlevel.server - DEBUG - [server.py:675] - Received message: <mcp.shared.session.RequestResponder object at 0x000001B6B66916D0>
2026-03-11 20:16:30,326 - mcp.server.lowlevel.server - INFO - [server.py:720] - Processing request of type CallToolRequest
2026-03-11 20:16:30,326 - mcp.server.lowlevel.server - DEBUG - [server.py:723] - Dispatching request of type CallToolRequest
2026-03-11 20:16:30,326 - UnrealMCP_Advanced - INFO - [unreal_mcp_server_advanced.py:679] - Reading Blueprint content for: /Game/_FPS/Weapon/BP_WeaponBase
2026-03-11 20:16:30,326 - UnrealMCP_Advanced - INFO - [unreal_mcp_server_advanced.py:147] - Connecting to Unreal at 127.0.0.1:55557 (attempt 1/4)...
2026-03-11 20:16:30,326 - UnrealMCP_Advanced - INFO - [unreal_mcp_server_advanced.py:154] - Successfully connected to Unreal Engine
2026-03-11 20:16:30,326 - UnrealMCP_Advanced - INFO - [unreal_mcp_server_advanced.py:362] - Sending command (attempt 1): read_blueprint_content
2026-03-11 20:16:30,326 - UnrealMCP_Advanced - DEBUG - [unreal_mcp_server_advanced.py:363] - Command payload: {"type": "read_blueprint_content", "params": {"blueprint_path": "/Game/_FPS/Weapon/BP_WeaponBase", "include_event_graph": false, "include_functions": false, "include_variables": false, "include_components": true, "include_interfaces": false}}...
2026-03-11 20:16:30,733 - UnrealMCP_Advanced - INFO - [unreal_mcp_server_advanced.py:264] - Received complete response (510 bytes) for read_blueprint_content
2026-03-11 20:16:30,733 - UnrealMCP_Advanced - INFO - [unreal_mcp_server_advanced.py:380] - Command read_blueprint_content completed successfully
2026-03-11 20:16:30,735 - mcp.server.lowlevel.server - DEBUG - [server.py:790] - Response sent
2026-03-11 20:40:24,613 - mcp.server.lowlevel.server - DEBUG - [server.py:675] - Received message: <mcp.shared.session.RequestResponder object at 0x000001B6B6691810>
2026-03-11 20:40:24,614 - mcp.server.lowlevel.server - INFO - [server.py:720] - Processing request of type CallToolRequest
2026-03-11 20:40:24,614 - mcp.server.lowlevel.server - DEBUG - [server.py:723] - Dispatching request of type CallToolRequest
2026-03-11 20:40:24,614 - UnrealMCP_Advanced - INFO - [unreal_mcp_server_advanced.py:734] - Analyzing Blueprint graph: /Game/Blueprints/BP_Player -> BeginPlay
2026-03-11 20:40:24,614 - UnrealMCP_Advanced - INFO - [unreal_mcp_server_advanced.py:147] - Connecting to Unreal at 127.0.0.1:55557 (attempt 1/4)...
2026-03-11 20:40:24,614 - UnrealMCP_Advanced - INFO - [unreal_mcp_server_advanced.py:154] - Successfully connected to Unreal Engine
2026-03-11 20:40:24,614 - UnrealMCP_Advanced - INFO - [unreal_mcp_server_advanced.py:362] - Sending command (attempt 1): analyze_blueprint_graph
2026-03-11 20:40:24,614 - UnrealMCP_Advanced - DEBUG - [unreal_mcp_server_advanced.py:363] - Command payload: {"type": "analyze_blueprint_graph", "params": {"blueprint_path": "/Game/Blueprints/BP_Player", "graph_name": "BeginPlay", "include_node_details": true, "include_pin_connections": true, "trace_execution_flow": true}}...
2026-03-11 20:40:24,940 - UnrealMCP_Advanced - INFO - [unreal_mcp_server_advanced.py:264] - Received complete response (65 bytes) for analyze_blueprint_graph
2026-03-11 20:40:24,940 - UnrealMCP_Advanced - INFO - [unreal_mcp_server_advanced.py:380] - Command analyze_blueprint_graph completed successfully
2026-03-11 20:40:24,940 - UnrealMCP_Advanced - WARNING - [unreal_mcp_server_advanced.py:385] - Unreal returned error: Graph not found: BeginPlay
2026-03-11 20:40:24,941 - mcp.server.lowlevel.server - DEBUG - [server.py:790] - Response sent
2026-03-11 20:40:28,303 - mcp.server.lowlevel.server - DEBUG - [server.py:675] - Received message: <mcp.shared.session.RequestResponder object at 0x000001B6B0FB0910>
2026-03-11 20:40:28,303 - mcp.server.lowlevel.server - INFO - [server.py:720] - Processing request of type CallToolRequest
2026-03-11 20:40:28,303 - mcp.server.lowlevel.server - DEBUG - [server.py:723] - Dispatching request of type CallToolRequest
2026-03-11 20:40:28,304 - UnrealMCP_Advanced - INFO - [unreal_mcp_server_advanced.py:818] - Getting Blueprint function details: /Game/Blueprints/BP_Player
2026-03-11 20:40:28,304 - UnrealMCP_Advanced - INFO - [unreal_mcp_server_advanced.py:820] -   - Specific function: UserConstructionScript
2026-03-11 20:40:28,304 - UnrealMCP_Advanced - INFO - [unreal_mcp_server_advanced.py:147] - Connecting to Unreal at 127.0.0.1:55557 (attempt 1/4)...
2026-03-11 20:40:28,304 - UnrealMCP_Advanced - INFO - [unreal_mcp_server_advanced.py:154] - Successfully connected to Unreal Engine
2026-03-11 20:40:28,304 - UnrealMCP_Advanced - INFO - [unreal_mcp_server_advanced.py:362] - Sending command (attempt 1): get_blueprint_function_details
2026-03-11 20:40:28,305 - UnrealMCP_Advanced - DEBUG - [unreal_mcp_server_advanced.py:363] - Command payload: {"type": "get_blueprint_function_details", "params": {"blueprint_path": "/Game/Blueprints/BP_Player", "function_name": "UserConstructionScript", "include_graph": true}}...
2026-03-11 20:40:28,607 - UnrealMCP_Advanced - INFO - [unreal_mcp_server_advanced.py:264] - Received complete response (493 bytes) for get_blueprint_function_details
2026-03-11 20:40:28,607 - UnrealMCP_Advanced - INFO - [unreal_mcp_server_advanced.py:380] - Command get_blueprint_function_details completed successfully
2026-03-11 20:40:28,609 - mcp.server.lowlevel.server - DEBUG - [server.py:790] - Response sent
2026-03-11 20:40:35,752 - mcp.server.lowlevel.server - DEBUG - [server.py:675] - Received message: <mcp.shared.session.RequestResponder object at 0x000001B6B6691A90>
2026-03-11 20:40:35,752 - mcp.server.lowlevel.server - INFO - [server.py:720] - Processing request of type CallToolRequest
2026-03-11 20:40:35,752 - mcp.server.lowlevel.server - DEBUG - [server.py:723] - Dispatching request of type CallToolRequest
2026-03-11 20:40:35,752 - UnrealMCP_Advanced - INFO - [unreal_mcp_server_advanced.py:734] - Analyzing Blueprint graph: /Game/Blueprints/BP_Player -> BeginPlay Collapsed Graph
2026-03-11 20:40:35,752 - UnrealMCP_Advanced - INFO - [unreal_mcp_server_advanced.py:147] - Connecting to Unreal at 127.0.0.1:55557 (attempt 1/4)...
2026-03-11 20:40:35,753 - UnrealMCP_Advanced - INFO - [unreal_mcp_server_advanced.py:154] - Successfully connected to Unreal Engine
2026-03-11 20:40:35,753 - UnrealMCP_Advanced - INFO - [unreal_mcp_server_advanced.py:362] - Sending command (attempt 1): analyze_blueprint_graph
2026-03-11 20:40:35,753 - UnrealMCP_Advanced - DEBUG - [unreal_mcp_server_advanced.py:363] - Command payload: {"type": "analyze_blueprint_graph", "params": {"blueprint_path": "/Game/Blueprints/BP_Player", "graph_name": "BeginPlay Collapsed Graph", "include_node_details": true, "include_pin_connections": true, "trace_execution_flow": true}}...
2026-03-11 20:40:35,943 - UnrealMCP_Advanced - INFO - [unreal_mcp_server_advanced.py:264] - Received complete response (81 bytes) for analyze_blueprint_graph
2026-03-11 20:40:35,943 - UnrealMCP_Advanced - INFO - [unreal_mcp_server_advanced.py:380] - Command analyze_blueprint_graph completed successfully
2026-03-11 20:40:35,943 - UnrealMCP_Advanced - WARNING - [unreal_mcp_server_advanced.py:385] - Unreal returned error: Graph not found: BeginPlay Collapsed Graph
2026-03-11 20:40:35,945 - mcp.server.lowlevel.server - DEBUG - [server.py:790] - Response sent
2026-03-11 20:40:40,246 - mcp.server.lowlevel.server - DEBUG - [server.py:675] - Received message: <mcp.shared.session.RequestResponder object at 0x000001B6B66919F0>
2026-03-11 20:40:40,247 - mcp.server.lowlevel.server - INFO - [server.py:720] - Processing request of type CallToolRequest
2026-03-11 20:40:40,247 - mcp.server.lowlevel.server - DEBUG - [server.py:723] - Dispatching request of type CallToolRequest
2026-03-11 20:40:40,247 - UnrealMCP_Advanced - INFO - [unreal_mcp_server_advanced.py:818] - Getting Blueprint function details: /Game/Blueprints/BP_Player
2026-03-11 20:40:40,247 - UnrealMCP_Advanced - INFO - [unreal_mcp_server_advanced.py:820] -   - Specific function: BeginPlay
2026-03-11 20:40:40,247 - UnrealMCP_Advanced - INFO - [unreal_mcp_server_advanced.py:147] - Connecting to Unreal at 127.0.0.1:55557 (attempt 1/4)...
2026-03-11 20:40:40,248 - UnrealMCP_Advanced - INFO - [unreal_mcp_server_advanced.py:154] - Successfully connected to Unreal Engine
2026-03-11 20:40:40,248 - UnrealMCP_Advanced - INFO - [unreal_mcp_server_advanced.py:362] - Sending command (attempt 1): get_blueprint_function_details
2026-03-11 20:40:40,248 - UnrealMCP_Advanced - DEBUG - [unreal_mcp_server_advanced.py:363] - Command payload: {"type": "get_blueprint_function_details", "params": {"blueprint_path": "/Game/Blueprints/BP_Player", "function_name": "BeginPlay", "include_graph": true}}...
2026-03-11 20:40:40,275 - UnrealMCP_Advanced - INFO - [unreal_mcp_server_advanced.py:264] - Received complete response (68 bytes) for get_blueprint_function_details
2026-03-11 20:40:40,275 - UnrealMCP_Advanced - INFO - [unreal_mcp_server_advanced.py:380] - Command get_blueprint_function_details completed successfully
2026-03-11 20:40:40,275 - UnrealMCP_Advanced - WARNING - [unreal_mcp_server_advanced.py:385] - Unreal returned error: Function not found: BeginPlay
2026-03-11 20:40:40,278 - mcp.server.lowlevel.server - DEBUG - [server.py:790] - Response sent
2026-03-11 22:26:30,810 - mcp.server.lowlevel.server - DEBUG - [server.py:675] - Received message: <mcp.shared.session.RequestResponder object at 0x000001B6B6691BD0>
2026-03-11 22:26:30,815 - mcp.server.lowlevel.server - INFO - [server.py:720] - Processing request of type CallToolRequest
2026-03-11 22:26:30,815 - mcp.server.lowlevel.server - DEBUG - [server.py:723] - Dispatching request of type CallToolRequest
2026-03-11 22:26:30,817 - UnrealMCP_Advanced - INFO - [unreal_mcp_server_advanced.py:679] - Reading Blueprint content for: /Game/FPS/Migrate/ABP_Manny
2026-03-11 22:26:30,817 - UnrealMCP_Advanced - INFO - [unreal_mcp_server_advanced.py:147] - Connecting to Unreal at 127.0.0.1:55557 (attempt 1/4)...
2026-03-11 22:26:30,817 - UnrealMCP_Advanced - INFO - [unreal_mcp_server_advanced.py:154] - Successfully connected to Unreal Engine
2026-03-11 22:26:30,818 - UnrealMCP_Advanced - INFO - [unreal_mcp_server_advanced.py:362] - Sending command (attempt 1): read_blueprint_content
2026-03-11 22:26:30,818 - UnrealMCP_Advanced - DEBUG - [unreal_mcp_server_advanced.py:363] - Command payload: {"type": "read_blueprint_content", "params": {"blueprint_path": "/Game/FPS/Migrate/ABP_Manny", "include_event_graph": true, "include_functions": true, "include_variables": true, "include_components": false, "include_interfaces": true}}...
2026-03-11 22:26:30,972 - UnrealMCP_Advanced - INFO - [unreal_mcp_server_advanced.py:264] - Received complete response (12423 bytes) for read_blueprint_content
2026-03-11 22:26:30,972 - UnrealMCP_Advanced - INFO - [unreal_mcp_server_advanced.py:380] - Command read_blueprint_content completed successfully
2026-03-11 22:26:30,978 - mcp.server.lowlevel.server - DEBUG - [server.py:790] - Response sent
2026-03-11 22:27:08,979 - mcp.server.lowlevel.server - DEBUG - [server.py:675] - Received message: <mcp.shared.session.RequestResponder object at 0x000001B6B66914F0>
2026-03-11 22:27:08,979 - mcp.server.lowlevel.server - INFO - [server.py:720] - Processing request of type CallToolRequest
2026-03-11 22:27:08,979 - mcp.server.lowlevel.server - DEBUG - [server.py:723] - Dispatching request of type CallToolRequest
2026-03-11 22:27:08,980 - UnrealMCP_Advanced - INFO - [unreal_mcp_server_advanced.py:818] - Getting Blueprint function details: /Game/FPS/Migrate/ABP_Manny
2026-03-11 22:27:08,980 - UnrealMCP_Advanced - INFO - [unreal_mcp_server_advanced.py:820] -   - Specific function: Get Aim Rotation
2026-03-11 22:27:08,980 - UnrealMCP_Advanced - INFO - [unreal_mcp_server_advanced.py:147] - Connecting to Unreal at 127.0.0.1:55557 (attempt 1/4)...
2026-03-11 22:27:08,980 - UnrealMCP_Advanced - INFO - [unreal_mcp_server_advanced.py:154] - Successfully connected to Unreal Engine
2026-03-11 22:27:08,980 - UnrealMCP_Advanced - INFO - [unreal_mcp_server_advanced.py:362] - Sending command (attempt 1): get_blueprint_function_details
2026-03-11 22:27:08,980 - UnrealMCP_Advanced - DEBUG - [unreal_mcp_server_advanced.py:363] - Command payload: {"type": "get_blueprint_function_details", "params": {"blueprint_path": "/Game/FPS/Migrate/ABP_Manny", "function_name": "Get Aim Rotation", "include_graph": true}}...
2026-03-11 22:27:09,325 - UnrealMCP_Advanced - INFO - [unreal_mcp_server_advanced.py:264] - Received complete response (1937 bytes) for get_blueprint_function_details
2026-03-11 22:27:09,325 - UnrealMCP_Advanced - INFO - [unreal_mcp_server_advanced.py:380] - Command get_blueprint_function_details completed successfully
2026-03-11 22:27:09,328 - mcp.server.lowlevel.server - DEBUG - [server.py:790] - Response sent
2026-03-11 22:27:21,315 - mcp.server.lowlevel.server - DEBUG - [server.py:675] - Received message: <mcp.shared.session.RequestResponder object at 0x000001B6B1B04E10>
2026-03-11 22:27:21,315 - mcp.server.lowlevel.server - INFO - [server.py:720] - Processing request of type CallToolRequest
2026-03-11 22:27:21,315 - mcp.server.lowlevel.server - DEBUG - [server.py:723] - Dispatching request of type CallToolRequest
2026-03-11 22:27:21,316 - UnrealMCP_Advanced - INFO - [unreal_mcp_server_advanced.py:734] - Analyzing Blueprint graph: /Game/FPS/Migrate/ABP_Manny -> AnimGraph
2026-03-11 22:27:21,316 - UnrealMCP_Advanced - INFO - [unreal_mcp_server_advanced.py:147] - Connecting to Unreal at 127.0.0.1:55557 (attempt 1/4)...
2026-03-11 22:27:21,316 - UnrealMCP_Advanced - INFO - [unreal_mcp_server_advanced.py:154] - Successfully connected to Unreal Engine
2026-03-11 22:27:21,316 - UnrealMCP_Advanced - INFO - [unreal_mcp_server_advanced.py:362] - Sending command (attempt 1): analyze_blueprint_graph
2026-03-11 22:27:21,316 - UnrealMCP_Advanced - DEBUG - [unreal_mcp_server_advanced.py:363] - Command payload: {"type": "analyze_blueprint_graph", "params": {"blueprint_path": "/Game/FPS/Migrate/ABP_Manny", "graph_name": "AnimGraph", "include_node_details": true, "include_pin_connections": true, "trace_execution_flow": true}}...
2026-03-11 22:27:21,661 - UnrealMCP_Advanced - INFO - [unreal_mcp_server_advanced.py:264] - Received complete response (27978 bytes) for analyze_blueprint_graph
2026-03-11 22:27:21,661 - UnrealMCP_Advanced - INFO - [unreal_mcp_server_advanced.py:380] - Command analyze_blueprint_graph completed successfully
2026-03-11 22:27:21,663 - mcp.server.lowlevel.server - DEBUG - [server.py:790] - Response sent
2026-03-11 22:29:45,804 - mcp.server.lowlevel.server - DEBUG - [server.py:675] - Received message: <mcp.shared.session.RequestResponder object at 0x000001B6B6691C70>
2026-03-11 22:29:45,805 - mcp.server.lowlevel.server - INFO - [server.py:720] - Processing request of type CallToolRequest
2026-03-11 22:29:45,805 - mcp.server.lowlevel.server - DEBUG - [server.py:723] - Dispatching request of type CallToolRequest
2026-03-11 22:29:45,805 - UnrealMCP_Advanced - INFO - [unreal_mcp_server_advanced.py:734] - Analyzing Blueprint graph: /Game/FPS/Migrate/ABP_Manny -> Main States
2026-03-11 22:29:45,805 - UnrealMCP_Advanced - INFO - [unreal_mcp_server_advanced.py:147] - Connecting to Unreal at 127.0.0.1:55557 (attempt 1/4)...
2026-03-11 22:29:45,821 - UnrealMCP_Advanced - INFO - [unreal_mcp_server_advanced.py:154] - Successfully connected to Unreal Engine
2026-03-11 22:29:45,821 - UnrealMCP_Advanced - INFO - [unreal_mcp_server_advanced.py:362] - Sending command (attempt 1): analyze_blueprint_graph
2026-03-11 22:29:45,821 - UnrealMCP_Advanced - DEBUG - [unreal_mcp_server_advanced.py:363] - Command payload: {"type": "analyze_blueprint_graph", "params": {"blueprint_path": "/Game/FPS/Migrate/ABP_Manny", "graph_name": "Main States", "include_node_details": true, "include_pin_connections": true, "trace_execution_flow": true}}...
2026-03-11 22:29:46,082 - UnrealMCP_Advanced - INFO - [unreal_mcp_server_advanced.py:264] - Received complete response (67 bytes) for analyze_blueprint_graph
2026-03-11 22:29:46,082 - UnrealMCP_Advanced - INFO - [unreal_mcp_server_advanced.py:380] - Command analyze_blueprint_graph completed successfully
2026-03-11 22:29:46,082 - UnrealMCP_Advanced - WARNING - [unreal_mcp_server_advanced.py:385] - Unreal returned error: Graph not found: Main States
2026-03-11 22:29:46,084 - mcp.server.lowlevel.server - DEBUG - [server.py:790] - Response sent
2026-03-11 22:29:49,081 - mcp.server.lowlevel.server - DEBUG - [server.py:675] - Received message: <mcp.shared.session.RequestResponder object at 0x000001B6B6691590>
2026-03-11 22:29:49,081 - mcp.server.lowlevel.server - INFO - [server.py:720] - Processing request of type CallToolRequest
2026-03-11 22:29:49,081 - mcp.server.lowlevel.server - DEBUG - [server.py:723] - Dispatching request of type CallToolRequest
2026-03-11 22:29:49,081 - UnrealMCP_Advanced - INFO - [unreal_mcp_server_advanced.py:734] - Analyzing Blueprint graph: /Game/FPS/Migrate/ABP_Manny -> Locomotion
2026-03-11 22:29:49,081 - UnrealMCP_Advanced - INFO - [unreal_mcp_server_advanced.py:147] - Connecting to Unreal at 127.0.0.1:55557 (attempt 1/4)...
2026-03-11 22:29:49,082 - UnrealMCP_Advanced - INFO - [unreal_mcp_server_advanced.py:154] - Successfully connected to Unreal Engine
2026-03-11 22:29:49,082 - UnrealMCP_Advanced - INFO - [unreal_mcp_server_advanced.py:362] - Sending command (attempt 1): analyze_blueprint_graph
2026-03-11 22:29:49,082 - UnrealMCP_Advanced - DEBUG - [unreal_mcp_server_advanced.py:363] - Command payload: {"type": "analyze_blueprint_graph", "params": {"blueprint_path": "/Game/FPS/Migrate/ABP_Manny", "graph_name": "Locomotion", "include_node_details": true, "include_pin_connections": true, "trace_execution_flow": true}}...
2026-03-11 22:29:49,416 - UnrealMCP_Advanced - INFO - [unreal_mcp_server_advanced.py:264] - Received complete response (66 bytes) for analyze_blueprint_graph
2026-03-11 22:29:49,416 - UnrealMCP_Advanced - INFO - [unreal_mcp_server_advanced.py:380] - Command analyze_blueprint_graph completed successfully
2026-03-11 22:29:49,416 - UnrealMCP_Advanced - WARNING - [unreal_mcp_server_advanced.py:385] - Unreal returned error: Graph not found: Locomotion
2026-03-11 22:29:49,418 - mcp.server.lowlevel.server - DEBUG - [server.py:790] - Response sent
2026-03-11 22:30:15,324 - mcp.server.lowlevel.server - DEBUG - [server.py:675] - Received message: <mcp.shared.session.RequestResponder object at 0x000001B6B6691270>
2026-03-11 22:30:15,324 - mcp.server.lowlevel.server - INFO - [server.py:720] - Processing request of type CallToolRequest
2026-03-11 22:30:15,324 - mcp.server.lowlevel.server - DEBUG - [server.py:723] - Dispatching request of type CallToolRequest
2026-03-11 22:30:15,324 - UnrealMCP_Advanced - INFO - [unreal_mcp_server_advanced.py:679] - Reading Blueprint content for: /Game/FPS/Migrate/BP_ThirdPersonCharacter
2026-03-11 22:30:15,324 - UnrealMCP_Advanced - INFO - [unreal_mcp_server_advanced.py:147] - Connecting to Unreal at 127.0.0.1:55557 (attempt 1/4)...
2026-03-11 22:30:15,325 - UnrealMCP_Advanced - INFO - [unreal_mcp_server_advanced.py:154] - Successfully connected to Unreal Engine
2026-03-11 22:30:15,325 - UnrealMCP_Advanced - INFO - [unreal_mcp_server_advanced.py:362] - Sending command (attempt 1): read_blueprint_content
2026-03-11 22:30:15,325 - UnrealMCP_Advanced - DEBUG - [unreal_mcp_server_advanced.py:363] - Command payload: {"type": "read_blueprint_content", "params": {"blueprint_path": "/Game/FPS/Migrate/BP_ThirdPersonCharacter", "include_event_graph": false, "include_functions": false, "include_variables": true, "include_components": true, "include_interfaces": true}}...
2026-03-11 22:30:15,425 - UnrealMCP_Advanced - INFO - [unreal_mcp_server_advanced.py:264] - Received complete response (3864 bytes) for read_blueprint_content
2026-03-11 22:30:15,425 - UnrealMCP_Advanced - INFO - [unreal_mcp_server_advanced.py:380] - Command read_blueprint_content completed successfully
2026-03-11 22:30:15,427 - mcp.server.lowlevel.server - DEBUG - [server.py:790] - Response sent
2026-03-11 22:54:12,155 - mcp.server.lowlevel.server - DEBUG - [server.py:675] - Received message: <mcp.shared.session.RequestResponder object at 0x000001B6B6691130>
2026-03-11 22:54:12,155 - mcp.server.lowlevel.server - INFO - [server.py:720] - Processing request of type CallToolRequest
2026-03-11 22:54:12,155 - mcp.server.lowlevel.server - DEBUG - [server.py:723] - Dispatching request of type CallToolRequest
2026-03-11 22:54:12,156 - UnrealMCP_Advanced - INFO - [unreal_mcp_server_advanced.py:734] - Analyzing Blueprint graph: /Game/FPS/Migrate/ABP_Manny -> Get Aim Rotation
2026-03-11 22:54:12,156 - UnrealMCP_Advanced - INFO - [unreal_mcp_server_advanced.py:147] - Connecting to Unreal at 127.0.0.1:55557 (attempt 1/4)...
2026-03-11 22:54:12,156 - UnrealMCP_Advanced - INFO - [unreal_mcp_server_advanced.py:154] - Successfully connected to Unreal Engine
2026-03-11 22:54:12,156 - UnrealMCP_Advanced - INFO - [unreal_mcp_server_advanced.py:362] - Sending command (attempt 1): analyze_blueprint_graph
2026-03-11 22:54:12,156 - UnrealMCP_Advanced - DEBUG - [unreal_mcp_server_advanced.py:363] - Command payload: {"type": "analyze_blueprint_graph", "params": {"blueprint_path": "/Game/FPS/Migrate/ABP_Manny", "graph_name": "Get Aim Rotation", "include_node_details": true, "include_pin_connections": true, "trace_execution_flow": true}}...
2026-03-11 22:54:12,480 - UnrealMCP_Advanced - INFO - [unreal_mcp_server_advanced.py:264] - Received complete response (12228 bytes) for analyze_blueprint_graph
2026-03-11 22:54:12,481 - UnrealMCP_Advanced - INFO - [unreal_mcp_server_advanced.py:380] - Command analyze_blueprint_graph completed successfully
2026-03-11 22:54:12,482 - mcp.server.lowlevel.server - DEBUG - [server.py:790] - Response sent
2026-03-12 00:08:38,802 - mcp.server.lowlevel.server - DEBUG - [server.py:162] - Initializing server 'UnrealMCP_Advanced'
2026-03-12 00:08:38,803 - mcp.server.lowlevel.server - DEBUG - [server.py:439] - Registering handler for ListToolsRequest
2026-03-12 00:08:38,804 - mcp.server.lowlevel.server - DEBUG - [server.py:519] - Registering handler for CallToolRequest
2026-03-12 00:08:38,804 - mcp.server.lowlevel.server - DEBUG - [server.py:301] - Registering handler for ListResourcesRequest
2026-03-12 00:08:38,804 - mcp.server.lowlevel.server - DEBUG - [server.py:336] - Registering handler for ReadResourceRequest
2026-03-12 00:08:38,804 - mcp.server.lowlevel.server - DEBUG - [server.py:263] - Registering handler for PromptListRequest
2026-03-12 00:08:38,804 - mcp.server.lowlevel.server - DEBUG - [server.py:285] - Registering handler for GetPromptRequest
2026-03-12 00:08:38,804 - mcp.server.lowlevel.server - DEBUG - [server.py:321] - Registering handler for ListResourceTemplatesRequest
2026-03-12 00:08:38,990 - UnrealMCP_Advanced - INFO - [unreal_mcp_server_advanced.py:2795] - Starting Advanced MCP server with stdio transport
2026-03-12 00:08:39,000 - asyncio - DEBUG - [proactor_events.py:631] - Using proactor: IocpProactor
2026-03-12 00:08:39,006 - UnrealMCP_Advanced - INFO - [unreal_mcp_server_advanced.py:434] - UnrealMCP Advanced server starting up
2026-03-12 00:08:39,006 - UnrealMCP_Advanced - INFO - [unreal_mcp_server_advanced.py:435] - Connection will be established lazily on first tool call
2026-03-12 00:08:39,022 - mcp.server.lowlevel.server - DEBUG - [server.py:675] - Received message: root=InitializedNotification(method='notifications/initialized', params=None, jsonrpc='2.0')
2026-03-12 00:08:39,024 - mcp.server.lowlevel.server - DEBUG - [server.py:675] - Received message: <mcp.shared.session.RequestResponder object at 0x000001E90F9A6D50>
2026-03-12 00:08:39,025 - mcp.server.lowlevel.server - INFO - [server.py:720] - Processing request of type ListToolsRequest
2026-03-12 00:08:39,025 - mcp.server.lowlevel.server - DEBUG - [server.py:723] - Dispatching request of type ListToolsRequest
2026-03-12 00:08:39,027 - mcp.server.lowlevel.server - DEBUG - [server.py:790] - Response sent
2026-03-12 00:08:39,028 - mcp.server.lowlevel.server - DEBUG - [server.py:675] - Received message: <mcp.shared.session.RequestResponder object at 0x000001E90F9A6AD0>
2026-03-12 00:08:39,029 - mcp.server.lowlevel.server - INFO - [server.py:720] - Processing request of type ListPromptsRequest
2026-03-12 00:08:39,029 - mcp.server.lowlevel.server - DEBUG - [server.py:723] - Dispatching request of type ListPromptsRequest
2026-03-12 00:08:39,030 - mcp.server.lowlevel.server - DEBUG - [server.py:675] - Received message: <mcp.shared.session.RequestResponder object at 0x000001E90F97D6E0>
2026-03-12 00:08:39,030 - mcp.server.lowlevel.server - INFO - [server.py:720] - Processing request of type ListResourcesRequest
2026-03-12 00:08:39,031 - mcp.server.lowlevel.server - DEBUG - [server.py:723] - Dispatching request of type ListResourcesRequest
2026-03-12 00:08:39,031 - mcp.server.fastmcp.resources.resource_manager - DEBUG - [resource_manager.py:109] - Listing resources
2026-03-12 00:08:39,031 - mcp.server.lowlevel.server - DEBUG - [server.py:790] - Response sent
2026-03-12 00:08:39,032 - mcp.server.lowlevel.server - DEBUG - [server.py:790] - Response sent
2026-03-12 00:19:40,781 - mcp.server.lowlevel.server - DEBUG - [server.py:675] - Received message: <mcp.shared.session.RequestResponder object at 0x000001E90F97D0F0>
2026-03-12 00:19:40,782 - mcp.server.lowlevel.server - INFO - [server.py:720] - Processing request of type CallToolRequest
2026-03-12 00:19:40,782 - mcp.server.lowlevel.server - DEBUG - [server.py:723] - Dispatching request of type CallToolRequest
2026-03-12 00:19:40,782 - UnrealMCP_Advanced - INFO - [unreal_mcp_server_advanced.py:416] - Creating new UnrealConnection instance
2026-03-12 00:19:40,782 - UnrealMCP_Advanced - INFO - [unreal_mcp_server_advanced.py:818] - Getting Blueprint function details: /Game/FPS/Migrate/ABP_Manny
2026-03-12 00:19:40,782 - UnrealMCP_Advanced - INFO - [unreal_mcp_server_advanced.py:820] -   - Specific function: AnimGraph
2026-03-12 00:19:40,782 - UnrealMCP_Advanced - INFO - [unreal_mcp_server_advanced.py:147] - Connecting to Unreal at 127.0.0.1:55557 (attempt 1/4)...
2026-03-12 00:19:40,783 - UnrealMCP_Advanced - INFO - [unreal_mcp_server_advanced.py:154] - Successfully connected to Unreal Engine
2026-03-12 00:19:40,783 - UnrealMCP_Advanced - INFO - [unreal_mcp_server_advanced.py:362] - Sending command (attempt 1): get_blueprint_function_details
2026-03-12 00:19:40,783 - UnrealMCP_Advanced - DEBUG - [unreal_mcp_server_advanced.py:363] - Command payload: {"type": "get_blueprint_function_details", "params": {"blueprint_path": "/Game/FPS/Migrate/ABP_Manny", "function_name": "AnimGraph", "include_graph": true}}...
2026-03-12 00:19:40,832 - UnrealMCP_Advanced - INFO - [unreal_mcp_server_advanced.py:264] - Received complete response (4048 bytes) for get_blueprint_function_details
2026-03-12 00:19:40,833 - UnrealMCP_Advanced - INFO - [unreal_mcp_server_advanced.py:380] - Command get_blueprint_function_details completed successfully
2026-03-12 00:19:40,837 - mcp.server.lowlevel.server - DEBUG - [server.py:790] - Response sent
2026-03-12 00:25:31,238 - mcp.server.lowlevel.server - DEBUG - [server.py:675] - Received message: <mcp.shared.session.RequestResponder object at 0x000001E90FB3A450>
2026-03-12 00:25:31,238 - mcp.server.lowlevel.server - INFO - [server.py:720] - Processing request of type CallToolRequest
2026-03-12 00:25:31,238 - mcp.server.lowlevel.server - DEBUG - [server.py:723] - Dispatching request of type CallToolRequest
2026-03-12 00:25:31,238 - UnrealMCP_Advanced - INFO - [unreal_mcp_server_advanced.py:734] - Analyzing Blueprint graph: /Game/FPS/Migrate/ABP_Manny -> AnimGraph
2026-03-12 00:25:31,238 - UnrealMCP_Advanced - INFO - [unreal_mcp_server_advanced.py:147] - Connecting to Unreal at 127.0.0.1:55557 (attempt 1/4)...
2026-03-12 00:25:31,239 - UnrealMCP_Advanced - INFO - [unreal_mcp_server_advanced.py:154] - Successfully connected to Unreal Engine
2026-03-12 00:25:31,239 - UnrealMCP_Advanced - INFO - [unreal_mcp_server_advanced.py:362] - Sending command (attempt 1): analyze_blueprint_graph
2026-03-12 00:25:31,239 - UnrealMCP_Advanced - DEBUG - [unreal_mcp_server_advanced.py:363] - Command payload: {"type": "analyze_blueprint_graph", "params": {"blueprint_path": "/Game/FPS/Migrate/ABP_Manny", "graph_name": "AnimGraph", "include_node_details": true, "include_pin_connections": true, "trace_execution_flow": true}}...
2026-03-12 00:25:31,481 - UnrealMCP_Advanced - INFO - [unreal_mcp_server_advanced.py:264] - Received complete response (27978 bytes) for analyze_blueprint_graph
2026-03-12 00:25:31,481 - UnrealMCP_Advanced - INFO - [unreal_mcp_server_advanced.py:380] - Command analyze_blueprint_graph completed successfully
2026-03-12 00:25:31,483 - mcp.server.lowlevel.server - DEBUG - [server.py:790] - Response sent
2026-03-12 00:25:53,301 - mcp.server.lowlevel.server - DEBUG - [server.py:675] - Received message: <mcp.shared.session.RequestResponder object at 0x000001E90FB039B0>
2026-03-12 00:25:53,302 - mcp.server.lowlevel.server - INFO - [server.py:720] - Processing request of type CallToolRequest
2026-03-12 00:25:53,302 - mcp.server.lowlevel.server - DEBUG - [server.py:723] - Dispatching request of type CallToolRequest
2026-03-12 00:25:53,302 - UnrealMCP_Advanced - INFO - [unreal_mcp_server_advanced.py:734] - Analyzing Blueprint graph: /Game/FPS/Migrate/ABP_Manny -> BlueprintUpdateAnimation
2026-03-12 00:25:53,302 - UnrealMCP_Advanced - INFO - [unreal_mcp_server_advanced.py:147] - Connecting to Unreal at 127.0.0.1:55557 (attempt 1/4)...
2026-03-12 00:25:53,303 - UnrealMCP_Advanced - INFO - [unreal_mcp_server_advanced.py:154] - Successfully connected to Unreal Engine
2026-03-12 00:25:53,303 - UnrealMCP_Advanced - INFO - [unreal_mcp_server_advanced.py:362] - Sending command (attempt 1): analyze_blueprint_graph
2026-03-12 00:25:53,303 - UnrealMCP_Advanced - DEBUG - [unreal_mcp_server_advanced.py:363] - Command payload: {"type": "analyze_blueprint_graph", "params": {"blueprint_path": "/Game/FPS/Migrate/ABP_Manny", "graph_name": "BlueprintUpdateAnimation", "include_node_details": true, "include_pin_connections": true, "trace_execution_flow": true}}...
2026-03-12 00:25:53,487 - UnrealMCP_Advanced - INFO - [unreal_mcp_server_advanced.py:264] - Received complete response (80 bytes) for analyze_blueprint_graph
2026-03-12 00:25:53,487 - UnrealMCP_Advanced - INFO - [unreal_mcp_server_advanced.py:380] - Command analyze_blueprint_graph completed successfully
2026-03-12 00:25:53,487 - UnrealMCP_Advanced - WARNING - [unreal_mcp_server_advanced.py:385] - Unreal returned error: Graph not found: BlueprintUpdateAnimation
2026-03-12 00:25:53,488 - mcp.server.lowlevel.server - DEBUG - [server.py:790] - Response sent
2026-03-12 00:25:57,445 - mcp.server.lowlevel.server - DEBUG - [server.py:675] - Received message: <mcp.shared.session.RequestResponder object at 0x000001E90FB03570>
2026-03-12 00:25:57,446 - mcp.server.lowlevel.server - INFO - [server.py:720] - Processing request of type CallToolRequest
2026-03-12 00:25:57,446 - mcp.server.lowlevel.server - DEBUG - [server.py:723] - Dispatching request of type CallToolRequest
2026-03-12 00:25:57,446 - UnrealMCP_Advanced - INFO - [unreal_mcp_server_advanced.py:679] - Reading Blueprint content for: /Game/FPS/Migrate/ABP_Manny
2026-03-12 00:25:57,446 - UnrealMCP_Advanced - INFO - [unreal_mcp_server_advanced.py:147] - Connecting to Unreal at 127.0.0.1:55557 (attempt 1/4)...
2026-03-12 00:25:57,446 - UnrealMCP_Advanced - INFO - [unreal_mcp_server_advanced.py:154] - Successfully connected to Unreal Engine
2026-03-12 00:25:57,446 - UnrealMCP_Advanced - INFO - [unreal_mcp_server_advanced.py:362] - Sending command (attempt 1): read_blueprint_content
2026-03-12 00:25:57,446 - UnrealMCP_Advanced - DEBUG - [unreal_mcp_server_advanced.py:363] - Command payload: {"type": "read_blueprint_content", "params": {"blueprint_path": "/Game/FPS/Migrate/ABP_Manny", "include_event_graph": true, "include_functions": true, "include_variables": true, "include_components": true, "include_interfaces": true}}...
2026-03-12 00:25:57,825 - UnrealMCP_Advanced - INFO - [unreal_mcp_server_advanced.py:264] - Received complete response (12444 bytes) for read_blueprint_content
2026-03-12 00:25:57,825 - UnrealMCP_Advanced - INFO - [unreal_mcp_server_advanced.py:380] - Command read_blueprint_content completed successfully
2026-03-12 00:25:57,827 - mcp.server.lowlevel.server - DEBUG - [server.py:790] - Response sent
2026-03-12 00:29:27,184 - mcp.server.lowlevel.server - DEBUG - [server.py:675] - Received message: <mcp.shared.session.RequestResponder object at 0x000001E90F972D50>
2026-03-12 00:29:27,184 - mcp.server.lowlevel.server - INFO - [server.py:720] - Processing request of type CallToolRequest
2026-03-12 00:29:27,184 - mcp.server.lowlevel.server - DEBUG - [server.py:723] - Dispatching request of type CallToolRequest
2026-03-12 00:29:27,184 - UnrealMCP_Advanced - INFO - [unreal_mcp_server_advanced.py:734] - Analyzing Blueprint graph: /Game/FPS/Migrate/ABP_Manny -> Get Aim Rotation
2026-03-12 00:29:27,184 - UnrealMCP_Advanced - INFO - [unreal_mcp_server_advanced.py:147] - Connecting to Unreal at 127.0.0.1:55557 (attempt 1/4)...
2026-03-12 00:29:27,198 - UnrealMCP_Advanced - INFO - [unreal_mcp_server_advanced.py:154] - Successfully connected to Unreal Engine
2026-03-12 00:29:27,198 - UnrealMCP_Advanced - INFO - [unreal_mcp_server_advanced.py:362] - Sending command (attempt 1): analyze_blueprint_graph
2026-03-12 00:29:27,198 - UnrealMCP_Advanced - DEBUG - [unreal_mcp_server_advanced.py:363] - Command payload: {"type": "analyze_blueprint_graph", "params": {"blueprint_path": "/Game/FPS/Migrate/ABP_Manny", "graph_name": "Get Aim Rotation", "include_node_details": true, "include_pin_connections": true, "trace_execution_flow": true}}...
2026-03-12 00:29:27,534 - UnrealMCP_Advanced - INFO - [unreal_mcp_server_advanced.py:264] - Received complete response (12228 bytes) for analyze_blueprint_graph
2026-03-12 00:29:27,534 - UnrealMCP_Advanced - INFO - [unreal_mcp_server_advanced.py:380] - Command analyze_blueprint_graph completed successfully
2026-03-12 00:29:27,536 - mcp.server.lowlevel.server - DEBUG - [server.py:790] - Response sent
2026-03-12 00:31:37,636 - mcp.server.lowlevel.server - DEBUG - [server.py:675] - Received message: <mcp.shared.session.RequestResponder object at 0x000001E90F971250>
2026-03-12 00:31:37,637 - mcp.server.lowlevel.server - INFO - [server.py:720] - Processing request of type CallToolRequest
2026-03-12 00:31:37,637 - mcp.server.lowlevel.server - DEBUG - [server.py:723] - Dispatching request of type CallToolRequest
2026-03-12 00:31:37,637 - UnrealMCP_Advanced - INFO - [unreal_mcp_server_advanced.py:147] - Connecting to Unreal at 127.0.0.1:55557 (attempt 1/4)...
2026-03-12 00:31:37,638 - UnrealMCP_Advanced - INFO - [unreal_mcp_server_advanced.py:154] - Successfully connected to Unreal Engine
2026-03-12 00:31:37,638 - UnrealMCP_Advanced - INFO - [unreal_mcp_server_advanced.py:362] - Sending command (attempt 1): delete_node
2026-03-12 00:31:37,638 - UnrealMCP_Advanced - DEBUG - [unreal_mcp_server_advanced.py:363] - Command payload: {"type": "delete_node", "params": {"blueprint_name": "ABP_Manny", "node_id": "K2Node_CallFunction_5", "function_name": "Get Aim Rotation"}}...
2026-03-12 00:31:37,899 - UnrealMCP_Advanced - INFO - [unreal_mcp_server_advanced.py:264] - Received complete response (69 bytes) for delete_node
2026-03-12 00:31:37,899 - UnrealMCP_Advanced - INFO - [unreal_mcp_server_advanced.py:380] - Command delete_node completed successfully
2026-03-12 00:31:37,900 - UnrealMCP_Advanced - WARNING - [unreal_mcp_server_advanced.py:385] - Unreal returned error: Blueprint not found: ABP_Manny
2026-03-12 00:31:37,900 - BlueprintGraph.NodeDeleter - ERROR - [node_deleter.py:63] - Failed to delete node: Blueprint not found: ABP_Manny
2026-03-12 00:31:37,902 - mcp.server.lowlevel.server - DEBUG - [server.py:790] - Response sent
2026-03-12 00:31:40,752 - mcp.server.lowlevel.server - DEBUG - [server.py:675] - Received message: <mcp.shared.session.RequestResponder object at 0x000001E90FB2F3E0>
2026-03-12 00:31:40,752 - mcp.server.lowlevel.server - INFO - [server.py:720] - Processing request of type CallToolRequest
2026-03-12 00:31:40,752 - mcp.server.lowlevel.server - DEBUG - [server.py:723] - Dispatching request of type CallToolRequest
2026-03-12 00:31:40,752 - UnrealMCP_Advanced - INFO - [unreal_mcp_server_advanced.py:147] - Connecting to Unreal at 127.0.0.1:55557 (attempt 1/4)...
2026-03-12 00:31:40,777 - UnrealMCP_Advanced - INFO - [unreal_mcp_server_advanced.py:154] - Successfully connected to Unreal Engine
2026-03-12 00:31:40,777 - UnrealMCP_Advanced - INFO - [unreal_mcp_server_advanced.py:362] - Sending command (attempt 1): delete_node
2026-03-12 00:31:40,777 - UnrealMCP_Advanced - DEBUG - [unreal_mcp_server_advanced.py:363] - Command payload: {"type": "delete_node", "params": {"blueprint_name": "/Game/FPS/Migrate/ABP_Manny", "node_id": "K2Node_CallFunction_5", "function_name": "Get Aim Rotation"}}...
2026-03-12 00:31:40,904 - UnrealMCP_Advanced - INFO - [unreal_mcp_server_advanced.py:264] - Received complete response (124 bytes) for delete_node
2026-03-12 00:31:40,904 - UnrealMCP_Advanced - INFO - [unreal_mcp_server_advanced.py:380] - Command delete_node completed successfully
2026-03-12 00:31:40,904 - BlueprintGraph.NodeDeleter - ERROR - [node_deleter.py:63] - Failed to delete node: Unknown error
2026-03-12 00:31:40,906 - mcp.server.lowlevel.server - DEBUG - [server.py:790] - Response sent
2026-03-12 00:31:44,137 - mcp.server.lowlevel.server - DEBUG - [server.py:675] - Received message: <mcp.shared.session.RequestResponder object at 0x000001E90FB2E210>
2026-03-12 00:31:44,137 - mcp.server.lowlevel.server - INFO - [server.py:720] - Processing request of type CallToolRequest
2026-03-12 00:31:44,137 - mcp.server.lowlevel.server - DEBUG - [server.py:723] - Dispatching request of type CallToolRequest
2026-03-12 00:31:44,137 - UnrealMCP_Advanced - INFO - [unreal_mcp_server_advanced.py:147] - Connecting to Unreal at 127.0.0.1:55557 (attempt 1/4)...
2026-03-12 00:31:44,138 - UnrealMCP_Advanced - INFO - [unreal_mcp_server_advanced.py:154] - Successfully connected to Unreal Engine
2026-03-12 00:31:44,138 - UnrealMCP_Advanced - INFO - [unreal_mcp_server_advanced.py:362] - Sending command (attempt 1): connect_nodes
2026-03-12 00:31:44,138 - UnrealMCP_Advanced - DEBUG - [unreal_mcp_server_advanced.py:363] - Command payload: {"type": "connect_nodes", "params": {"blueprint_name": "/Game/FPS/Migrate/ABP_Manny", "source_node_id": "K2Node_CallFunction_8", "source_pin_name": "ReturnValue", "target_node_id": "K2Node_FunctionResult_1", "target_pin_name": "ReturnValue", "function_name": "Get Aim Rotation"}}...
2026-03-12 00:31:44,606 - UnrealMCP_Advanced - INFO - [unreal_mcp_server_advanced.py:264] - Received complete response (282 bytes) for connect_nodes
2026-03-12 00:31:44,606 - UnrealMCP_Advanced - INFO - [unreal_mcp_server_advanced.py:380] - Command connect_nodes completed successfully
2026-03-12 00:31:44,606 - BlueprintGraph.ConnectorManager - ERROR - [connector_manager.py:74] - Failed to connect nodes: Unknown error
2026-03-12 00:31:44,607 - mcp.server.lowlevel.server - DEBUG - [server.py:790] - Response sent
2026-03-12 00:31:47,443 - mcp.server.lowlevel.server - DEBUG - [server.py:675] - Received message: <mcp.shared.session.RequestResponder object at 0x000001E90FB7E350>
2026-03-12 00:31:47,443 - mcp.server.lowlevel.server - INFO - [server.py:720] - Processing request of type CallToolRequest
2026-03-12 00:31:47,444 - mcp.server.lowlevel.server - DEBUG - [server.py:723] - Dispatching request of type CallToolRequest
2026-03-12 00:31:47,444 - UnrealMCP_Advanced - INFO - [unreal_mcp_server_advanced.py:147] - Connecting to Unreal at 127.0.0.1:55557 (attempt 1/4)...
2026-03-12 00:31:47,444 - UnrealMCP_Advanced - INFO - [unreal_mcp_server_advanced.py:154] - Successfully connected to Unreal Engine
2026-03-12 00:31:47,444 - UnrealMCP_Advanced - INFO - [unreal_mcp_server_advanced.py:362] - Sending command (attempt 1): compile_blueprint
2026-03-12 00:31:47,444 - UnrealMCP_Advanced - DEBUG - [unreal_mcp_server_advanced.py:363] - Command payload: {"type": "compile_blueprint", "params": {"blueprint_name": "/Game/FPS/Migrate/ABP_Manny"}}...
2026-03-12 00:31:47,747 - UnrealMCP_Advanced - INFO - [unreal_mcp_server_advanced.py:264] - Received complete response (109 bytes) for compile_blueprint
2026-03-12 00:31:47,747 - UnrealMCP_Advanced - INFO - [unreal_mcp_server_advanced.py:380] - Command compile_blueprint completed successfully
2026-03-12 00:31:47,748 - mcp.server.lowlevel.server - DEBUG - [server.py:790] - Response sent
2026-03-12 01:02:10,359 - mcp.server.lowlevel.server - DEBUG - [server.py:675] - Received message: <mcp.shared.session.RequestResponder object at 0x000001E90FB7E7B0>
2026-03-12 01:02:10,359 - mcp.server.lowlevel.server - INFO - [server.py:720] - Processing request of type CallToolRequest
2026-03-12 01:02:10,359 - mcp.server.lowlevel.server - DEBUG - [server.py:723] - Dispatching request of type CallToolRequest
2026-03-12 01:02:10,360 - BlueprintGraph.NodeProperties - DEBUG - [node_properties.py:339] - Setting property 'Node.EffectorRotationSource' on node 'AnimGraphNode_Fabrik_0' in /Game/FPS/Migrate/ABP_Manny
2026-03-12 01:02:10,361 - UnrealMCP_Advanced - INFO - [unreal_mcp_server_advanced.py:147] - Connecting to Unreal at 127.0.0.1:55557 (attempt 1/4)...
2026-03-12 01:02:10,361 - UnrealMCP_Advanced - INFO - [unreal_mcp_server_advanced.py:154] - Successfully connected to Unreal Engine
2026-03-12 01:02:10,361 - UnrealMCP_Advanced - INFO - [unreal_mcp_server_advanced.py:362] - Sending command (attempt 1): set_node_property
2026-03-12 01:02:10,361 - UnrealMCP_Advanced - DEBUG - [unreal_mcp_server_advanced.py:363] - Command payload: {"type": "set_node_property", "params": {"blueprint_name": "/Game/FPS/Migrate/ABP_Manny", "node_id": "AnimGraphNode_Fabrik_0", "property_name": "Node.EffectorRotationSource", "property_value": 0, "function_name": "AnimGraph"}}...
2026-03-12 01:02:10,711 - UnrealMCP_Advanced - INFO - [unreal_mcp_server_advanced.py:264] - Received complete response (141 bytes) for set_node_property
2026-03-12 01:02:10,712 - UnrealMCP_Advanced - INFO - [unreal_mcp_server_advanced.py:380] - Command set_node_property completed successfully
2026-03-12 01:02:10,712 - UnrealMCP_Advanced - WARNING - [unreal_mcp_server_advanced.py:385] - Unreal returned error: Failed to set property 'Node.EffectorRotationSource' on node (property not supported or invalid value)
2026-03-12 01:02:10,712 - BlueprintGraph.NodeProperties - ERROR - [node_properties.py:358] - Failed to modify node: Failed to set property 'Node.EffectorRotationSource' on node (property not supported or invalid value)
2026-03-12 01:02:10,716 - mcp.server.lowlevel.server - DEBUG - [server.py:790] - Response sent
2026-03-12 01:02:14,438 - mcp.server.lowlevel.server - DEBUG - [server.py:675] - Received message: <mcp.shared.session.RequestResponder object at 0x000001E90FAC2C30>
2026-03-12 01:02:14,439 - mcp.server.lowlevel.server - INFO - [server.py:720] - Processing request of type CallToolRequest
2026-03-12 01:02:14,439 - mcp.server.lowlevel.server - DEBUG - [server.py:723] - Dispatching request of type CallToolRequest
2026-03-12 01:02:14,439 - BlueprintGraph.NodeProperties - DEBUG - [node_properties.py:339] - Setting property 'EffectorRotationSource' on node 'AnimGraphNode_Fabrik_0' in /Game/FPS/Migrate/ABP_Manny
2026-03-12 01:02:14,439 - UnrealMCP_Advanced - INFO - [unreal_mcp_server_advanced.py:147] - Connecting to Unreal at 127.0.0.1:55557 (attempt 1/4)...
2026-03-12 01:02:14,439 - UnrealMCP_Advanced - INFO - [unreal_mcp_server_advanced.py:154] - Successfully connected to Unreal Engine
2026-03-12 01:02:14,439 - UnrealMCP_Advanced - INFO - [unreal_mcp_server_advanced.py:362] - Sending command (attempt 1): set_node_property
2026-03-12 01:02:14,439 - UnrealMCP_Advanced - DEBUG - [unreal_mcp_server_advanced.py:363] - Command payload: {"type": "set_node_property", "params": {"blueprint_name": "/Game/FPS/Migrate/ABP_Manny", "node_id": "AnimGraphNode_Fabrik_0", "property_name": "EffectorRotationSource", "property_value": "BRS_KeepLocalSpaceRotation", "function_name": "AnimGraph"}}...
2026-03-12 01:02:14,712 - UnrealMCP_Advanced - INFO - [unreal_mcp_server_advanced.py:264] - Received complete response (136 bytes) for set_node_property
2026-03-12 01:02:14,713 - UnrealMCP_Advanced - INFO - [unreal_mcp_server_advanced.py:380] - Command set_node_property completed successfully
2026-03-12 01:02:14,713 - UnrealMCP_Advanced - WARNING - [unreal_mcp_server_advanced.py:385] - Unreal returned error: Failed to set property 'EffectorRotationSource' on node (property not supported or invalid value)
2026-03-12 01:02:14,713 - BlueprintGraph.NodeProperties - ERROR - [node_properties.py:358] - Failed to modify node: Failed to set property 'EffectorRotationSource' on node (property not supported or invalid value)
2026-03-12 01:02:14,715 - mcp.server.lowlevel.server - DEBUG - [server.py:790] - Response sent
2026-03-12 01:03:38,450 - mcp.server.lowlevel.server - DEBUG - [server.py:675] - Received message: <mcp.shared.session.RequestResponder object at 0x000001E90F7DB710>
2026-03-12 01:03:38,450 - mcp.server.lowlevel.server - INFO - [server.py:720] - Processing request of type CallToolRequest
2026-03-12 01:03:38,450 - mcp.server.lowlevel.server - DEBUG - [server.py:723] - Dispatching request of type CallToolRequest
2026-03-12 01:03:38,450 - UnrealMCP_Advanced - INFO - [unreal_mcp_server_advanced.py:147] - Connecting to Unreal at 127.0.0.1:55557 (attempt 1/4)...
2026-03-12 01:03:38,451 - UnrealMCP_Advanced - INFO - [unreal_mcp_server_advanced.py:154] - Successfully connected to Unreal Engine
2026-03-12 01:03:38,451 - UnrealMCP_Advanced - INFO - [unreal_mcp_server_advanced.py:362] - Sending command (attempt 1): connect_nodes
2026-03-12 01:03:38,451 - UnrealMCP_Advanced - DEBUG - [unreal_mcp_server_advanced.py:363] - Command payload: {"type": "connect_nodes", "params": {"blueprint_name": "/Game/FPS/Migrate/ABP_Manny", "source_node_id": "AnimGraphNode_TwoBoneIK_0", "source_pin_name": "Pose", "target_node_id": "AnimGraphNode_ComponentToLocalSpace_1", "target_pin_name": "ComponentPose", "function_name": "AnimGraph"}}...
2026-03-12 01:03:38,862 - UnrealMCP_Advanced - INFO - [unreal_mcp_server_advanced.py:264] - Received complete response (295 bytes) for connect_nodes
2026-03-12 01:03:38,862 - UnrealMCP_Advanced - INFO - [unreal_mcp_server_advanced.py:380] - Command connect_nodes completed successfully
2026-03-12 01:03:38,863 - BlueprintGraph.ConnectorManager - ERROR - [connector_manager.py:74] - Failed to connect nodes: Unknown error
2026-03-12 01:03:38,864 - mcp.server.lowlevel.server - DEBUG - [server.py:790] - Response sent
2026-03-12 01:03:44,628 - mcp.server.lowlevel.server - DEBUG - [server.py:675] - Received message: <mcp.shared.session.RequestResponder object at 0x000001E90FB407D0>
2026-03-12 01:03:44,628 - mcp.server.lowlevel.server - INFO - [server.py:720] - Processing request of type CallToolRequest
2026-03-12 01:03:44,628 - mcp.server.lowlevel.server - DEBUG - [server.py:723] - Dispatching request of type CallToolRequest
2026-03-12 01:03:44,629 - UnrealMCP_Advanced - INFO - [unreal_mcp_server_advanced.py:147] - Connecting to Unreal at 127.0.0.1:55557 (attempt 1/4)...
2026-03-12 01:03:44,629 - UnrealMCP_Advanced - INFO - [unreal_mcp_server_advanced.py:154] - Successfully connected to Unreal Engine
2026-03-12 01:03:44,629 - UnrealMCP_Advanced - INFO - [unreal_mcp_server_advanced.py:362] - Sending command (attempt 1): compile_blueprint
2026-03-12 01:03:44,629 - UnrealMCP_Advanced - DEBUG - [unreal_mcp_server_advanced.py:363] - Command payload: {"type": "compile_blueprint", "params": {"blueprint_name": "/Game/FPS/Migrate/ABP_Manny"}}...
2026-03-12 01:04:14,636 - UnrealMCP_Advanced - WARNING - [unreal_mcp_server_advanced.py:314] - Command failed (attempt 1/4): Timeout after 30.0s waiting for response to compile_blueprint (received 0 bytes)
2026-03-12 01:04:14,636 - UnrealMCP_Advanced - DEBUG - [unreal_mcp_server_advanced.py:200] - Disconnected from Unreal Engine
2026-03-12 01:04:14,637 - UnrealMCP_Advanced - INFO - [unreal_mcp_server_advanced.py:321] - Retrying command in 0.5s...
2026-03-12 01:04:15,137 - UnrealMCP_Advanced - INFO - [unreal_mcp_server_advanced.py:147] - Connecting to Unreal at 127.0.0.1:55557 (attempt 1/4)...
2026-03-12 01:04:15,138 - UnrealMCP_Advanced - INFO - [unreal_mcp_server_advanced.py:154] - Successfully connected to Unreal Engine
2026-03-12 01:04:15,138 - UnrealMCP_Advanced - INFO - [unreal_mcp_server_advanced.py:362] - Sending command (attempt 2): compile_blueprint
2026-03-12 01:04:15,138 - UnrealMCP_Advanced - DEBUG - [unreal_mcp_server_advanced.py:363] - Command payload: {"type": "compile_blueprint", "params": {"blueprint_name": "/Game/FPS/Migrate/ABP_Manny"}}...
2026-03-12 01:04:45,148 - UnrealMCP_Advanced - WARNING - [unreal_mcp_server_advanced.py:314] - Command failed (attempt 2/4): Timeout after 30.0s waiting for response to compile_blueprint (received 0 bytes)
2026-03-12 01:04:45,148 - UnrealMCP_Advanced - DEBUG - [unreal_mcp_server_advanced.py:200] - Disconnected from Unreal Engine
2026-03-12 01:04:45,148 - UnrealMCP_Advanced - INFO - [unreal_mcp_server_advanced.py:321] - Retrying command in 1.0s...
2026-03-12 01:04:46,149 - UnrealMCP_Advanced - INFO - [unreal_mcp_server_advanced.py:147] - Connecting to Unreal at 127.0.0.1:55557 (attempt 1/4)...
2026-03-12 01:04:46,150 - UnrealMCP_Advanced - INFO - [unreal_mcp_server_advanced.py:154] - Successfully connected to Unreal Engine
2026-03-12 01:04:46,150 - UnrealMCP_Advanced - INFO - [unreal_mcp_server_advanced.py:362] - Sending command (attempt 3): compile_blueprint
2026-03-12 01:04:46,150 - UnrealMCP_Advanced - DEBUG - [unreal_mcp_server_advanced.py:363] - Command payload: {"type": "compile_blueprint", "params": {"blueprint_name": "/Game/FPS/Migrate/ABP_Manny"}}...
2026-03-12 01:05:16,165 - UnrealMCP_Advanced - WARNING - [unreal_mcp_server_advanced.py:314] - Command failed (attempt 3/4): Timeout after 30.0s waiting for response to compile_blueprint (received 0 bytes)
2026-03-12 01:05:16,165 - UnrealMCP_Advanced - DEBUG - [unreal_mcp_server_advanced.py:200] - Disconnected from Unreal Engine
2026-03-12 01:05:16,165 - UnrealMCP_Advanced - INFO - [unreal_mcp_server_advanced.py:321] - Retrying command in 2.0s...
2026-03-12 01:05:18,165 - UnrealMCP_Advanced - INFO - [unreal_mcp_server_advanced.py:147] - Connecting to Unreal at 127.0.0.1:55557 (attempt 1/4)...
2026-03-12 01:05:18,166 - UnrealMCP_Advanced - INFO - [unreal_mcp_server_advanced.py:154] - Successfully connected to Unreal Engine
2026-03-12 01:05:18,166 - UnrealMCP_Advanced - INFO - [unreal_mcp_server_advanced.py:362] - Sending command (attempt 4): compile_blueprint
2026-03-12 01:05:18,166 - UnrealMCP_Advanced - DEBUG - [unreal_mcp_server_advanced.py:363] - Command payload: {"type": "compile_blueprint", "params": {"blueprint_name": "/Game/FPS/Migrate/ABP_Manny"}}...
2026-03-12 01:05:48,166 - UnrealMCP_Advanced - WARNING - [unreal_mcp_server_advanced.py:314] - Command failed (attempt 4/4): Timeout after 30.0s waiting for response to compile_blueprint (received 0 bytes)
2026-03-12 01:05:48,167 - UnrealMCP_Advanced - DEBUG - [unreal_mcp_server_advanced.py:200] - Disconnected from Unreal Engine
2026-03-12 01:05:48,168 - mcp.server.lowlevel.server - DEBUG - [server.py:790] - Response sent
2026-03-12 01:05:51,229 - mcp.server.lowlevel.server - DEBUG - [server.py:675] - Received message: <mcp.shared.session.RequestResponder object at 0x000001E90F9A1910>
2026-03-12 01:05:51,229 - mcp.server.lowlevel.server - INFO - [server.py:720] - Processing request of type CallToolRequest
2026-03-12 01:05:51,229 - mcp.server.lowlevel.server - DEBUG - [server.py:723] - Dispatching request of type CallToolRequest
2026-03-12 01:05:51,230 - UnrealMCP_Advanced - INFO - [unreal_mcp_server_advanced.py:147] - Connecting to Unreal at 127.0.0.1:55557 (attempt 1/4)...
2026-03-12 01:05:51,249 - UnrealMCP_Advanced - INFO - [unreal_mcp_server_advanced.py:154] - Successfully connected to Unreal Engine
2026-03-12 01:05:51,249 - UnrealMCP_Advanced - INFO - [unreal_mcp_server_advanced.py:362] - Sending command (attempt 1): compile_blueprint
2026-03-12 01:05:51,249 - UnrealMCP_Advanced - DEBUG - [unreal_mcp_server_advanced.py:363] - Command payload: {"type": "compile_blueprint", "params": {"blueprint_name": "/Game/FPS/Migrate/ABP_Manny"}}...
2026-03-12 01:06:21,256 - UnrealMCP_Advanced - WARNING - [unreal_mcp_server_advanced.py:314] - Command failed (attempt 1/4): Timeout after 30.0s waiting for response to compile_blueprint (received 0 bytes)
2026-03-12 01:06:21,256 - UnrealMCP_Advanced - DEBUG - [unreal_mcp_server_advanced.py:200] - Disconnected from Unreal Engine
2026-03-12 01:06:21,256 - UnrealMCP_Advanced - INFO - [unreal_mcp_server_advanced.py:321] - Retrying command in 0.5s...
2026-03-12 01:06:21,756 - UnrealMCP_Advanced - INFO - [unreal_mcp_server_advanced.py:147] - Connecting to Unreal at 127.0.0.1:55557 (attempt 1/4)...
2026-03-12 01:06:21,757 - UnrealMCP_Advanced - INFO - [unreal_mcp_server_advanced.py:154] - Successfully connected to Unreal Engine
2026-03-12 01:06:21,757 - UnrealMCP_Advanced - INFO - [unreal_mcp_server_advanced.py:362] - Sending command (attempt 2): compile_blueprint
2026-03-12 01:06:21,757 - UnrealMCP_Advanced - DEBUG - [unreal_mcp_server_advanced.py:363] - Command payload: {"type": "compile_blueprint", "params": {"blueprint_name": "/Game/FPS/Migrate/ABP_Manny"}}...
2026-03-12 01:06:51,758 - UnrealMCP_Advanced - WARNING - [unreal_mcp_server_advanced.py:314] - Command failed (attempt 2/4): Timeout after 30.0s waiting for response to compile_blueprint (received 0 bytes)
2026-03-12 01:06:51,758 - UnrealMCP_Advanced - DEBUG - [unreal_mcp_server_advanced.py:200] - Disconnected from Unreal Engine
2026-03-12 01:06:51,758 - UnrealMCP_Advanced - INFO - [unreal_mcp_server_advanced.py:321] - Retrying command in 1.0s...
2026-03-12 01:06:52,758 - UnrealMCP_Advanced - INFO - [unreal_mcp_server_advanced.py:147] - Connecting to Unreal at 127.0.0.1:55557 (attempt 1/4)...
2026-03-12 01:06:54,793 - UnrealMCP_Advanced - WARNING - [unreal_mcp_server_advanced.py:162] - Connection refused - is Unreal Engine running? (attempt 1)
2026-03-12 01:06:54,793 - UnrealMCP_Advanced - INFO - [unreal_mcp_server_advanced.py:176] - Retrying connection in 0.5s...
2026-03-12 01:06:55,293 - UnrealMCP_Advanced - INFO - [unreal_mcp_server_advanced.py:147] - Connecting to Unreal at 127.0.0.1:55557 (attempt 2/4)...
2026-03-12 01:06:57,318 - UnrealMCP_Advanced - WARNING - [unreal_mcp_server_advanced.py:162] - Connection refused - is Unreal Engine running? (attempt 2)
2026-03-12 01:06:57,318 - UnrealMCP_Advanced - INFO - [unreal_mcp_server_advanced.py:176] - Retrying connection in 1.0s...
2026-03-12 01:06:58,318 - UnrealMCP_Advanced - INFO - [unreal_mcp_server_advanced.py:147] - Connecting to Unreal at 127.0.0.1:55557 (attempt 3/4)...
2026-03-12 01:07:00,343 - UnrealMCP_Advanced - WARNING - [unreal_mcp_server_advanced.py:162] - Connection refused - is Unreal Engine running? (attempt 3)
2026-03-12 01:07:00,343 - UnrealMCP_Advanced - INFO - [unreal_mcp_server_advanced.py:176] - Retrying connection in 2.0s...
2026-03-12 01:07:02,344 - UnrealMCP_Advanced - INFO - [unreal_mcp_server_advanced.py:147] - Connecting to Unreal at 127.0.0.1:55557 (attempt 4/4)...
2026-03-12 01:07:04,368 - UnrealMCP_Advanced - WARNING - [unreal_mcp_server_advanced.py:162] - Connection refused - is Unreal Engine running? (attempt 4)
2026-03-12 01:07:04,368 - UnrealMCP_Advanced - ERROR - [unreal_mcp_server_advanced.py:179] - Failed to connect after 4 attempts. Last error: Connection refused: [WinError 10061] 由于目标计算机积极拒绝，无法连接。
2026-03-12 01:07:04,369 - UnrealMCP_Advanced - WARNING - [unreal_mcp_server_advanced.py:314] - Command failed (attempt 3/4): Failed to connect to Unreal Engine: Connection refused: [WinError 10061] 由于目标计算机积极拒绝，无法连接。
2026-03-12 01:07:04,369 - UnrealMCP_Advanced - DEBUG - [unreal_mcp_server_advanced.py:200] - Disconnected from Unreal Engine
2026-03-12 01:07:04,369 - UnrealMCP_Advanced - INFO - [unreal_mcp_server_advanced.py:321] - Retrying command in 2.0s...
2026-03-12 01:07:06,370 - UnrealMCP_Advanced - INFO - [unreal_mcp_server_advanced.py:147] - Connecting to Unreal at 127.0.0.1:55557 (attempt 1/4)...
2026-03-12 01:07:08,391 - UnrealMCP_Advanced - WARNING - [unreal_mcp_server_advanced.py:162] - Connection refused - is Unreal Engine running? (attempt 1)
2026-03-12 01:07:08,391 - UnrealMCP_Advanced - INFO - [unreal_mcp_server_advanced.py:176] - Retrying connection in 0.5s...
2026-03-12 01:07:08,892 - UnrealMCP_Advanced - INFO - [unreal_mcp_server_advanced.py:147] - Connecting to Unreal at 127.0.0.1:55557 (attempt 2/4)...
2026-03-12 01:07:10,922 - UnrealMCP_Advanced - WARNING - [unreal_mcp_server_advanced.py:162] - Connection refused - is Unreal Engine running? (attempt 2)
2026-03-12 01:07:10,922 - UnrealMCP_Advanced - INFO - [unreal_mcp_server_advanced.py:176] - Retrying connection in 1.0s...
2026-03-12 01:07:11,923 - UnrealMCP_Advanced - INFO - [unreal_mcp_server_advanced.py:147] - Connecting to Unreal at 127.0.0.1:55557 (attempt 3/4)...
2026-03-12 01:07:13,948 - UnrealMCP_Advanced - WARNING - [unreal_mcp_server_advanced.py:162] - Connection refused - is Unreal Engine running? (attempt 3)
2026-03-12 01:07:13,948 - UnrealMCP_Advanced - INFO - [unreal_mcp_server_advanced.py:176] - Retrying connection in 2.0s...
2026-03-12 01:07:15,949 - UnrealMCP_Advanced - INFO - [unreal_mcp_server_advanced.py:147] - Connecting to Unreal at 127.0.0.1:55557 (attempt 4/4)...
2026-03-12 01:07:17,972 - UnrealMCP_Advanced - WARNING - [unreal_mcp_server_advanced.py:162] - Connection refused - is Unreal Engine running? (attempt 4)
2026-03-12 01:07:17,972 - UnrealMCP_Advanced - ERROR - [unreal_mcp_server_advanced.py:179] - Failed to connect after 4 attempts. Last error: Connection refused: [WinError 10061] 由于目标计算机积极拒绝，无法连接。
2026-03-12 01:07:17,972 - UnrealMCP_Advanced - WARNING - [unreal_mcp_server_advanced.py:314] - Command failed (attempt 4/4): Failed to connect to Unreal Engine: Connection refused: [WinError 10061] 由于目标计算机积极拒绝，无法连接。
2026-03-12 01:07:17,972 - UnrealMCP_Advanced - DEBUG - [unreal_mcp_server_advanced.py:200] - Disconnected from Unreal Engine
2026-03-12 01:07:17,974 - mcp.server.lowlevel.server - DEBUG - [server.py:790] - Response sent
2026-03-12 01:13:48,539 - mcp.server.lowlevel.server - DEBUG - [server.py:675] - Received message: <mcp.shared.session.RequestResponder object at 0x000001E90F9A0F70>
2026-03-12 01:13:48,540 - mcp.server.lowlevel.server - INFO - [server.py:720] - Processing request of type CallToolRequest
2026-03-12 01:13:48,540 - mcp.server.lowlevel.server - DEBUG - [server.py:723] - Dispatching request of type CallToolRequest
2026-03-12 01:13:48,540 - UnrealMCP_Advanced - INFO - [unreal_mcp_server_advanced.py:734] - Analyzing Blueprint graph: /Game/FPS/Migrate/ABP_Manny -> AnimGraph
2026-03-12 01:13:48,540 - UnrealMCP_Advanced - INFO - [unreal_mcp_server_advanced.py:147] - Connecting to Unreal at 127.0.0.1:55557 (attempt 1/4)...
2026-03-12 01:13:48,540 - UnrealMCP_Advanced - INFO - [unreal_mcp_server_advanced.py:154] - Successfully connected to Unreal Engine
2026-03-12 01:13:48,540 - UnrealMCP_Advanced - INFO - [unreal_mcp_server_advanced.py:362] - Sending command (attempt 1): analyze_blueprint_graph
2026-03-12 01:13:48,540 - UnrealMCP_Advanced - DEBUG - [unreal_mcp_server_advanced.py:363] - Command payload: {"type": "analyze_blueprint_graph", "params": {"blueprint_path": "/Game/FPS/Migrate/ABP_Manny", "graph_name": "AnimGraph", "include_node_details": true, "include_pin_connections": true, "trace_execution_flow": true}}...
2026-03-12 01:13:48,575 - UnrealMCP_Advanced - INFO - [unreal_mcp_server_advanced.py:264] - Received complete response (27978 bytes) for analyze_blueprint_graph
2026-03-12 01:13:48,576 - UnrealMCP_Advanced - INFO - [unreal_mcp_server_advanced.py:380] - Command analyze_blueprint_graph completed successfully
2026-03-12 01:13:48,577 - mcp.server.lowlevel.server - DEBUG - [server.py:790] - Response sent
2026-03-12 01:28:07,038 - mcp.server.lowlevel.server - DEBUG - [server.py:675] - Received message: <mcp.shared.session.RequestResponder object at 0x000001E90AF64E10>
2026-03-12 01:28:07,038 - mcp.server.lowlevel.server - INFO - [server.py:720] - Processing request of type CallToolRequest
2026-03-12 01:28:07,038 - mcp.server.lowlevel.server - DEBUG - [server.py:723] - Dispatching request of type CallToolRequest
2026-03-12 01:28:07,038 - UnrealMCP_Advanced - INFO - [unreal_mcp_server_advanced.py:734] - Analyzing Blueprint graph: /Game/FPS/Migrate/ABP_Manny -> AnimGraph
2026-03-12 01:28:07,038 - UnrealMCP_Advanced - INFO - [unreal_mcp_server_advanced.py:147] - Connecting to Unreal at 127.0.0.1:55557 (attempt 1/4)...
2026-03-12 01:28:07,039 - UnrealMCP_Advanced - INFO - [unreal_mcp_server_advanced.py:154] - Successfully connected to Unreal Engine
2026-03-12 01:28:07,039 - UnrealMCP_Advanced - INFO - [unreal_mcp_server_advanced.py:362] - Sending command (attempt 1): analyze_blueprint_graph
2026-03-12 01:28:07,039 - UnrealMCP_Advanced - DEBUG - [unreal_mcp_server_advanced.py:363] - Command payload: {"type": "analyze_blueprint_graph", "params": {"blueprint_path": "/Game/FPS/Migrate/ABP_Manny", "graph_name": "AnimGraph", "include_node_details": true, "include_pin_connections": true, "trace_execution_flow": true}}...
2026-03-12 01:28:07,098 - UnrealMCP_Advanced - INFO - [unreal_mcp_server_advanced.py:264] - Received complete response (27978 bytes) for analyze_blueprint_graph
2026-03-12 01:28:07,099 - UnrealMCP_Advanced - INFO - [unreal_mcp_server_advanced.py:380] - Command analyze_blueprint_graph completed successfully
2026-03-12 01:28:07,100 - mcp.server.lowlevel.server - DEBUG - [server.py:790] - Response sent
2026-03-12 01:29:38,647 - mcp.server.lowlevel.server - DEBUG - [server.py:675] - Received message: <mcp.shared.session.RequestResponder object at 0x000001E90FB616D0>
2026-03-12 01:29:38,648 - mcp.server.lowlevel.server - INFO - [server.py:720] - Processing request of type CallToolRequest
2026-03-12 01:29:38,648 - mcp.server.lowlevel.server - DEBUG - [server.py:723] - Dispatching request of type CallToolRequest
2026-03-12 01:29:38,648 - UnrealMCP_Advanced - INFO - [unreal_mcp_server_advanced.py:734] - Analyzing Blueprint graph: /Game/FPS/Migrate/ABP_Manny -> EventGraph
2026-03-12 01:29:38,648 - UnrealMCP_Advanced - INFO - [unreal_mcp_server_advanced.py:147] - Connecting to Unreal at 127.0.0.1:55557 (attempt 1/4)...
2026-03-12 01:29:38,648 - UnrealMCP_Advanced - INFO - [unreal_mcp_server_advanced.py:154] - Successfully connected to Unreal Engine
2026-03-12 01:29:38,648 - UnrealMCP_Advanced - INFO - [unreal_mcp_server_advanced.py:362] - Sending command (attempt 1): analyze_blueprint_graph
2026-03-12 01:29:38,648 - UnrealMCP_Advanced - DEBUG - [unreal_mcp_server_advanced.py:363] - Command payload: {"type": "analyze_blueprint_graph", "params": {"blueprint_path": "/Game/FPS/Migrate/ABP_Manny", "graph_name": "EventGraph", "include_node_details": true, "include_pin_connections": true, "trace_execution_flow": true}}...
2026-03-12 01:29:38,782 - UnrealMCP_Advanced - INFO - [unreal_mcp_server_advanced.py:264] - Received complete response (75610 bytes) for analyze_blueprint_graph
2026-03-12 01:29:38,782 - UnrealMCP_Advanced - INFO - [unreal_mcp_server_advanced.py:380] - Command analyze_blueprint_graph completed successfully
2026-03-12 01:29:38,784 - mcp.server.lowlevel.server - DEBUG - [server.py:790] - Response sent
2026-03-12 01:29:39,856 - mcp.server.lowlevel.server - DEBUG - [server.py:675] - Received message: <mcp.shared.session.RequestResponder object at 0x000001E90FB61A90>
2026-03-12 01:29:39,856 - mcp.server.lowlevel.server - INFO - [server.py:720] - Processing request of type CallToolRequest
2026-03-12 01:29:39,856 - mcp.server.lowlevel.server - DEBUG - [server.py:723] - Dispatching request of type CallToolRequest
2026-03-12 01:29:39,856 - UnrealMCP_Advanced - INFO - [unreal_mcp_server_advanced.py:679] - Reading Blueprint content for: /Game/FPS/Migrate/ABP_Manny
2026-03-12 01:29:39,856 - UnrealMCP_Advanced - INFO - [unreal_mcp_server_advanced.py:147] - Connecting to Unreal at 127.0.0.1:55557 (attempt 1/4)...
2026-03-12 01:29:39,857 - UnrealMCP_Advanced - INFO - [unreal_mcp_server_advanced.py:154] - Successfully connected to Unreal Engine
2026-03-12 01:29:39,857 - UnrealMCP_Advanced - INFO - [unreal_mcp_server_advanced.py:362] - Sending command (attempt 1): read_blueprint_content
2026-03-12 01:29:39,857 - UnrealMCP_Advanced - DEBUG - [unreal_mcp_server_advanced.py:363] - Command payload: {"type": "read_blueprint_content", "params": {"blueprint_path": "/Game/FPS/Migrate/ABP_Manny", "include_event_graph": false, "include_functions": false, "include_variables": true, "include_components": false, "include_interfaces": false}}...
2026-03-12 01:29:40,111 - UnrealMCP_Advanced - INFO - [unreal_mcp_server_advanced.py:264] - Received complete response (1819 bytes) for read_blueprint_content
2026-03-12 01:29:40,111 - UnrealMCP_Advanced - INFO - [unreal_mcp_server_advanced.py:380] - Command read_blueprint_content completed successfully
2026-03-12 01:29:40,113 - mcp.server.lowlevel.server - DEBUG - [server.py:790] - Response sent
2026-03-12 01:32:06,509 - mcp.server.lowlevel.server - DEBUG - [server.py:675] - Received message: <mcp.shared.session.RequestResponder object at 0x000001E90FB61130>
2026-03-12 01:32:06,510 - mcp.server.lowlevel.server - INFO - [server.py:720] - Processing request of type CallToolRequest
2026-03-12 01:32:06,510 - mcp.server.lowlevel.server - DEBUG - [server.py:723] - Dispatching request of type CallToolRequest
2026-03-12 01:32:06,510 - BlueprintGraph.NodeProperties - DEBUG - [node_properties.py:339] - Setting property 'Node.EffectorTransformSpace' on node 'AnimGraphNode_Fabrik_0' in ABP_Manny
2026-03-12 01:32:06,510 - UnrealMCP_Advanced - INFO - [unreal_mcp_server_advanced.py:147] - Connecting to Unreal at 127.0.0.1:55557 (attempt 1/4)...
2026-03-12 01:32:06,511 - UnrealMCP_Advanced - INFO - [unreal_mcp_server_advanced.py:154] - Successfully connected to Unreal Engine
2026-03-12 01:32:06,511 - UnrealMCP_Advanced - INFO - [unreal_mcp_server_advanced.py:362] - Sending command (attempt 1): set_node_property
2026-03-12 01:32:06,511 - UnrealMCP_Advanced - DEBUG - [unreal_mcp_server_advanced.py:363] - Command payload: {"type": "set_node_property", "params": {"blueprint_name": "ABP_Manny", "node_id": "AnimGraphNode_Fabrik_0", "property_name": "Node.EffectorTransformSpace", "property_value": 1, "function_name": "AnimGraph"}}...
2026-03-12 01:32:06,534 - UnrealMCP_Advanced - INFO - [unreal_mcp_server_advanced.py:264] - Received complete response (69 bytes) for set_node_property
2026-03-12 01:32:06,534 - UnrealMCP_Advanced - INFO - [unreal_mcp_server_advanced.py:380] - Command set_node_property completed successfully
2026-03-12 01:32:06,534 - UnrealMCP_Advanced - WARNING - [unreal_mcp_server_advanced.py:385] - Unreal returned error: Blueprint not found: ABP_Manny
2026-03-12 01:32:06,534 - BlueprintGraph.NodeProperties - ERROR - [node_properties.py:358] - Failed to modify node: Blueprint not found: ABP_Manny
2026-03-12 01:32:06,536 - mcp.server.lowlevel.server - DEBUG - [server.py:790] - Response sent
2026-03-12 01:32:10,713 - mcp.server.lowlevel.server - DEBUG - [server.py:675] - Received message: <mcp.shared.session.RequestResponder object at 0x000001E90FB613B0>
2026-03-12 01:32:10,713 - mcp.server.lowlevel.server - INFO - [server.py:720] - Processing request of type CallToolRequest
2026-03-12 01:32:10,713 - mcp.server.lowlevel.server - DEBUG - [server.py:723] - Dispatching request of type CallToolRequest
2026-03-12 01:32:10,713 - BlueprintGraph.NodeProperties - DEBUG - [node_properties.py:339] - Setting property 'Node.EffectorTransformSpace' on node 'AnimGraphNode_Fabrik_0' in /Game/FPS/Migrate/ABP_Manny
2026-03-12 01:32:10,713 - UnrealMCP_Advanced - INFO - [unreal_mcp_server_advanced.py:147] - Connecting to Unreal at 127.0.0.1:55557 (attempt 1/4)...
2026-03-12 01:32:10,714 - UnrealMCP_Advanced - INFO - [unreal_mcp_server_advanced.py:154] - Successfully connected to Unreal Engine
2026-03-12 01:32:10,714 - UnrealMCP_Advanced - INFO - [unreal_mcp_server_advanced.py:362] - Sending command (attempt 1): set_node_property
2026-03-12 01:32:10,714 - UnrealMCP_Advanced - DEBUG - [unreal_mcp_server_advanced.py:363] - Command payload: {"type": "set_node_property", "params": {"blueprint_name": "/Game/FPS/Migrate/ABP_Manny", "node_id": "AnimGraphNode_Fabrik_0", "property_name": "Node.EffectorTransformSpace", "property_value": 1, "function_name": "AnimGraph"}}...
2026-03-12 01:32:10,873 - UnrealMCP_Advanced - INFO - [unreal_mcp_server_advanced.py:264] - Received complete response (141 bytes) for set_node_property
2026-03-12 01:32:10,874 - UnrealMCP_Advanced - INFO - [unreal_mcp_server_advanced.py:380] - Command set_node_property completed successfully
2026-03-12 01:32:10,874 - UnrealMCP_Advanced - WARNING - [unreal_mcp_server_advanced.py:385] - Unreal returned error: Failed to set property 'Node.EffectorTransformSpace' on node (property not supported or invalid value)
2026-03-12 01:32:10,874 - BlueprintGraph.NodeProperties - ERROR - [node_properties.py:358] - Failed to modify node: Failed to set property 'Node.EffectorTransformSpace' on node (property not supported or invalid value)
2026-03-12 01:32:10,875 - mcp.server.lowlevel.server - DEBUG - [server.py:790] - Response sent
2026-03-15 02:39:19,881 - mcp.server.lowlevel.server - DEBUG - [server.py:162] - Initializing server 'UnrealMCP_Advanced'
2026-03-15 02:39:19,882 - mcp.server.lowlevel.server - DEBUG - [server.py:439] - Registering handler for ListToolsRequest
2026-03-15 02:39:19,882 - mcp.server.lowlevel.server - DEBUG - [server.py:519] - Registering handler for CallToolRequest
2026-03-15 02:39:19,882 - mcp.server.lowlevel.server - DEBUG - [server.py:301] - Registering handler for ListResourcesRequest
2026-03-15 02:39:19,882 - mcp.server.lowlevel.server - DEBUG - [server.py:336] - Registering handler for ReadResourceRequest
2026-03-15 02:39:19,882 - mcp.server.lowlevel.server - DEBUG - [server.py:263] - Registering handler for PromptListRequest
2026-03-15 02:39:19,882 - mcp.server.lowlevel.server - DEBUG - [server.py:285] - Registering handler for GetPromptRequest
2026-03-15 02:39:19,882 - mcp.server.lowlevel.server - DEBUG - [server.py:321] - Registering handler for ListResourceTemplatesRequest
2026-03-15 02:39:19,965 - UnrealMCP_Advanced - INFO - [unreal_mcp_server_advanced.py:2795] - Starting Advanced MCP server with stdio transport
2026-03-15 02:39:19,975 - asyncio - DEBUG - [proactor_events.py:631] - Using proactor: IocpProactor
2026-03-15 02:39:19,982 - UnrealMCP_Advanced - INFO - [unreal_mcp_server_advanced.py:434] - UnrealMCP Advanced server starting up
2026-03-15 02:39:19,982 - UnrealMCP_Advanced - INFO - [unreal_mcp_server_advanced.py:435] - Connection will be established lazily on first tool call
2026-03-15 02:39:19,995 - mcp.server.lowlevel.server - DEBUG - [server.py:675] - Received message: root=InitializedNotification(method='notifications/initialized', params=None, jsonrpc='2.0')
2026-03-15 02:39:19,996 - mcp.server.lowlevel.server - DEBUG - [server.py:675] - Received message: <mcp.shared.session.RequestResponder object at 0x0000019FA80C6D50>
2026-03-15 02:39:19,997 - mcp.server.lowlevel.server - INFO - [server.py:720] - Processing request of type ListToolsRequest
2026-03-15 02:39:19,997 - mcp.server.lowlevel.server - DEBUG - [server.py:723] - Dispatching request of type ListToolsRequest
2026-03-15 02:39:19,998 - mcp.server.lowlevel.server - DEBUG - [server.py:790] - Response sent
2026-03-15 02:39:20,000 - mcp.server.lowlevel.server - DEBUG - [server.py:675] - Received message: <mcp.shared.session.RequestResponder object at 0x0000019FA80C6AD0>
2026-03-15 02:39:20,000 - mcp.server.lowlevel.server - INFO - [server.py:720] - Processing request of type ListPromptsRequest
2026-03-15 02:39:20,000 - mcp.server.lowlevel.server - DEBUG - [server.py:723] - Dispatching request of type ListPromptsRequest
2026-03-15 02:39:20,001 - mcp.server.lowlevel.server - DEBUG - [server.py:675] - Received message: <mcp.shared.session.RequestResponder object at 0x0000019FA80996E0>
2026-03-15 02:39:20,002 - mcp.server.lowlevel.server - INFO - [server.py:720] - Processing request of type ListResourcesRequest
2026-03-15 02:39:20,002 - mcp.server.lowlevel.server - DEBUG - [server.py:723] - Dispatching request of type ListResourcesRequest
2026-03-15 02:39:20,002 - mcp.server.fastmcp.resources.resource_manager - DEBUG - [resource_manager.py:109] - Listing resources
2026-03-15 02:39:20,002 - mcp.server.lowlevel.server - DEBUG - [server.py:790] - Response sent
2026-03-15 02:39:20,003 - mcp.server.lowlevel.server - DEBUG - [server.py:790] - Response sent
2026-03-15 02:45:53,743 - mcp.server.lowlevel.server - DEBUG - [server.py:162] - Initializing server 'UnrealMCP_Advanced'
2026-03-15 02:45:53,744 - mcp.server.lowlevel.server - DEBUG - [server.py:439] - Registering handler for ListToolsRequest
2026-03-15 02:45:53,748 - mcp.server.lowlevel.server - DEBUG - [server.py:519] - Registering handler for CallToolRequest
2026-03-15 02:45:53,748 - mcp.server.lowlevel.server - DEBUG - [server.py:301] - Registering handler for ListResourcesRequest
2026-03-15 02:45:53,748 - mcp.server.lowlevel.server - DEBUG - [server.py:336] - Registering handler for ReadResourceRequest
2026-03-15 02:45:53,748 - mcp.server.lowlevel.server - DEBUG - [server.py:263] - Registering handler for PromptListRequest
2026-03-15 02:45:53,748 - mcp.server.lowlevel.server - DEBUG - [server.py:285] - Registering handler for GetPromptRequest
2026-03-15 02:45:53,748 - mcp.server.lowlevel.server - DEBUG - [server.py:321] - Registering handler for ListResourceTemplatesRequest
2026-03-15 02:45:53,920 - UnrealMCP_Advanced - INFO - [unreal_mcp_server_advanced.py:2795] - Starting Advanced MCP server with stdio transport
2026-03-15 02:45:53,925 - asyncio - DEBUG - [proactor_events.py:631] - Using proactor: IocpProactor
2026-03-15 02:45:53,933 - UnrealMCP_Advanced - INFO - [unreal_mcp_server_advanced.py:434] - UnrealMCP Advanced server starting up
2026-03-15 02:45:53,933 - UnrealMCP_Advanced - INFO - [unreal_mcp_server_advanced.py:435] - Connection will be established lazily on first tool call
2026-03-15 02:45:53,944 - mcp.server.lowlevel.server - DEBUG - [server.py:675] - Received message: root=InitializedNotification(method='notifications/initialized', params=None, jsonrpc='2.0')
2026-03-15 02:45:53,946 - mcp.server.lowlevel.server - DEBUG - [server.py:675] - Received message: <mcp.shared.session.RequestResponder object at 0x000001C7CA926D50>
2026-03-15 02:45:53,946 - mcp.server.lowlevel.server - INFO - [server.py:720] - Processing request of type ListToolsRequest
2026-03-15 02:45:53,946 - mcp.server.lowlevel.server - DEBUG - [server.py:723] - Dispatching request of type ListToolsRequest
2026-03-15 02:45:53,948 - mcp.server.lowlevel.server - DEBUG - [server.py:790] - Response sent
2026-03-15 02:45:53,948 - mcp.server.lowlevel.server - DEBUG - [server.py:675] - Received message: <mcp.shared.session.RequestResponder object at 0x000001C7CA926AD0>
2026-03-15 02:45:53,949 - mcp.server.lowlevel.server - INFO - [server.py:720] - Processing request of type ListPromptsRequest
2026-03-15 02:45:53,949 - mcp.server.lowlevel.server - DEBUG - [server.py:723] - Dispatching request of type ListPromptsRequest
2026-03-15 02:45:53,950 - mcp.server.lowlevel.server - DEBUG - [server.py:675] - Received message: <mcp.shared.session.RequestResponder object at 0x000001C7CA8FD6E0>
2026-03-15 02:45:53,950 - mcp.server.lowlevel.server - INFO - [server.py:720] - Processing request of type ListResourcesRequest
2026-03-15 02:45:53,950 - mcp.server.lowlevel.server - DEBUG - [server.py:723] - Dispatching request of type ListResourcesRequest
2026-03-15 02:45:53,950 - mcp.server.fastmcp.resources.resource_manager - DEBUG - [resource_manager.py:109] - Listing resources
2026-03-15 02:45:53,950 - mcp.server.lowlevel.server - DEBUG - [server.py:790] - Response sent
2026-03-15 02:45:53,951 - mcp.server.lowlevel.server - DEBUG - [server.py:790] - Response sent
2026-03-15 02:46:27,412 - mcp.server.lowlevel.server - DEBUG - [server.py:675] - Received message: <mcp.shared.session.RequestResponder object at 0x000001C7CA8FD0F0>
2026-03-15 02:46:27,413 - mcp.server.lowlevel.server - INFO - [server.py:720] - Processing request of type CallToolRequest
2026-03-15 02:46:27,413 - mcp.server.lowlevel.server - DEBUG - [server.py:723] - Dispatching request of type CallToolRequest
2026-03-15 02:46:27,413 - UnrealMCP_Advanced - INFO - [unreal_mcp_server_advanced.py:416] - Creating new UnrealConnection instance
2026-03-15 02:46:27,413 - UnrealMCP_Advanced - INFO - [unreal_mcp_server_advanced.py:147] - Connecting to Unreal at 127.0.0.1:55557 (attempt 1/4)...
2026-03-15 02:46:29,452 - UnrealMCP_Advanced - WARNING - [unreal_mcp_server_advanced.py:162] - Connection refused - is Unreal Engine running? (attempt 1)
2026-03-15 02:46:29,452 - UnrealMCP_Advanced - INFO - [unreal_mcp_server_advanced.py:176] - Retrying connection in 0.5s...
2026-03-15 02:46:29,953 - UnrealMCP_Advanced - INFO - [unreal_mcp_server_advanced.py:147] - Connecting to Unreal at 127.0.0.1:55557 (attempt 2/4)...
2026-03-15 02:46:31,984 - UnrealMCP_Advanced - WARNING - [unreal_mcp_server_advanced.py:162] - Connection refused - is Unreal Engine running? (attempt 2)
2026-03-15 02:46:31,984 - UnrealMCP_Advanced - INFO - [unreal_mcp_server_advanced.py:176] - Retrying connection in 1.0s...
2026-03-15 02:46:32,984 - UnrealMCP_Advanced - INFO - [unreal_mcp_server_advanced.py:147] - Connecting to Unreal at 127.0.0.1:55557 (attempt 3/4)...
2026-03-15 02:46:35,243 - UnrealMCP_Advanced - WARNING - [unreal_mcp_server_advanced.py:162] - Connection refused - is Unreal Engine running? (attempt 3)
2026-03-15 02:46:35,243 - UnrealMCP_Advanced - INFO - [unreal_mcp_server_advanced.py:176] - Retrying connection in 2.0s...
2026-03-15 02:46:37,243 - UnrealMCP_Advanced - INFO - [unreal_mcp_server_advanced.py:147] - Connecting to Unreal at 127.0.0.1:55557 (attempt 4/4)...
2026-03-15 02:46:39,268 - UnrealMCP_Advanced - WARNING - [unreal_mcp_server_advanced.py:162] - Connection refused - is Unreal Engine running? (attempt 4)
2026-03-15 02:46:39,269 - UnrealMCP_Advanced - ERROR - [unreal_mcp_server_advanced.py:179] - Failed to connect after 4 attempts. Last error: Connection refused: [WinError 10061] 由于目标计算机积极拒绝，无法连接。
2026-03-15 02:46:39,293 - UnrealMCP_Advanced - WARNING - [unreal_mcp_server_advanced.py:314] - Command failed (attempt 1/4): Failed to connect to Unreal Engine: Connection refused: [WinError 10061] 由于目标计算机积极拒绝，无法连接。
2026-03-15 02:46:39,293 - UnrealMCP_Advanced - DEBUG - [unreal_mcp_server_advanced.py:200] - Disconnected from Unreal Engine
2026-03-15 02:46:39,293 - UnrealMCP_Advanced - INFO - [unreal_mcp_server_advanced.py:321] - Retrying command in 0.5s...
2026-03-15 02:46:39,793 - UnrealMCP_Advanced - INFO - [unreal_mcp_server_advanced.py:147] - Connecting to Unreal at 127.0.0.1:55557 (attempt 1/4)...
2026-03-15 02:46:41,816 - UnrealMCP_Advanced - WARNING - [unreal_mcp_server_advanced.py:162] - Connection refused - is Unreal Engine running? (attempt 1)
2026-03-15 02:46:41,816 - UnrealMCP_Advanced - INFO - [unreal_mcp_server_advanced.py:176] - Retrying connection in 0.5s...
2026-03-15 02:46:42,317 - UnrealMCP_Advanced - INFO - [unreal_mcp_server_advanced.py:147] - Connecting to Unreal at 127.0.0.1:55557 (attempt 2/4)...
2026-03-15 02:46:44,333 - UnrealMCP_Advanced - WARNING - [unreal_mcp_server_advanced.py:162] - Connection refused - is Unreal Engine running? (attempt 2)
2026-03-15 02:46:44,333 - UnrealMCP_Advanced - INFO - [unreal_mcp_server_advanced.py:176] - Retrying connection in 1.0s...
2026-03-15 02:46:45,334 - UnrealMCP_Advanced - INFO - [unreal_mcp_server_advanced.py:147] - Connecting to Unreal at 127.0.0.1:55557 (attempt 3/4)...
2026-03-15 02:46:47,349 - UnrealMCP_Advanced - WARNING - [unreal_mcp_server_advanced.py:162] - Connection refused - is Unreal Engine running? (attempt 3)
2026-03-15 02:46:47,350 - UnrealMCP_Advanced - INFO - [unreal_mcp_server_advanced.py:176] - Retrying connection in 2.0s...
2026-03-15 02:46:49,350 - UnrealMCP_Advanced - INFO - [unreal_mcp_server_advanced.py:147] - Connecting to Unreal at 127.0.0.1:55557 (attempt 4/4)...
2026-03-15 02:46:51,390 - UnrealMCP_Advanced - WARNING - [unreal_mcp_server_advanced.py:162] - Connection refused - is Unreal Engine running? (attempt 4)
2026-03-15 02:46:51,390 - UnrealMCP_Advanced - ERROR - [unreal_mcp_server_advanced.py:179] - Failed to connect after 4 attempts. Last error: Connection refused: [WinError 10061] 由于目标计算机积极拒绝，无法连接。
2026-03-15 02:46:51,390 - UnrealMCP_Advanced - WARNING - [unreal_mcp_server_advanced.py:314] - Command failed (attempt 2/4): Failed to connect to Unreal Engine: Connection refused: [WinError 10061] 由于目标计算机积极拒绝，无法连接。
2026-03-15 02:46:51,391 - UnrealMCP_Advanced - DEBUG - [unreal_mcp_server_advanced.py:200] - Disconnected from Unreal Engine
2026-03-15 02:46:51,391 - UnrealMCP_Advanced - INFO - [unreal_mcp_server_advanced.py:321] - Retrying command in 1.0s...
2026-03-15 02:46:52,391 - UnrealMCP_Advanced - INFO - [unreal_mcp_server_advanced.py:147] - Connecting to Unreal at 127.0.0.1:55557 (attempt 1/4)...
2026-03-15 02:46:54,408 - UnrealMCP_Advanced - WARNING - [unreal_mcp_server_advanced.py:162] - Connection refused - is Unreal Engine running? (attempt 1)
2026-03-15 02:46:54,409 - UnrealMCP_Advanced - INFO - [unreal_mcp_server_advanced.py:176] - Retrying connection in 0.5s...
2026-03-15 02:46:54,909 - UnrealMCP_Advanced - INFO - [unreal_mcp_server_advanced.py:147] - Connecting to Unreal at 127.0.0.1:55557 (attempt 2/4)...
2026-03-15 02:46:56,943 - UnrealMCP_Advanced - WARNING - [unreal_mcp_server_advanced.py:162] - Connection refused - is Unreal Engine running? (attempt 2)
2026-03-15 02:46:56,943 - UnrealMCP_Advanced - INFO - [unreal_mcp_server_advanced.py:176] - Retrying connection in 1.0s...
2026-03-15 02:46:57,943 - UnrealMCP_Advanced - INFO - [unreal_mcp_server_advanced.py:147] - Connecting to Unreal at 127.0.0.1:55557 (attempt 3/4)...
2026-03-15 02:46:59,972 - UnrealMCP_Advanced - WARNING - [unreal_mcp_server_advanced.py:162] - Connection refused - is Unreal Engine running? (attempt 3)
2026-03-15 02:46:59,973 - UnrealMCP_Advanced - INFO - [unreal_mcp_server_advanced.py:176] - Retrying connection in 2.0s...
2026-03-15 02:47:01,973 - UnrealMCP_Advanced - INFO - [unreal_mcp_server_advanced.py:147] - Connecting to Unreal at 127.0.0.1:55557 (attempt 4/4)...
2026-03-15 02:47:04,014 - UnrealMCP_Advanced - WARNING - [unreal_mcp_server_advanced.py:162] - Connection refused - is Unreal Engine running? (attempt 4)
2026-03-15 02:47:04,014 - UnrealMCP_Advanced - ERROR - [unreal_mcp_server_advanced.py:179] - Failed to connect after 4 attempts. Last error: Connection refused: [WinError 10061] 由于目标计算机积极拒绝，无法连接。
2026-03-15 02:47:04,014 - UnrealMCP_Advanced - WARNING - [unreal_mcp_server_advanced.py:314] - Command failed (attempt 3/4): Failed to connect to Unreal Engine: Connection refused: [WinError 10061] 由于目标计算机积极拒绝，无法连接。
2026-03-15 02:47:04,015 - UnrealMCP_Advanced - DEBUG - [unreal_mcp_server_advanced.py:200] - Disconnected from Unreal Engine
2026-03-15 02:47:04,015 - UnrealMCP_Advanced - INFO - [unreal_mcp_server_advanced.py:321] - Retrying command in 2.0s...
2026-03-15 02:47:06,017 - UnrealMCP_Advanced - INFO - [unreal_mcp_server_advanced.py:147] - Connecting to Unreal at 127.0.0.1:55557 (attempt 1/4)...
2026-03-15 02:47:08,206 - UnrealMCP_Advanced - WARNING - [unreal_mcp_server_advanced.py:162] - Connection refused - is Unreal Engine running? (attempt 1)
2026-03-15 02:47:08,206 - UnrealMCP_Advanced - INFO - [unreal_mcp_server_advanced.py:176] - Retrying connection in 0.5s...
2026-03-15 02:47:08,707 - UnrealMCP_Advanced - INFO - [unreal_mcp_server_advanced.py:147] - Connecting to Unreal at 127.0.0.1:55557 (attempt 2/4)...
2026-03-15 02:47:10,731 - UnrealMCP_Advanced - WARNING - [unreal_mcp_server_advanced.py:162] - Connection refused - is Unreal Engine running? (attempt 2)
2026-03-15 02:47:10,731 - UnrealMCP_Advanced - INFO - [unreal_mcp_server_advanced.py:176] - Retrying connection in 1.0s...
2026-03-15 02:47:11,731 - UnrealMCP_Advanced - INFO - [unreal_mcp_server_advanced.py:147] - Connecting to Unreal at 127.0.0.1:55557 (attempt 3/4)...
2026-03-15 02:47:13,753 - UnrealMCP_Advanced - WARNING - [unreal_mcp_server_advanced.py:162] - Connection refused - is Unreal Engine running? (attempt 3)
2026-03-15 02:47:13,753 - UnrealMCP_Advanced - INFO - [unreal_mcp_server_advanced.py:176] - Retrying connection in 2.0s...
2026-03-15 02:47:15,760 - UnrealMCP_Advanced - INFO - [unreal_mcp_server_advanced.py:147] - Connecting to Unreal at 127.0.0.1:55557 (attempt 4/4)...
2026-03-15 02:47:17,782 - UnrealMCP_Advanced - WARNING - [unreal_mcp_server_advanced.py:162] - Connection refused - is Unreal Engine running? (attempt 4)
2026-03-15 02:47:17,782 - UnrealMCP_Advanced - ERROR - [unreal_mcp_server_advanced.py:179] - Failed to connect after 4 attempts. Last error: Connection refused: [WinError 10061] 由于目标计算机积极拒绝，无法连接。
2026-03-15 02:47:17,782 - UnrealMCP_Advanced - WARNING - [unreal_mcp_server_advanced.py:314] - Command failed (attempt 4/4): Failed to connect to Unreal Engine: Connection refused: [WinError 10061] 由于目标计算机积极拒绝，无法连接。
2026-03-15 02:47:17,782 - UnrealMCP_Advanced - DEBUG - [unreal_mcp_server_advanced.py:200] - Disconnected from Unreal Engine
2026-03-15 02:47:17,786 - mcp.server.lowlevel.server - DEBUG - [server.py:790] - Response sent
2026-03-15 03:49:12,334 - mcp.server.lowlevel.server - DEBUG - [server.py:675] - Received message: <mcp.shared.session.RequestResponder object at 0x000001C7CAABA450>
2026-03-15 03:49:12,337 - mcp.server.lowlevel.server - INFO - [server.py:720] - Processing request of type CallToolRequest
2026-03-15 03:49:12,338 - mcp.server.lowlevel.server - DEBUG - [server.py:723] - Dispatching request of type CallToolRequest
2026-03-15 03:49:12,341 - UnrealMCP_Advanced - INFO - [unreal_mcp_server_advanced.py:679] - Reading Blueprint content for: /Game/FPS/Migrate/BP_ThirdPersonCharacter
2026-03-15 03:49:12,341 - UnrealMCP_Advanced - INFO - [unreal_mcp_server_advanced.py:147] - Connecting to Unreal at 127.0.0.1:55557 (attempt 1/4)...
2026-03-15 03:49:14,378 - UnrealMCP_Advanced - WARNING - [unreal_mcp_server_advanced.py:162] - Connection refused - is Unreal Engine running? (attempt 1)
2026-03-15 03:49:14,378 - UnrealMCP_Advanced - INFO - [unreal_mcp_server_advanced.py:176] - Retrying connection in 0.5s...
2026-03-15 03:49:14,879 - UnrealMCP_Advanced - INFO - [unreal_mcp_server_advanced.py:147] - Connecting to Unreal at 127.0.0.1:55557 (attempt 2/4)...
2026-03-15 03:49:16,895 - UnrealMCP_Advanced - WARNING - [unreal_mcp_server_advanced.py:162] - Connection refused - is Unreal Engine running? (attempt 2)
2026-03-15 03:49:16,895 - UnrealMCP_Advanced - INFO - [unreal_mcp_server_advanced.py:176] - Retrying connection in 1.0s...
2026-03-15 03:49:17,895 - UnrealMCP_Advanced - INFO - [unreal_mcp_server_advanced.py:147] - Connecting to Unreal at 127.0.0.1:55557 (attempt 3/4)...
2026-03-15 03:49:19,923 - UnrealMCP_Advanced - WARNING - [unreal_mcp_server_advanced.py:162] - Connection refused - is Unreal Engine running? (attempt 3)
2026-03-15 03:49:19,923 - UnrealMCP_Advanced - INFO - [unreal_mcp_server_advanced.py:176] - Retrying connection in 2.0s...
2026-03-15 03:49:21,924 - UnrealMCP_Advanced - INFO - [unreal_mcp_server_advanced.py:147] - Connecting to Unreal at 127.0.0.1:55557 (attempt 4/4)...
2026-03-15 03:49:23,950 - UnrealMCP_Advanced - WARNING - [unreal_mcp_server_advanced.py:162] - Connection refused - is Unreal Engine running? (attempt 4)
2026-03-15 03:49:23,951 - UnrealMCP_Advanced - ERROR - [unreal_mcp_server_advanced.py:179] - Failed to connect after 4 attempts. Last error: Connection refused: [WinError 10061] 由于目标计算机积极拒绝，无法连接。
2026-03-15 03:49:23,951 - UnrealMCP_Advanced - WARNING - [unreal_mcp_server_advanced.py:314] - Command failed (attempt 1/4): Failed to connect to Unreal Engine: Connection refused: [WinError 10061] 由于目标计算机积极拒绝，无法连接。
2026-03-15 03:49:23,951 - UnrealMCP_Advanced - DEBUG - [unreal_mcp_server_advanced.py:200] - Disconnected from Unreal Engine
2026-03-15 03:49:23,951 - UnrealMCP_Advanced - INFO - [unreal_mcp_server_advanced.py:321] - Retrying command in 0.5s...
2026-03-15 03:49:24,451 - UnrealMCP_Advanced - INFO - [unreal_mcp_server_advanced.py:147] - Connecting to Unreal at 127.0.0.1:55557 (attempt 1/4)...
2026-03-15 03:49:26,494 - UnrealMCP_Advanced - WARNING - [unreal_mcp_server_advanced.py:162] - Connection refused - is Unreal Engine running? (attempt 1)
2026-03-15 03:49:26,494 - UnrealMCP_Advanced - INFO - [unreal_mcp_server_advanced.py:176] - Retrying connection in 0.5s...
2026-03-15 03:49:26,994 - UnrealMCP_Advanced - INFO - [unreal_mcp_server_advanced.py:147] - Connecting to Unreal at 127.0.0.1:55557 (attempt 2/4)...
2026-03-15 03:49:29,037 - UnrealMCP_Advanced - WARNING - [unreal_mcp_server_advanced.py:162] - Connection refused - is Unreal Engine running? (attempt 2)
2026-03-15 03:49:29,037 - UnrealMCP_Advanced - INFO - [unreal_mcp_server_advanced.py:176] - Retrying connection in 1.0s...
2026-03-15 03:49:30,037 - UnrealMCP_Advanced - INFO - [unreal_mcp_server_advanced.py:147] - Connecting to Unreal at 127.0.0.1:55557 (attempt 3/4)...
2026-03-15 03:49:32,065 - UnrealMCP_Advanced - WARNING - [unreal_mcp_server_advanced.py:162] - Connection refused - is Unreal Engine running? (attempt 3)
2026-03-15 03:49:32,065 - UnrealMCP_Advanced - INFO - [unreal_mcp_server_advanced.py:176] - Retrying connection in 2.0s...
2026-03-15 03:49:34,066 - UnrealMCP_Advanced - INFO - [unreal_mcp_server_advanced.py:147] - Connecting to Unreal at 127.0.0.1:55557 (attempt 4/4)...
2026-03-15 03:49:36,094 - UnrealMCP_Advanced - WARNING - [unreal_mcp_server_advanced.py:162] - Connection refused - is Unreal Engine running? (attempt 4)
2026-03-15 03:49:36,094 - UnrealMCP_Advanced - ERROR - [unreal_mcp_server_advanced.py:179] - Failed to connect after 4 attempts. Last error: Connection refused: [WinError 10061] 由于目标计算机积极拒绝，无法连接。
2026-03-15 03:49:36,094 - UnrealMCP_Advanced - WARNING - [unreal_mcp_server_advanced.py:314] - Command failed (attempt 2/4): Failed to connect to Unreal Engine: Connection refused: [WinError 10061] 由于目标计算机积极拒绝，无法连接。
2026-03-15 03:49:36,094 - UnrealMCP_Advanced - DEBUG - [unreal_mcp_server_advanced.py:200] - Disconnected from Unreal Engine
2026-03-15 03:49:36,094 - UnrealMCP_Advanced - INFO - [unreal_mcp_server_advanced.py:321] - Retrying command in 1.0s...
2026-03-15 03:49:37,095 - UnrealMCP_Advanced - INFO - [unreal_mcp_server_advanced.py:147] - Connecting to Unreal at 127.0.0.1:55557 (attempt 1/4)...
2026-03-15 03:49:39,139 - UnrealMCP_Advanced - WARNING - [unreal_mcp_server_advanced.py:162] - Connection refused - is Unreal Engine running? (attempt 1)
2026-03-15 03:49:39,139 - UnrealMCP_Advanced - INFO - [unreal_mcp_server_advanced.py:176] - Retrying connection in 0.5s...
2026-03-15 03:49:39,640 - UnrealMCP_Advanced - INFO - [unreal_mcp_server_advanced.py:147] - Connecting to Unreal at 127.0.0.1:55557 (attempt 2/4)...
2026-03-15 03:49:41,681 - UnrealMCP_Advanced - WARNING - [unreal_mcp_server_advanced.py:162] - Connection refused - is Unreal Engine running? (attempt 2)
2026-03-15 03:49:41,681 - UnrealMCP_Advanced - INFO - [unreal_mcp_server_advanced.py:176] - Retrying connection in 1.0s...
2026-03-15 03:49:42,682 - UnrealMCP_Advanced - INFO - [unreal_mcp_server_advanced.py:147] - Connecting to Unreal at 127.0.0.1:55557 (attempt 3/4)...
2026-03-15 03:49:44,720 - UnrealMCP_Advanced - WARNING - [unreal_mcp_server_advanced.py:162] - Connection refused - is Unreal Engine running? (attempt 3)
2026-03-15 03:49:44,720 - UnrealMCP_Advanced - INFO - [unreal_mcp_server_advanced.py:176] - Retrying connection in 2.0s...
2026-03-15 03:49:46,721 - UnrealMCP_Advanced - INFO - [unreal_mcp_server_advanced.py:147] - Connecting to Unreal at 127.0.0.1:55557 (attempt 4/4)...
2026-03-15 03:49:48,751 - UnrealMCP_Advanced - WARNING - [unreal_mcp_server_advanced.py:162] - Connection refused - is Unreal Engine running? (attempt 4)
2026-03-15 03:49:48,752 - UnrealMCP_Advanced - ERROR - [unreal_mcp_server_advanced.py:179] - Failed to connect after 4 attempts. Last error: Connection refused: [WinError 10061] 由于目标计算机积极拒绝，无法连接。
2026-03-15 03:49:48,752 - UnrealMCP_Advanced - WARNING - [unreal_mcp_server_advanced.py:314] - Command failed (attempt 3/4): Failed to connect to Unreal Engine: Connection refused: [WinError 10061] 由于目标计算机积极拒绝，无法连接。
2026-03-15 03:49:48,752 - UnrealMCP_Advanced - DEBUG - [unreal_mcp_server_advanced.py:200] - Disconnected from Unreal Engine
2026-03-15 03:49:48,752 - UnrealMCP_Advanced - INFO - [unreal_mcp_server_advanced.py:321] - Retrying command in 2.0s...
2026-03-15 03:49:50,752 - UnrealMCP_Advanced - INFO - [unreal_mcp_server_advanced.py:147] - Connecting to Unreal at 127.0.0.1:55557 (attempt 1/4)...
2026-03-15 03:49:52,778 - UnrealMCP_Advanced - WARNING - [unreal_mcp_server_advanced.py:162] - Connection refused - is Unreal Engine running? (attempt 1)
2026-03-15 03:49:52,778 - UnrealMCP_Advanced - INFO - [unreal_mcp_server_advanced.py:176] - Retrying connection in 0.5s...
2026-03-15 03:49:53,279 - UnrealMCP_Advanced - INFO - [unreal_mcp_server_advanced.py:147] - Connecting to Unreal at 127.0.0.1:55557 (attempt 2/4)...
2026-03-15 03:49:55,314 - UnrealMCP_Advanced - WARNING - [unreal_mcp_server_advanced.py:162] - Connection refused - is Unreal Engine running? (attempt 2)
2026-03-15 03:49:55,314 - UnrealMCP_Advanced - INFO - [unreal_mcp_server_advanced.py:176] - Retrying connection in 1.0s...
2026-03-15 03:49:56,314 - UnrealMCP_Advanced - INFO - [unreal_mcp_server_advanced.py:147] - Connecting to Unreal at 127.0.0.1:55557 (attempt 3/4)...
2026-03-15 03:49:58,348 - UnrealMCP_Advanced - WARNING - [unreal_mcp_server_advanced.py:162] - Connection refused - is Unreal Engine running? (attempt 3)
2026-03-15 03:49:58,348 - UnrealMCP_Advanced - INFO - [unreal_mcp_server_advanced.py:176] - Retrying connection in 2.0s...
2026-03-15 03:50:00,349 - UnrealMCP_Advanced - INFO - [unreal_mcp_server_advanced.py:147] - Connecting to Unreal at 127.0.0.1:55557 (attempt 4/4)...
2026-03-15 03:50:02,398 - UnrealMCP_Advanced - WARNING - [unreal_mcp_server_advanced.py:162] - Connection refused - is Unreal Engine running? (attempt 4)
2026-03-15 03:50:02,398 - UnrealMCP_Advanced - ERROR - [unreal_mcp_server_advanced.py:179] - Failed to connect after 4 attempts. Last error: Connection refused: [WinError 10061] 由于目标计算机积极拒绝，无法连接。
2026-03-15 03:50:02,398 - UnrealMCP_Advanced - WARNING - [unreal_mcp_server_advanced.py:314] - Command failed (attempt 4/4): Failed to connect to Unreal Engine: Connection refused: [WinError 10061] 由于目标计算机积极拒绝，无法连接。
2026-03-15 03:50:02,398 - UnrealMCP_Advanced - DEBUG - [unreal_mcp_server_advanced.py:200] - Disconnected from Unreal Engine
2026-03-15 03:50:02,404 - mcp.server.lowlevel.server - DEBUG - [server.py:790] - Response sent
2026-03-15 03:54:16,790 - mcp.server.lowlevel.server - DEBUG - [server.py:675] - Received message: <mcp.shared.session.RequestResponder object at 0x000001C7CAA87AC0>
2026-03-15 03:54:16,790 - mcp.server.lowlevel.server - INFO - [server.py:720] - Processing request of type CallToolRequest
2026-03-15 03:54:16,790 - mcp.server.lowlevel.server - DEBUG - [server.py:723] - Dispatching request of type CallToolRequest
2026-03-15 03:54:16,790 - UnrealMCP_Advanced - INFO - [unreal_mcp_server_advanced.py:679] - Reading Blueprint content for: /Game/FPS/Migrate/BP_ThirdPersonCharacter
2026-03-15 03:54:16,790 - UnrealMCP_Advanced - INFO - [unreal_mcp_server_advanced.py:147] - Connecting to Unreal at 127.0.0.1:55557 (attempt 1/4)...
2026-03-15 03:54:18,832 - UnrealMCP_Advanced - WARNING - [unreal_mcp_server_advanced.py:162] - Connection refused - is Unreal Engine running? (attempt 1)
2026-03-15 03:54:18,832 - UnrealMCP_Advanced - INFO - [unreal_mcp_server_advanced.py:176] - Retrying connection in 0.5s...
2026-03-15 03:54:19,333 - UnrealMCP_Advanced - INFO - [unreal_mcp_server_advanced.py:147] - Connecting to Unreal at 127.0.0.1:55557 (attempt 2/4)...
2026-03-15 03:54:21,367 - UnrealMCP_Advanced - WARNING - [unreal_mcp_server_advanced.py:162] - Connection refused - is Unreal Engine running? (attempt 2)
2026-03-15 03:54:21,367 - UnrealMCP_Advanced - INFO - [unreal_mcp_server_advanced.py:176] - Retrying connection in 1.0s...
2026-03-15 03:54:22,368 - UnrealMCP_Advanced - INFO - [unreal_mcp_server_advanced.py:147] - Connecting to Unreal at 127.0.0.1:55557 (attempt 3/4)...
2026-03-15 03:54:24,402 - UnrealMCP_Advanced - WARNING - [unreal_mcp_server_advanced.py:162] - Connection refused - is Unreal Engine running? (attempt 3)
2026-03-15 03:54:24,402 - UnrealMCP_Advanced - INFO - [unreal_mcp_server_advanced.py:176] - Retrying connection in 2.0s...
2026-03-15 03:54:26,403 - UnrealMCP_Advanced - INFO - [unreal_mcp_server_advanced.py:147] - Connecting to Unreal at 127.0.0.1:55557 (attempt 4/4)...
2026-03-15 03:54:28,441 - UnrealMCP_Advanced - WARNING - [unreal_mcp_server_advanced.py:162] - Connection refused - is Unreal Engine running? (attempt 4)
2026-03-15 03:54:28,441 - UnrealMCP_Advanced - ERROR - [unreal_mcp_server_advanced.py:179] - Failed to connect after 4 attempts. Last error: Connection refused: [WinError 10061] 由于目标计算机积极拒绝，无法连接。
2026-03-15 03:54:28,442 - UnrealMCP_Advanced - WARNING - [unreal_mcp_server_advanced.py:314] - Command failed (attempt 1/4): Failed to connect to Unreal Engine: Connection refused: [WinError 10061] 由于目标计算机积极拒绝，无法连接。
2026-03-15 03:54:28,442 - UnrealMCP_Advanced - DEBUG - [unreal_mcp_server_advanced.py:200] - Disconnected from Unreal Engine
2026-03-15 03:54:28,442 - UnrealMCP_Advanced - INFO - [unreal_mcp_server_advanced.py:321] - Retrying command in 0.5s...
2026-03-15 03:54:28,942 - UnrealMCP_Advanced - INFO - [unreal_mcp_server_advanced.py:147] - Connecting to Unreal at 127.0.0.1:55557 (attempt 1/4)...
2026-03-15 03:54:30,975 - UnrealMCP_Advanced - WARNING - [unreal_mcp_server_advanced.py:162] - Connection refused - is Unreal Engine running? (attempt 1)
2026-03-15 03:54:30,975 - UnrealMCP_Advanced - INFO - [unreal_mcp_server_advanced.py:176] - Retrying connection in 0.5s...
2026-03-15 03:54:31,475 - UnrealMCP_Advanced - INFO - [unreal_mcp_server_advanced.py:147] - Connecting to Unreal at 127.0.0.1:55557 (attempt 2/4)...
2026-03-15 03:54:33,495 - UnrealMCP_Advanced - WARNING - [unreal_mcp_server_advanced.py:162] - Connection refused - is Unreal Engine running? (attempt 2)
2026-03-15 03:54:33,495 - UnrealMCP_Advanced - INFO - [unreal_mcp_server_advanced.py:176] - Retrying connection in 1.0s...
2026-03-15 03:54:34,496 - UnrealMCP_Advanced - INFO - [unreal_mcp_server_advanced.py:147] - Connecting to Unreal at 127.0.0.1:55557 (attempt 3/4)...
2026-03-15 03:54:36,539 - UnrealMCP_Advanced - WARNING - [unreal_mcp_server_advanced.py:162] - Connection refused - is Unreal Engine running? (attempt 3)
2026-03-15 03:54:36,539 - UnrealMCP_Advanced - INFO - [unreal_mcp_server_advanced.py:176] - Retrying connection in 2.0s...
2026-03-15 03:54:38,539 - UnrealMCP_Advanced - INFO - [unreal_mcp_server_advanced.py:147] - Connecting to Unreal at 127.0.0.1:55557 (attempt 4/4)...
2026-03-15 03:54:40,575 - UnrealMCP_Advanced - WARNING - [unreal_mcp_server_advanced.py:162] - Connection refused - is Unreal Engine running? (attempt 4)
2026-03-15 03:54:40,575 - UnrealMCP_Advanced - ERROR - [unreal_mcp_server_advanced.py:179] - Failed to connect after 4 attempts. Last error: Connection refused: [WinError 10061] 由于目标计算机积极拒绝，无法连接。
2026-03-15 03:54:40,576 - UnrealMCP_Advanced - WARNING - [unreal_mcp_server_advanced.py:314] - Command failed (attempt 2/4): Failed to connect to Unreal Engine: Connection refused: [WinError 10061] 由于目标计算机积极拒绝，无法连接。
2026-03-15 03:54:40,576 - UnrealMCP_Advanced - DEBUG - [unreal_mcp_server_advanced.py:200] - Disconnected from Unreal Engine
2026-03-15 03:54:40,576 - UnrealMCP_Advanced - INFO - [unreal_mcp_server_advanced.py:321] - Retrying command in 1.0s...
2026-03-15 03:54:41,576 - UnrealMCP_Advanced - INFO - [unreal_mcp_server_advanced.py:147] - Connecting to Unreal at 127.0.0.1:55557 (attempt 1/4)...
2026-03-15 03:54:43,607 - UnrealMCP_Advanced - WARNING - [unreal_mcp_server_advanced.py:162] - Connection refused - is Unreal Engine running? (attempt 1)
2026-03-15 03:54:43,607 - UnrealMCP_Advanced - INFO - [unreal_mcp_server_advanced.py:176] - Retrying connection in 0.5s...
2026-03-15 03:54:44,108 - UnrealMCP_Advanced - INFO - [unreal_mcp_server_advanced.py:147] - Connecting to Unreal at 127.0.0.1:55557 (attempt 2/4)...
2026-03-15 03:54:46,145 - UnrealMCP_Advanced - WARNING - [unreal_mcp_server_advanced.py:162] - Connection refused - is Unreal Engine running? (attempt 2)
2026-03-15 03:54:46,145 - UnrealMCP_Advanced - INFO - [unreal_mcp_server_advanced.py:176] - Retrying connection in 1.0s...
2026-03-15 03:54:47,145 - UnrealMCP_Advanced - INFO - [unreal_mcp_server_advanced.py:147] - Connecting to Unreal at 127.0.0.1:55557 (attempt 3/4)...
2026-03-15 03:54:49,174 - UnrealMCP_Advanced - WARNING - [unreal_mcp_server_advanced.py:162] - Connection refused - is Unreal Engine running? (attempt 3)
2026-03-15 03:54:49,174 - UnrealMCP_Advanced - INFO - [unreal_mcp_server_advanced.py:176] - Retrying connection in 2.0s...
2026-03-15 03:54:51,175 - UnrealMCP_Advanced - INFO - [unreal_mcp_server_advanced.py:147] - Connecting to Unreal at 127.0.0.1:55557 (attempt 4/4)...
2026-03-15 03:54:53,216 - UnrealMCP_Advanced - WARNING - [unreal_mcp_server_advanced.py:162] - Connection refused - is Unreal Engine running? (attempt 4)
2026-03-15 03:54:53,217 - UnrealMCP_Advanced - ERROR - [unreal_mcp_server_advanced.py:179] - Failed to connect after 4 attempts. Last error: Connection refused: [WinError 10061] 由于目标计算机积极拒绝，无法连接。
2026-03-15 03:54:53,217 - UnrealMCP_Advanced - WARNING - [unreal_mcp_server_advanced.py:314] - Command failed (attempt 3/4): Failed to connect to Unreal Engine: Connection refused: [WinError 10061] 由于目标计算机积极拒绝，无法连接。
2026-03-15 03:54:53,217 - UnrealMCP_Advanced - DEBUG - [unreal_mcp_server_advanced.py:200] - Disconnected from Unreal Engine
2026-03-15 03:54:53,217 - UnrealMCP_Advanced - INFO - [unreal_mcp_server_advanced.py:321] - Retrying command in 2.0s...
2026-03-15 03:54:55,218 - UnrealMCP_Advanced - INFO - [unreal_mcp_server_advanced.py:147] - Connecting to Unreal at 127.0.0.1:55557 (attempt 1/4)...
2026-03-15 03:54:57,253 - UnrealMCP_Advanced - WARNING - [unreal_mcp_server_advanced.py:162] - Connection refused - is Unreal Engine running? (attempt 1)
2026-03-15 03:54:57,253 - UnrealMCP_Advanced - INFO - [unreal_mcp_server_advanced.py:176] - Retrying connection in 0.5s...
2026-03-15 03:54:57,754 - UnrealMCP_Advanced - INFO - [unreal_mcp_server_advanced.py:147] - Connecting to Unreal at 127.0.0.1:55557 (attempt 2/4)...
2026-03-15 03:54:59,799 - UnrealMCP_Advanced - WARNING - [unreal_mcp_server_advanced.py:162] - Connection refused - is Unreal Engine running? (attempt 2)
2026-03-15 03:54:59,800 - UnrealMCP_Advanced - INFO - [unreal_mcp_server_advanced.py:176] - Retrying connection in 1.0s...
2026-03-15 03:55:00,800 - UnrealMCP_Advanced - INFO - [unreal_mcp_server_advanced.py:147] - Connecting to Unreal at 127.0.0.1:55557 (attempt 3/4)...
2026-03-15 03:55:02,845 - UnrealMCP_Advanced - WARNING - [unreal_mcp_server_advanced.py:162] - Connection refused - is Unreal Engine running? (attempt 3)
2026-03-15 03:55:02,845 - UnrealMCP_Advanced - INFO - [unreal_mcp_server_advanced.py:176] - Retrying connection in 2.0s...
2026-03-15 03:55:04,846 - UnrealMCP_Advanced - INFO - [unreal_mcp_server_advanced.py:147] - Connecting to Unreal at 127.0.0.1:55557 (attempt 4/4)...
2026-03-15 03:55:06,897 - UnrealMCP_Advanced - WARNING - [unreal_mcp_server_advanced.py:162] - Connection refused - is Unreal Engine running? (attempt 4)
2026-03-15 03:55:06,897 - UnrealMCP_Advanced - ERROR - [unreal_mcp_server_advanced.py:179] - Failed to connect after 4 attempts. Last error: Connection refused: [WinError 10061] 由于目标计算机积极拒绝，无法连接。
2026-03-15 03:55:06,897 - UnrealMCP_Advanced - WARNING - [unreal_mcp_server_advanced.py:314] - Command failed (attempt 4/4): Failed to connect to Unreal Engine: Connection refused: [WinError 10061] 由于目标计算机积极拒绝，无法连接。
2026-03-15 03:55:06,897 - UnrealMCP_Advanced - DEBUG - [unreal_mcp_server_advanced.py:200] - Disconnected from Unreal Engine
2026-03-15 03:55:06,900 - mcp.server.lowlevel.server - DEBUG - [server.py:790] - Response sent
2026-03-15 03:56:58,746 - mcp.server.lowlevel.server - DEBUG - [server.py:162] - Initializing server 'UnrealMCP_Advanced'
2026-03-15 03:56:58,747 - mcp.server.lowlevel.server - DEBUG - [server.py:439] - Registering handler for ListToolsRequest
2026-03-15 03:56:58,747 - mcp.server.lowlevel.server - DEBUG - [server.py:519] - Registering handler for CallToolRequest
2026-03-15 03:56:58,747 - mcp.server.lowlevel.server - DEBUG - [server.py:301] - Registering handler for ListResourcesRequest
2026-03-15 03:56:58,748 - mcp.server.lowlevel.server - DEBUG - [server.py:336] - Registering handler for ReadResourceRequest
2026-03-15 03:56:58,748 - mcp.server.lowlevel.server - DEBUG - [server.py:263] - Registering handler for PromptListRequest
2026-03-15 03:56:58,748 - mcp.server.lowlevel.server - DEBUG - [server.py:285] - Registering handler for GetPromptRequest
2026-03-15 03:56:58,748 - mcp.server.lowlevel.server - DEBUG - [server.py:321] - Registering handler for ListResourceTemplatesRequest
2026-03-15 03:56:58,840 - UnrealMCP_Advanced - INFO - [unreal_mcp_server_advanced.py:2795] - Starting Advanced MCP server with stdio transport
2026-03-15 03:56:58,847 - asyncio - DEBUG - [proactor_events.py:631] - Using proactor: IocpProactor
2026-03-15 03:56:58,851 - UnrealMCP_Advanced - INFO - [unreal_mcp_server_advanced.py:434] - UnrealMCP Advanced server starting up
2026-03-15 03:56:58,851 - UnrealMCP_Advanced - INFO - [unreal_mcp_server_advanced.py:435] - Connection will be established lazily on first tool call
2026-03-15 03:56:58,860 - mcp.server.lowlevel.server - DEBUG - [server.py:675] - Received message: root=InitializedNotification(method='notifications/initialized', params=None, jsonrpc='2.0')
2026-03-15 03:56:58,861 - mcp.server.lowlevel.server - DEBUG - [server.py:675] - Received message: <mcp.shared.session.RequestResponder object at 0x0000024E72896D50>
2026-03-15 03:56:58,862 - mcp.server.lowlevel.server - INFO - [server.py:720] - Processing request of type ListToolsRequest
2026-03-15 03:56:58,862 - mcp.server.lowlevel.server - DEBUG - [server.py:723] - Dispatching request of type ListToolsRequest
2026-03-15 03:56:58,863 - mcp.server.lowlevel.server - DEBUG - [server.py:790] - Response sent
2026-03-15 03:56:58,865 - mcp.server.lowlevel.server - DEBUG - [server.py:675] - Received message: <mcp.shared.session.RequestResponder object at 0x0000024E72896AD0>
2026-03-15 03:56:58,865 - mcp.server.lowlevel.server - INFO - [server.py:720] - Processing request of type ListPromptsRequest
2026-03-15 03:56:58,865 - mcp.server.lowlevel.server - DEBUG - [server.py:723] - Dispatching request of type ListPromptsRequest
2026-03-15 03:56:58,866 - mcp.server.lowlevel.server - DEBUG - [server.py:675] - Received message: <mcp.shared.session.RequestResponder object at 0x0000024E7286D6E0>
2026-03-15 03:56:58,866 - mcp.server.lowlevel.server - INFO - [server.py:720] - Processing request of type ListResourcesRequest
2026-03-15 03:56:58,866 - mcp.server.lowlevel.server - DEBUG - [server.py:723] - Dispatching request of type ListResourcesRequest
2026-03-15 03:56:58,866 - mcp.server.fastmcp.resources.resource_manager - DEBUG - [resource_manager.py:109] - Listing resources
2026-03-15 03:56:58,867 - mcp.server.lowlevel.server - DEBUG - [server.py:790] - Response sent
2026-03-15 03:56:58,867 - mcp.server.lowlevel.server - DEBUG - [server.py:790] - Response sent
2026-03-15 04:02:12,649 - mcp.server.lowlevel.server - DEBUG - [server.py:675] - Received message: <mcp.shared.session.RequestResponder object at 0x0000024E7286D0F0>
2026-03-15 04:02:12,650 - mcp.server.lowlevel.server - INFO - [server.py:720] - Processing request of type CallToolRequest
2026-03-15 04:02:12,650 - mcp.server.lowlevel.server - DEBUG - [server.py:723] - Dispatching request of type CallToolRequest
2026-03-15 04:02:12,650 - UnrealMCP_Advanced - INFO - [unreal_mcp_server_advanced.py:416] - Creating new UnrealConnection instance
2026-03-15 04:02:12,650 - UnrealMCP_Advanced - INFO - [unreal_mcp_server_advanced.py:679] - Reading Blueprint content for: /Game/FPS/Migrate/BP_ThirdPersonCharacter
2026-03-15 04:02:12,650 - UnrealMCP_Advanced - INFO - [unreal_mcp_server_advanced.py:147] - Connecting to Unreal at 127.0.0.1:55557 (attempt 1/4)...
2026-03-15 04:02:14,676 - UnrealMCP_Advanced - WARNING - [unreal_mcp_server_advanced.py:162] - Connection refused - is Unreal Engine running? (attempt 1)
2026-03-15 04:02:14,676 - UnrealMCP_Advanced - INFO - [unreal_mcp_server_advanced.py:176] - Retrying connection in 0.5s...
2026-03-15 04:02:15,177 - UnrealMCP_Advanced - INFO - [unreal_mcp_server_advanced.py:147] - Connecting to Unreal at 127.0.0.1:55557 (attempt 2/4)...
2026-03-15 04:02:17,206 - UnrealMCP_Advanced - WARNING - [unreal_mcp_server_advanced.py:162] - Connection refused - is Unreal Engine running? (attempt 2)
2026-03-15 04:02:17,206 - UnrealMCP_Advanced - INFO - [unreal_mcp_server_advanced.py:176] - Retrying connection in 1.0s...
2026-03-15 04:02:18,206 - UnrealMCP_Advanced - INFO - [unreal_mcp_server_advanced.py:147] - Connecting to Unreal at 127.0.0.1:55557 (attempt 3/4)...
2026-03-15 04:02:20,246 - UnrealMCP_Advanced - WARNING - [unreal_mcp_server_advanced.py:162] - Connection refused - is Unreal Engine running? (attempt 3)
2026-03-15 04:02:20,246 - UnrealMCP_Advanced - INFO - [unreal_mcp_server_advanced.py:176] - Retrying connection in 2.0s...
2026-03-15 04:02:22,246 - UnrealMCP_Advanced - INFO - [unreal_mcp_server_advanced.py:147] - Connecting to Unreal at 127.0.0.1:55557 (attempt 4/4)...
2026-03-15 04:02:24,287 - UnrealMCP_Advanced - WARNING - [unreal_mcp_server_advanced.py:162] - Connection refused - is Unreal Engine running? (attempt 4)
2026-03-15 04:02:24,287 - UnrealMCP_Advanced - ERROR - [unreal_mcp_server_advanced.py:179] - Failed to connect after 4 attempts. Last error: Connection refused: [WinError 10061] 由于目标计算机积极拒绝，无法连接。
2026-03-15 04:02:24,288 - UnrealMCP_Advanced - WARNING - [unreal_mcp_server_advanced.py:314] - Command failed (attempt 1/4): Failed to connect to Unreal Engine: Connection refused: [WinError 10061] 由于目标计算机积极拒绝，无法连接。
2026-03-15 04:02:24,289 - UnrealMCP_Advanced - DEBUG - [unreal_mcp_server_advanced.py:200] - Disconnected from Unreal Engine
2026-03-15 04:02:24,289 - UnrealMCP_Advanced - INFO - [unreal_mcp_server_advanced.py:321] - Retrying command in 0.5s...
2026-03-15 04:02:24,789 - UnrealMCP_Advanced - INFO - [unreal_mcp_server_advanced.py:147] - Connecting to Unreal at 127.0.0.1:55557 (attempt 1/4)...
2026-03-15 04:02:26,835 - UnrealMCP_Advanced - WARNING - [unreal_mcp_server_advanced.py:162] - Connection refused - is Unreal Engine running? (attempt 1)
2026-03-15 04:02:26,835 - UnrealMCP_Advanced - INFO - [unreal_mcp_server_advanced.py:176] - Retrying connection in 0.5s...
2026-03-15 04:02:27,335 - UnrealMCP_Advanced - INFO - [unreal_mcp_server_advanced.py:147] - Connecting to Unreal at 127.0.0.1:55557 (attempt 2/4)...
2026-03-15 04:02:29,367 - UnrealMCP_Advanced - WARNING - [unreal_mcp_server_advanced.py:162] - Connection refused - is Unreal Engine running? (attempt 2)
2026-03-15 04:02:29,367 - UnrealMCP_Advanced - INFO - [unreal_mcp_server_advanced.py:176] - Retrying connection in 1.0s...
2026-03-15 04:02:30,367 - UnrealMCP_Advanced - INFO - [unreal_mcp_server_advanced.py:147] - Connecting to Unreal at 127.0.0.1:55557 (attempt 3/4)...
2026-03-15 04:02:32,394 - UnrealMCP_Advanced - WARNING - [unreal_mcp_server_advanced.py:162] - Connection refused - is Unreal Engine running? (attempt 3)
2026-03-15 04:02:32,394 - UnrealMCP_Advanced - INFO - [unreal_mcp_server_advanced.py:176] - Retrying connection in 2.0s...
2026-03-15 04:02:34,394 - UnrealMCP_Advanced - INFO - [unreal_mcp_server_advanced.py:147] - Connecting to Unreal at 127.0.0.1:55557 (attempt 4/4)...
2026-03-15 04:02:36,437 - UnrealMCP_Advanced - WARNING - [unreal_mcp_server_advanced.py:162] - Connection refused - is Unreal Engine running? (attempt 4)
2026-03-15 04:02:36,437 - UnrealMCP_Advanced - ERROR - [unreal_mcp_server_advanced.py:179] - Failed to connect after 4 attempts. Last error: Connection refused: [WinError 10061] 由于目标计算机积极拒绝，无法连接。
2026-03-15 04:02:36,437 - UnrealMCP_Advanced - WARNING - [unreal_mcp_server_advanced.py:314] - Command failed (attempt 2/4): Failed to connect to Unreal Engine: Connection refused: [WinError 10061] 由于目标计算机积极拒绝，无法连接。
2026-03-15 04:02:36,437 - UnrealMCP_Advanced - DEBUG - [unreal_mcp_server_advanced.py:200] - Disconnected from Unreal Engine
2026-03-15 04:02:36,437 - UnrealMCP_Advanced - INFO - [unreal_mcp_server_advanced.py:321] - Retrying command in 1.0s...
2026-03-15 04:02:37,438 - UnrealMCP_Advanced - INFO - [unreal_mcp_server_advanced.py:147] - Connecting to Unreal at 127.0.0.1:55557 (attempt 1/4)...
2026-03-15 04:02:39,481 - UnrealMCP_Advanced - WARNING - [unreal_mcp_server_advanced.py:162] - Connection refused - is Unreal Engine running? (attempt 1)
2026-03-15 04:02:39,481 - UnrealMCP_Advanced - INFO - [unreal_mcp_server_advanced.py:176] - Retrying connection in 0.5s...
2026-03-15 04:02:39,981 - UnrealMCP_Advanced - INFO - [unreal_mcp_server_advanced.py:147] - Connecting to Unreal at 127.0.0.1:55557 (attempt 2/4)...
2026-03-15 04:02:42,016 - UnrealMCP_Advanced - WARNING - [unreal_mcp_server_advanced.py:162] - Connection refused - is Unreal Engine running? (attempt 2)
2026-03-15 04:02:42,016 - UnrealMCP_Advanced - INFO - [unreal_mcp_server_advanced.py:176] - Retrying connection in 1.0s...
2026-03-15 04:02:43,017 - UnrealMCP_Advanced - INFO - [unreal_mcp_server_advanced.py:147] - Connecting to Unreal at 127.0.0.1:55557 (attempt 3/4)...
2026-03-15 04:02:45,045 - UnrealMCP_Advanced - WARNING - [unreal_mcp_server_advanced.py:162] - Connection refused - is Unreal Engine running? (attempt 3)
2026-03-15 04:02:45,045 - UnrealMCP_Advanced - INFO - [unreal_mcp_server_advanced.py:176] - Retrying connection in 2.0s...
2026-03-15 04:02:47,046 - UnrealMCP_Advanced - INFO - [unreal_mcp_server_advanced.py:147] - Connecting to Unreal at 127.0.0.1:55557 (attempt 4/4)...
2026-03-15 04:02:49,084 - UnrealMCP_Advanced - WARNING - [unreal_mcp_server_advanced.py:162] - Connection refused - is Unreal Engine running? (attempt 4)
2026-03-15 04:02:49,084 - UnrealMCP_Advanced - ERROR - [unreal_mcp_server_advanced.py:179] - Failed to connect after 4 attempts. Last error: Connection refused: [WinError 10061] 由于目标计算机积极拒绝，无法连接。
2026-03-15 04:02:49,084 - UnrealMCP_Advanced - WARNING - [unreal_mcp_server_advanced.py:314] - Command failed (attempt 3/4): Failed to connect to Unreal Engine: Connection refused: [WinError 10061] 由于目标计算机积极拒绝，无法连接。
2026-03-15 04:02:49,084 - UnrealMCP_Advanced - DEBUG - [unreal_mcp_server_advanced.py:200] - Disconnected from Unreal Engine
2026-03-15 04:02:49,084 - UnrealMCP_Advanced - INFO - [unreal_mcp_server_advanced.py:321] - Retrying command in 2.0s...
2026-03-15 04:02:51,084 - UnrealMCP_Advanced - INFO - [unreal_mcp_server_advanced.py:147] - Connecting to Unreal at 127.0.0.1:55557 (attempt 1/4)...
2026-03-15 04:02:53,125 - UnrealMCP_Advanced - WARNING - [unreal_mcp_server_advanced.py:162] - Connection refused - is Unreal Engine running? (attempt 1)
2026-03-15 04:02:53,125 - UnrealMCP_Advanced - INFO - [unreal_mcp_server_advanced.py:176] - Retrying connection in 0.5s...
2026-03-15 04:02:53,626 - UnrealMCP_Advanced - INFO - [unreal_mcp_server_advanced.py:147] - Connecting to Unreal at 127.0.0.1:55557 (attempt 2/4)...
2026-03-15 04:02:55,646 - UnrealMCP_Advanced - WARNING - [unreal_mcp_server_advanced.py:162] - Connection refused - is Unreal Engine running? (attempt 2)
2026-03-15 04:02:55,647 - UnrealMCP_Advanced - INFO - [unreal_mcp_server_advanced.py:176] - Retrying connection in 1.0s...
2026-03-15 04:02:56,647 - UnrealMCP_Advanced - INFO - [unreal_mcp_server_advanced.py:147] - Connecting to Unreal at 127.0.0.1:55557 (attempt 3/4)...
2026-03-15 04:02:58,673 - UnrealMCP_Advanced - WARNING - [unreal_mcp_server_advanced.py:162] - Connection refused - is Unreal Engine running? (attempt 3)
2026-03-15 04:02:58,674 - UnrealMCP_Advanced - INFO - [unreal_mcp_server_advanced.py:176] - Retrying connection in 2.0s...
2026-03-15 04:03:00,674 - UnrealMCP_Advanced - INFO - [unreal_mcp_server_advanced.py:147] - Connecting to Unreal at 127.0.0.1:55557 (attempt 4/4)...
2026-03-15 04:03:02,712 - UnrealMCP_Advanced - WARNING - [unreal_mcp_server_advanced.py:162] - Connection refused - is Unreal Engine running? (attempt 4)
2026-03-15 04:03:02,712 - UnrealMCP_Advanced - ERROR - [unreal_mcp_server_advanced.py:179] - Failed to connect after 4 attempts. Last error: Connection refused: [WinError 10061] 由于目标计算机积极拒绝，无法连接。
2026-03-15 04:03:02,712 - UnrealMCP_Advanced - WARNING - [unreal_mcp_server_advanced.py:314] - Command failed (attempt 4/4): Failed to connect to Unreal Engine: Connection refused: [WinError 10061] 由于目标计算机积极拒绝，无法连接。
2026-03-15 04:03:02,712 - UnrealMCP_Advanced - DEBUG - [unreal_mcp_server_advanced.py:200] - Disconnected from Unreal Engine
2026-03-15 04:03:02,715 - mcp.server.lowlevel.server - DEBUG - [server.py:790] - Response sent
2026-03-15 04:04:08,144 - mcp.server.lowlevel.server - DEBUG - [server.py:162] - Initializing server 'UnrealMCP_Advanced'
2026-03-15 04:04:08,144 - mcp.server.lowlevel.server - DEBUG - [server.py:439] - Registering handler for ListToolsRequest
2026-03-15 04:04:08,144 - mcp.server.lowlevel.server - DEBUG - [server.py:519] - Registering handler for CallToolRequest
2026-03-15 04:04:08,144 - mcp.server.lowlevel.server - DEBUG - [server.py:301] - Registering handler for ListResourcesRequest
2026-03-15 04:04:08,145 - mcp.server.lowlevel.server - DEBUG - [server.py:336] - Registering handler for ReadResourceRequest
2026-03-15 04:04:08,145 - mcp.server.lowlevel.server - DEBUG - [server.py:263] - Registering handler for PromptListRequest
2026-03-15 04:04:08,145 - mcp.server.lowlevel.server - DEBUG - [server.py:285] - Registering handler for GetPromptRequest
2026-03-15 04:04:08,145 - mcp.server.lowlevel.server - DEBUG - [server.py:321] - Registering handler for ListResourceTemplatesRequest
2026-03-15 04:04:08,217 - UnrealMCP_Advanced - INFO - [unreal_mcp_server_advanced.py:2795] - Starting Advanced MCP server with stdio transport
2026-03-15 04:04:08,221 - asyncio - DEBUG - [proactor_events.py:631] - Using proactor: IocpProactor
2026-03-15 04:04:08,224 - UnrealMCP_Advanced - INFO - [unreal_mcp_server_advanced.py:434] - UnrealMCP Advanced server starting up
2026-03-15 04:04:08,224 - UnrealMCP_Advanced - INFO - [unreal_mcp_server_advanced.py:435] - Connection will be established lazily on first tool call
2026-03-15 04:04:08,228 - mcp.server.lowlevel.server - DEBUG - [server.py:675] - Received message: root=InitializedNotification(method='notifications/initialized', params=None, jsonrpc='2.0')
2026-03-15 04:04:08,228 - mcp.server.lowlevel.server - DEBUG - [server.py:675] - Received message: <mcp.shared.session.RequestResponder object at 0x0000014A69D96D50>
2026-03-15 04:04:08,228 - mcp.server.lowlevel.server - INFO - [server.py:720] - Processing request of type ListToolsRequest
2026-03-15 04:04:08,229 - mcp.server.lowlevel.server - DEBUG - [server.py:723] - Dispatching request of type ListToolsRequest
2026-03-15 04:04:08,229 - mcp.server.lowlevel.server - DEBUG - [server.py:790] - Response sent
2026-03-15 04:04:08,230 - mcp.server.lowlevel.server - DEBUG - [server.py:675] - Received message: <mcp.shared.session.RequestResponder object at 0x0000014A69D96AD0>
2026-03-15 04:04:08,230 - mcp.server.lowlevel.server - INFO - [server.py:720] - Processing request of type ListPromptsRequest
2026-03-15 04:04:08,231 - mcp.server.lowlevel.server - DEBUG - [server.py:723] - Dispatching request of type ListPromptsRequest
2026-03-15 04:04:08,231 - mcp.server.lowlevel.server - DEBUG - [server.py:675] - Received message: <mcp.shared.session.RequestResponder object at 0x0000014A69D6D6E0>
2026-03-15 04:04:08,231 - mcp.server.lowlevel.server - INFO - [server.py:720] - Processing request of type ListResourcesRequest
2026-03-15 04:04:08,231 - mcp.server.lowlevel.server - DEBUG - [server.py:723] - Dispatching request of type ListResourcesRequest
2026-03-15 04:04:08,231 - mcp.server.fastmcp.resources.resource_manager - DEBUG - [resource_manager.py:109] - Listing resources
2026-03-15 04:04:08,232 - mcp.server.lowlevel.server - DEBUG - [server.py:790] - Response sent
2026-03-15 04:04:08,232 - mcp.server.lowlevel.server - DEBUG - [server.py:790] - Response sent
2026-03-15 04:04:31,311 - mcp.server.lowlevel.server - DEBUG - [server.py:675] - Received message: <mcp.shared.session.RequestResponder object at 0x0000014A69D6D0F0>
2026-03-15 04:04:31,312 - mcp.server.lowlevel.server - INFO - [server.py:720] - Processing request of type CallToolRequest
2026-03-15 04:04:31,312 - mcp.server.lowlevel.server - DEBUG - [server.py:723] - Dispatching request of type CallToolRequest
2026-03-15 04:04:31,312 - UnrealMCP_Advanced - INFO - [unreal_mcp_server_advanced.py:416] - Creating new UnrealConnection instance
2026-03-15 04:04:31,312 - UnrealMCP_Advanced - INFO - [unreal_mcp_server_advanced.py:679] - Reading Blueprint content for: /Game/FPS/Migrate/BP_ThirdPersonCharacter
2026-03-15 04:04:31,312 - UnrealMCP_Advanced - INFO - [unreal_mcp_server_advanced.py:147] - Connecting to Unreal at 127.0.0.1:55557 (attempt 1/4)...
2026-03-15 04:04:33,357 - UnrealMCP_Advanced - WARNING - [unreal_mcp_server_advanced.py:162] - Connection refused - is Unreal Engine running? (attempt 1)
2026-03-15 04:04:33,357 - UnrealMCP_Advanced - INFO - [unreal_mcp_server_advanced.py:176] - Retrying connection in 0.5s...
2026-03-15 04:04:33,857 - UnrealMCP_Advanced - INFO - [unreal_mcp_server_advanced.py:147] - Connecting to Unreal at 127.0.0.1:55557 (attempt 2/4)...
2026-03-15 04:04:35,891 - UnrealMCP_Advanced - WARNING - [unreal_mcp_server_advanced.py:162] - Connection refused - is Unreal Engine running? (attempt 2)
2026-03-15 04:04:35,891 - UnrealMCP_Advanced - INFO - [unreal_mcp_server_advanced.py:176] - Retrying connection in 1.0s...
2026-03-15 04:04:36,891 - UnrealMCP_Advanced - INFO - [unreal_mcp_server_advanced.py:147] - Connecting to Unreal at 127.0.0.1:55557 (attempt 3/4)...
2026-03-15 04:04:38,927 - UnrealMCP_Advanced - WARNING - [unreal_mcp_server_advanced.py:162] - Connection refused - is Unreal Engine running? (attempt 3)
2026-03-15 04:04:38,927 - UnrealMCP_Advanced - INFO - [unreal_mcp_server_advanced.py:176] - Retrying connection in 2.0s...
2026-03-15 04:04:40,927 - UnrealMCP_Advanced - INFO - [unreal_mcp_server_advanced.py:147] - Connecting to Unreal at 127.0.0.1:55557 (attempt 4/4)...
2026-03-15 04:04:42,960 - UnrealMCP_Advanced - WARNING - [unreal_mcp_server_advanced.py:162] - Connection refused - is Unreal Engine running? (attempt 4)
2026-03-15 04:04:42,960 - UnrealMCP_Advanced - ERROR - [unreal_mcp_server_advanced.py:179] - Failed to connect after 4 attempts. Last error: Connection refused: [WinError 10061] 由于目标计算机积极拒绝，无法连接。
2026-03-15 04:04:42,961 - UnrealMCP_Advanced - WARNING - [unreal_mcp_server_advanced.py:314] - Command failed (attempt 1/4): Failed to connect to Unreal Engine: Connection refused: [WinError 10061] 由于目标计算机积极拒绝，无法连接。
2026-03-15 04:04:42,961 - UnrealMCP_Advanced - DEBUG - [unreal_mcp_server_advanced.py:200] - Disconnected from Unreal Engine
2026-03-15 04:04:42,961 - UnrealMCP_Advanced - INFO - [unreal_mcp_server_advanced.py:321] - Retrying command in 0.5s...
2026-03-15 04:04:43,461 - UnrealMCP_Advanced - INFO - [unreal_mcp_server_advanced.py:147] - Connecting to Unreal at 127.0.0.1:55557 (attempt 1/4)...
2026-03-15 04:04:45,504 - UnrealMCP_Advanced - WARNING - [unreal_mcp_server_advanced.py:162] - Connection refused - is Unreal Engine running? (attempt 1)
2026-03-15 04:04:45,504 - UnrealMCP_Advanced - INFO - [unreal_mcp_server_advanced.py:176] - Retrying connection in 0.5s...
2026-03-15 04:04:46,004 - UnrealMCP_Advanced - INFO - [unreal_mcp_server_advanced.py:147] - Connecting to Unreal at 127.0.0.1:55557 (attempt 2/4)...
2026-03-15 04:04:48,047 - UnrealMCP_Advanced - WARNING - [unreal_mcp_server_advanced.py:162] - Connection refused - is Unreal Engine running? (attempt 2)
2026-03-15 04:04:48,047 - UnrealMCP_Advanced - INFO - [unreal_mcp_server_advanced.py:176] - Retrying connection in 1.0s...
2026-03-15 04:04:49,048 - UnrealMCP_Advanced - INFO - [unreal_mcp_server_advanced.py:147] - Connecting to Unreal at 127.0.0.1:55557 (attempt 3/4)...
2026-03-15 04:04:51,094 - UnrealMCP_Advanced - WARNING - [unreal_mcp_server_advanced.py:162] - Connection refused - is Unreal Engine running? (attempt 3)
2026-03-15 04:04:51,094 - UnrealMCP_Advanced - INFO - [unreal_mcp_server_advanced.py:176] - Retrying connection in 2.0s...
2026-03-15 04:04:53,094 - UnrealMCP_Advanced - INFO - [unreal_mcp_server_advanced.py:147] - Connecting to Unreal at 127.0.0.1:55557 (attempt 4/4)...
2026-03-15 04:04:55,144 - UnrealMCP_Advanced - WARNING - [unreal_mcp_server_advanced.py:162] - Connection refused - is Unreal Engine running? (attempt 4)
2026-03-15 04:04:55,144 - UnrealMCP_Advanced - ERROR - [unreal_mcp_server_advanced.py:179] - Failed to connect after 4 attempts. Last error: Connection refused: [WinError 10061] 由于目标计算机积极拒绝，无法连接。
2026-03-15 04:04:55,144 - UnrealMCP_Advanced - WARNING - [unreal_mcp_server_advanced.py:314] - Command failed (attempt 2/4): Failed to connect to Unreal Engine: Connection refused: [WinError 10061] 由于目标计算机积极拒绝，无法连接。
2026-03-15 04:04:55,144 - UnrealMCP_Advanced - DEBUG - [unreal_mcp_server_advanced.py:200] - Disconnected from Unreal Engine
2026-03-15 04:04:55,144 - UnrealMCP_Advanced - INFO - [unreal_mcp_server_advanced.py:321] - Retrying command in 1.0s...
2026-03-15 04:04:56,145 - UnrealMCP_Advanced - INFO - [unreal_mcp_server_advanced.py:147] - Connecting to Unreal at 127.0.0.1:55557 (attempt 1/4)...
2026-03-15 04:04:58,174 - UnrealMCP_Advanced - WARNING - [unreal_mcp_server_advanced.py:162] - Connection refused - is Unreal Engine running? (attempt 1)
2026-03-15 04:04:58,174 - UnrealMCP_Advanced - INFO - [unreal_mcp_server_advanced.py:176] - Retrying connection in 0.5s...
2026-03-15 04:04:58,674 - UnrealMCP_Advanced - INFO - [unreal_mcp_server_advanced.py:147] - Connecting to Unreal at 127.0.0.1:55557 (attempt 2/4)...
2026-03-15 04:05:00,705 - UnrealMCP_Advanced - WARNING - [unreal_mcp_server_advanced.py:162] - Connection refused - is Unreal Engine running? (attempt 2)
2026-03-15 04:05:00,706 - UnrealMCP_Advanced - INFO - [unreal_mcp_server_advanced.py:176] - Retrying connection in 1.0s...
2026-03-15 04:05:01,706 - UnrealMCP_Advanced - INFO - [unreal_mcp_server_advanced.py:147] - Connecting to Unreal at 127.0.0.1:55557 (attempt 3/4)...
2026-03-15 04:05:03,744 - UnrealMCP_Advanced - WARNING - [unreal_mcp_server_advanced.py:162] - Connection refused - is Unreal Engine running? (attempt 3)
2026-03-15 04:05:03,744 - UnrealMCP_Advanced - INFO - [unreal_mcp_server_advanced.py:176] - Retrying connection in 2.0s...
2026-03-15 04:05:05,744 - UnrealMCP_Advanced - INFO - [unreal_mcp_server_advanced.py:147] - Connecting to Unreal at 127.0.0.1:55557 (attempt 4/4)...
2026-03-15 04:05:07,793 - UnrealMCP_Advanced - WARNING - [unreal_mcp_server_advanced.py:162] - Connection refused - is Unreal Engine running? (attempt 4)
2026-03-15 04:05:07,793 - UnrealMCP_Advanced - ERROR - [unreal_mcp_server_advanced.py:179] - Failed to connect after 4 attempts. Last error: Connection refused: [WinError 10061] 由于目标计算机积极拒绝，无法连接。
2026-03-15 04:05:07,793 - UnrealMCP_Advanced - WARNING - [unreal_mcp_server_advanced.py:314] - Command failed (attempt 3/4): Failed to connect to Unreal Engine: Connection refused: [WinError 10061] 由于目标计算机积极拒绝，无法连接。
2026-03-15 04:05:07,793 - UnrealMCP_Advanced - DEBUG - [unreal_mcp_server_advanced.py:200] - Disconnected from Unreal Engine
2026-03-15 04:05:07,793 - UnrealMCP_Advanced - INFO - [unreal_mcp_server_advanced.py:321] - Retrying command in 2.0s...
2026-03-15 04:05:09,794 - UnrealMCP_Advanced - INFO - [unreal_mcp_server_advanced.py:147] - Connecting to Unreal at 127.0.0.1:55557 (attempt 1/4)...
2026-03-15 04:05:11,834 - UnrealMCP_Advanced - WARNING - [unreal_mcp_server_advanced.py:162] - Connection refused - is Unreal Engine running? (attempt 1)
2026-03-15 04:05:11,834 - UnrealMCP_Advanced - INFO - [unreal_mcp_server_advanced.py:176] - Retrying connection in 0.5s...
2026-03-15 04:05:12,335 - UnrealMCP_Advanced - INFO - [unreal_mcp_server_advanced.py:147] - Connecting to Unreal at 127.0.0.1:55557 (attempt 2/4)...
2026-03-15 04:05:14,375 - UnrealMCP_Advanced - WARNING - [unreal_mcp_server_advanced.py:162] - Connection refused - is Unreal Engine running? (attempt 2)
2026-03-15 04:05:14,375 - UnrealMCP_Advanced - INFO - [unreal_mcp_server_advanced.py:176] - Retrying connection in 1.0s...
2026-03-15 04:05:15,375 - UnrealMCP_Advanced - INFO - [unreal_mcp_server_advanced.py:147] - Connecting to Unreal at 127.0.0.1:55557 (attempt 3/4)...
2026-03-15 04:05:17,422 - UnrealMCP_Advanced - WARNING - [unreal_mcp_server_advanced.py:162] - Connection refused - is Unreal Engine running? (attempt 3)
2026-03-15 04:05:17,423 - UnrealMCP_Advanced - INFO - [unreal_mcp_server_advanced.py:176] - Retrying connection in 2.0s...
2026-03-15 04:05:19,423 - UnrealMCP_Advanced - INFO - [unreal_mcp_server_advanced.py:147] - Connecting to Unreal at 127.0.0.1:55557 (attempt 4/4)...
2026-03-15 04:05:21,461 - UnrealMCP_Advanced - WARNING - [unreal_mcp_server_advanced.py:162] - Connection refused - is Unreal Engine running? (attempt 4)
2026-03-15 04:05:21,461 - UnrealMCP_Advanced - ERROR - [unreal_mcp_server_advanced.py:179] - Failed to connect after 4 attempts. Last error: Connection refused: [WinError 10061] 由于目标计算机积极拒绝，无法连接。
2026-03-15 04:05:21,461 - UnrealMCP_Advanced - WARNING - [unreal_mcp_server_advanced.py:314] - Command failed (attempt 4/4): Failed to connect to Unreal Engine: Connection refused: [WinError 10061] 由于目标计算机积极拒绝，无法连接。
2026-03-15 04:05:21,461 - UnrealMCP_Advanced - DEBUG - [unreal_mcp_server_advanced.py:200] - Disconnected from Unreal Engine
2026-03-15 04:05:21,462 - mcp.server.lowlevel.server - DEBUG - [server.py:790] - Response sent
2026-03-15 04:22:14,131 - mcp.server.lowlevel.server - DEBUG - [server.py:675] - Received message: <mcp.shared.session.RequestResponder object at 0x0000014A69F2A450>
2026-03-15 04:22:14,131 - mcp.server.lowlevel.server - INFO - [server.py:720] - Processing request of type CallToolRequest
2026-03-15 04:22:14,132 - mcp.server.lowlevel.server - DEBUG - [server.py:723] - Dispatching request of type CallToolRequest
2026-03-15 04:22:14,132 - UnrealMCP_Advanced - INFO - [unreal_mcp_server_advanced.py:679] - Reading Blueprint content for: /Game/FPS/Migrate/BP_ThirdPersonCharacter
2026-03-15 04:22:14,132 - UnrealMCP_Advanced - INFO - [unreal_mcp_server_advanced.py:147] - Connecting to Unreal at 127.0.0.1:55557 (attempt 1/4)...
2026-03-15 04:22:16,175 - UnrealMCP_Advanced - WARNING - [unreal_mcp_server_advanced.py:162] - Connection refused - is Unreal Engine running? (attempt 1)
2026-03-15 04:22:16,175 - UnrealMCP_Advanced - INFO - [unreal_mcp_server_advanced.py:176] - Retrying connection in 0.5s...
2026-03-15 04:22:16,675 - UnrealMCP_Advanced - INFO - [unreal_mcp_server_advanced.py:147] - Connecting to Unreal at 127.0.0.1:55557 (attempt 2/4)...
2026-03-15 04:22:18,716 - UnrealMCP_Advanced - WARNING - [unreal_mcp_server_advanced.py:162] - Connection refused - is Unreal Engine running? (attempt 2)
2026-03-15 04:22:18,716 - UnrealMCP_Advanced - INFO - [unreal_mcp_server_advanced.py:176] - Retrying connection in 1.0s...
2026-03-15 04:22:19,716 - UnrealMCP_Advanced - INFO - [unreal_mcp_server_advanced.py:147] - Connecting to Unreal at 127.0.0.1:55557 (attempt 3/4)...
2026-03-15 04:22:21,752 - UnrealMCP_Advanced - WARNING - [unreal_mcp_server_advanced.py:162] - Connection refused - is Unreal Engine running? (attempt 3)
2026-03-15 04:22:21,752 - UnrealMCP_Advanced - INFO - [unreal_mcp_server_advanced.py:176] - Retrying connection in 2.0s...
2026-03-15 04:22:23,753 - UnrealMCP_Advanced - INFO - [unreal_mcp_server_advanced.py:147] - Connecting to Unreal at 127.0.0.1:55557 (attempt 4/4)...
2026-03-15 04:22:25,791 - UnrealMCP_Advanced - WARNING - [unreal_mcp_server_advanced.py:162] - Connection refused - is Unreal Engine running? (attempt 4)
2026-03-15 04:22:25,791 - UnrealMCP_Advanced - ERROR - [unreal_mcp_server_advanced.py:179] - Failed to connect after 4 attempts. Last error: Connection refused: [WinError 10061] 由于目标计算机积极拒绝，无法连接。
2026-03-15 04:22:25,791 - UnrealMCP_Advanced - WARNING - [unreal_mcp_server_advanced.py:314] - Command failed (attempt 1/4): Failed to connect to Unreal Engine: Connection refused: [WinError 10061] 由于目标计算机积极拒绝，无法连接。
2026-03-15 04:22:25,791 - UnrealMCP_Advanced - DEBUG - [unreal_mcp_server_advanced.py:200] - Disconnected from Unreal Engine
2026-03-15 04:22:25,791 - UnrealMCP_Advanced - INFO - [unreal_mcp_server_advanced.py:321] - Retrying command in 0.5s...
2026-03-15 04:22:26,291 - UnrealMCP_Advanced - INFO - [unreal_mcp_server_advanced.py:147] - Connecting to Unreal at 127.0.0.1:55557 (attempt 1/4)...
2026-03-15 04:22:28,338 - UnrealMCP_Advanced - WARNING - [unreal_mcp_server_advanced.py:162] - Connection refused - is Unreal Engine running? (attempt 1)
2026-03-15 04:22:28,339 - UnrealMCP_Advanced - INFO - [unreal_mcp_server_advanced.py:176] - Retrying connection in 0.5s...
2026-03-15 04:22:28,839 - UnrealMCP_Advanced - INFO - [unreal_mcp_server_advanced.py:147] - Connecting to Unreal at 127.0.0.1:55557 (attempt 2/4)...
2026-03-15 04:22:30,876 - UnrealMCP_Advanced - WARNING - [unreal_mcp_server_advanced.py:162] - Connection refused - is Unreal Engine running? (attempt 2)
2026-03-15 04:22:30,876 - UnrealMCP_Advanced - INFO - [unreal_mcp_server_advanced.py:176] - Retrying connection in 1.0s...
2026-03-15 04:22:31,877 - UnrealMCP_Advanced - INFO - [unreal_mcp_server_advanced.py:147] - Connecting to Unreal at 127.0.0.1:55557 (attempt 3/4)...
2026-03-15 04:22:33,921 - UnrealMCP_Advanced - WARNING - [unreal_mcp_server_advanced.py:162] - Connection refused - is Unreal Engine running? (attempt 3)
2026-03-15 04:22:33,921 - UnrealMCP_Advanced - INFO - [unreal_mcp_server_advanced.py:176] - Retrying connection in 2.0s...
2026-03-15 04:22:35,922 - UnrealMCP_Advanced - INFO - [unreal_mcp_server_advanced.py:147] - Connecting to Unreal at 127.0.0.1:55557 (attempt 4/4)...
2026-03-15 04:22:37,955 - UnrealMCP_Advanced - WARNING - [unreal_mcp_server_advanced.py:162] - Connection refused - is Unreal Engine running? (attempt 4)
2026-03-15 04:22:37,956 - UnrealMCP_Advanced - ERROR - [unreal_mcp_server_advanced.py:179] - Failed to connect after 4 attempts. Last error: Connection refused: [WinError 10061] 由于目标计算机积极拒绝，无法连接。
2026-03-15 04:22:37,956 - UnrealMCP_Advanced - WARNING - [unreal_mcp_server_advanced.py:314] - Command failed (attempt 2/4): Failed to connect to Unreal Engine: Connection refused: [WinError 10061] 由于目标计算机积极拒绝，无法连接。
2026-03-15 04:22:37,956 - UnrealMCP_Advanced - DEBUG - [unreal_mcp_server_advanced.py:200] - Disconnected from Unreal Engine
2026-03-15 04:22:37,956 - UnrealMCP_Advanced - INFO - [unreal_mcp_server_advanced.py:321] - Retrying command in 1.0s...
2026-03-15 04:22:38,956 - UnrealMCP_Advanced - INFO - [unreal_mcp_server_advanced.py:147] - Connecting to Unreal at 127.0.0.1:55557 (attempt 1/4)...
2026-03-15 04:22:40,994 - UnrealMCP_Advanced - WARNING - [unreal_mcp_server_advanced.py:162] - Connection refused - is Unreal Engine running? (attempt 1)
2026-03-15 04:22:40,994 - UnrealMCP_Advanced - INFO - [unreal_mcp_server_advanced.py:176] - Retrying connection in 0.5s...
2026-03-15 04:22:41,495 - UnrealMCP_Advanced - INFO - [unreal_mcp_server_advanced.py:147] - Connecting to Unreal at 127.0.0.1:55557 (attempt 2/4)...
2026-03-15 04:22:43,530 - UnrealMCP_Advanced - WARNING - [unreal_mcp_server_advanced.py:162] - Connection refused - is Unreal Engine running? (attempt 2)
2026-03-15 04:22:43,530 - UnrealMCP_Advanced - INFO - [unreal_mcp_server_advanced.py:176] - Retrying connection in 1.0s...
2026-03-15 04:22:44,530 - UnrealMCP_Advanced - INFO - [unreal_mcp_server_advanced.py:147] - Connecting to Unreal at 127.0.0.1:55557 (attempt 3/4)...
2026-03-15 04:22:46,564 - UnrealMCP_Advanced - WARNING - [unreal_mcp_server_advanced.py:162] - Connection refused - is Unreal Engine running? (attempt 3)
2026-03-15 04:22:46,564 - UnrealMCP_Advanced - INFO - [unreal_mcp_server_advanced.py:176] - Retrying connection in 2.0s...
2026-03-15 04:22:48,565 - UnrealMCP_Advanced - INFO - [unreal_mcp_server_advanced.py:147] - Connecting to Unreal at 127.0.0.1:55557 (attempt 4/4)...
2026-03-15 04:22:50,602 - UnrealMCP_Advanced - WARNING - [unreal_mcp_server_advanced.py:162] - Connection refused - is Unreal Engine running? (attempt 4)
2026-03-15 04:22:50,602 - UnrealMCP_Advanced - ERROR - [unreal_mcp_server_advanced.py:179] - Failed to connect after 4 attempts. Last error: Connection refused: [WinError 10061] 由于目标计算机积极拒绝，无法连接。
2026-03-15 04:22:50,602 - UnrealMCP_Advanced - WARNING - [unreal_mcp_server_advanced.py:314] - Command failed (attempt 3/4): Failed to connect to Unreal Engine: Connection refused: [WinError 10061] 由于目标计算机积极拒绝，无法连接。
2026-03-15 04:22:50,602 - UnrealMCP_Advanced - DEBUG - [unreal_mcp_server_advanced.py:200] - Disconnected from Unreal Engine
2026-03-15 04:22:50,602 - UnrealMCP_Advanced - INFO - [unreal_mcp_server_advanced.py:321] - Retrying command in 2.0s...
2026-03-15 04:22:52,602 - UnrealMCP_Advanced - INFO - [unreal_mcp_server_advanced.py:147] - Connecting to Unreal at 127.0.0.1:55557 (attempt 1/4)...
2026-03-15 04:22:54,635 - UnrealMCP_Advanced - WARNING - [unreal_mcp_server_advanced.py:162] - Connection refused - is Unreal Engine running? (attempt 1)
2026-03-15 04:22:54,636 - UnrealMCP_Advanced - INFO - [unreal_mcp_server_advanced.py:176] - Retrying connection in 0.5s...
2026-03-15 04:22:55,136 - UnrealMCP_Advanced - INFO - [unreal_mcp_server_advanced.py:147] - Connecting to Unreal at 127.0.0.1:55557 (attempt 2/4)...
2026-03-15 04:22:57,168 - UnrealMCP_Advanced - WARNING - [unreal_mcp_server_advanced.py:162] - Connection refused - is Unreal Engine running? (attempt 2)
2026-03-15 04:22:57,168 - UnrealMCP_Advanced - INFO - [unreal_mcp_server_advanced.py:176] - Retrying connection in 1.0s...
2026-03-15 04:22:58,169 - UnrealMCP_Advanced - INFO - [unreal_mcp_server_advanced.py:147] - Connecting to Unreal at 127.0.0.1:55557 (attempt 3/4)...
2026-03-15 04:23:00,197 - UnrealMCP_Advanced - WARNING - [unreal_mcp_server_advanced.py:162] - Connection refused - is Unreal Engine running? (attempt 3)
2026-03-15 04:23:00,198 - UnrealMCP_Advanced - INFO - [unreal_mcp_server_advanced.py:176] - Retrying connection in 2.0s...
2026-03-15 04:23:02,198 - UnrealMCP_Advanced - INFO - [unreal_mcp_server_advanced.py:147] - Connecting to Unreal at 127.0.0.1:55557 (attempt 4/4)...
2026-03-15 04:23:04,225 - UnrealMCP_Advanced - WARNING - [unreal_mcp_server_advanced.py:162] - Connection refused - is Unreal Engine running? (attempt 4)
2026-03-15 04:23:04,225 - UnrealMCP_Advanced - ERROR - [unreal_mcp_server_advanced.py:179] - Failed to connect after 4 attempts. Last error: Connection refused: [WinError 10061] 由于目标计算机积极拒绝，无法连接。
2026-03-15 04:23:04,225 - UnrealMCP_Advanced - WARNING - [unreal_mcp_server_advanced.py:314] - Command failed (attempt 4/4): Failed to connect to Unreal Engine: Connection refused: [WinError 10061] 由于目标计算机积极拒绝，无法连接。
2026-03-15 04:23:04,225 - UnrealMCP_Advanced - DEBUG - [unreal_mcp_server_advanced.py:200] - Disconnected from Unreal Engine
2026-03-15 04:23:04,228 - mcp.server.lowlevel.server - DEBUG - [server.py:790] - Response sent
2026-03-15 04:24:10,018 - mcp.server.lowlevel.server - DEBUG - [server.py:675] - Received message: <mcp.shared.session.RequestResponder object at 0x0000014A69EF39B0>
2026-03-15 04:24:10,019 - mcp.server.lowlevel.server - INFO - [server.py:720] - Processing request of type CallToolRequest
2026-03-15 04:24:10,019 - mcp.server.lowlevel.server - DEBUG - [server.py:723] - Dispatching request of type CallToolRequest
2026-03-15 04:24:10,019 - UnrealMCP_Advanced - INFO - [unreal_mcp_server_advanced.py:734] - Analyzing Blueprint graph: /Game/FPS/Migrate/BP_ThirdPersonCharacter -> EventGraph
2026-03-15 04:24:10,020 - UnrealMCP_Advanced - INFO - [unreal_mcp_server_advanced.py:147] - Connecting to Unreal at 127.0.0.1:55557 (attempt 1/4)...
2026-03-15 04:24:12,055 - UnrealMCP_Advanced - WARNING - [unreal_mcp_server_advanced.py:162] - Connection refused - is Unreal Engine running? (attempt 1)
2026-03-15 04:24:12,055 - UnrealMCP_Advanced - INFO - [unreal_mcp_server_advanced.py:176] - Retrying connection in 0.5s...
2026-03-15 04:24:12,555 - UnrealMCP_Advanced - INFO - [unreal_mcp_server_advanced.py:147] - Connecting to Unreal at 127.0.0.1:55557 (attempt 2/4)...
2026-03-15 04:24:14,593 - UnrealMCP_Advanced - WARNING - [unreal_mcp_server_advanced.py:162] - Connection refused - is Unreal Engine running? (attempt 2)
2026-03-15 04:24:14,593 - UnrealMCP_Advanced - INFO - [unreal_mcp_server_advanced.py:176] - Retrying connection in 1.0s...
2026-03-15 04:24:15,593 - UnrealMCP_Advanced - INFO - [unreal_mcp_server_advanced.py:147] - Connecting to Unreal at 127.0.0.1:55557 (attempt 3/4)...
2026-03-15 04:24:17,639 - UnrealMCP_Advanced - WARNING - [unreal_mcp_server_advanced.py:162] - Connection refused - is Unreal Engine running? (attempt 3)
2026-03-15 04:24:17,639 - UnrealMCP_Advanced - INFO - [unreal_mcp_server_advanced.py:176] - Retrying connection in 2.0s...
2026-03-15 04:24:19,639 - UnrealMCP_Advanced - INFO - [unreal_mcp_server_advanced.py:147] - Connecting to Unreal at 127.0.0.1:55557 (attempt 4/4)...
2026-03-15 04:24:21,678 - UnrealMCP_Advanced - WARNING - [unreal_mcp_server_advanced.py:162] - Connection refused - is Unreal Engine running? (attempt 4)
2026-03-15 04:24:21,679 - UnrealMCP_Advanced - ERROR - [unreal_mcp_server_advanced.py:179] - Failed to connect after 4 attempts. Last error: Connection refused: [WinError 10061] 由于目标计算机积极拒绝，无法连接。
2026-03-15 04:24:21,679 - UnrealMCP_Advanced - WARNING - [unreal_mcp_server_advanced.py:314] - Command failed (attempt 1/4): Failed to connect to Unreal Engine: Connection refused: [WinError 10061] 由于目标计算机积极拒绝，无法连接。
2026-03-15 04:24:21,679 - UnrealMCP_Advanced - DEBUG - [unreal_mcp_server_advanced.py:200] - Disconnected from Unreal Engine
2026-03-15 04:24:21,679 - UnrealMCP_Advanced - INFO - [unreal_mcp_server_advanced.py:321] - Retrying command in 0.5s...
2026-03-15 04:24:22,179 - UnrealMCP_Advanced - INFO - [unreal_mcp_server_advanced.py:147] - Connecting to Unreal at 127.0.0.1:55557 (attempt 1/4)...
2026-03-15 04:24:24,223 - UnrealMCP_Advanced - WARNING - [unreal_mcp_server_advanced.py:162] - Connection refused - is Unreal Engine running? (attempt 1)
2026-03-15 04:24:24,223 - UnrealMCP_Advanced - INFO - [unreal_mcp_server_advanced.py:176] - Retrying connection in 0.5s...
2026-03-15 04:24:24,724 - UnrealMCP_Advanced - INFO - [unreal_mcp_server_advanced.py:147] - Connecting to Unreal at 127.0.0.1:55557 (attempt 2/4)...
2026-03-15 04:24:26,745 - UnrealMCP_Advanced - WARNING - [unreal_mcp_server_advanced.py:162] - Connection refused - is Unreal Engine running? (attempt 2)
2026-03-15 04:24:26,745 - UnrealMCP_Advanced - INFO - [unreal_mcp_server_advanced.py:176] - Retrying connection in 1.0s...
2026-03-15 04:24:27,746 - UnrealMCP_Advanced - INFO - [unreal_mcp_server_advanced.py:147] - Connecting to Unreal at 127.0.0.1:55557 (attempt 3/4)...
2026-03-15 04:24:29,792 - UnrealMCP_Advanced - WARNING - [unreal_mcp_server_advanced.py:162] - Connection refused - is Unreal Engine running? (attempt 3)
2026-03-15 04:24:29,792 - UnrealMCP_Advanced - INFO - [unreal_mcp_server_advanced.py:176] - Retrying connection in 2.0s...
2026-03-15 04:24:31,793 - UnrealMCP_Advanced - INFO - [unreal_mcp_server_advanced.py:147] - Connecting to Unreal at 127.0.0.1:55557 (attempt 4/4)...
2026-03-15 04:24:33,841 - UnrealMCP_Advanced - WARNING - [unreal_mcp_server_advanced.py:162] - Connection refused - is Unreal Engine running? (attempt 4)
2026-03-15 04:24:33,841 - UnrealMCP_Advanced - ERROR - [unreal_mcp_server_advanced.py:179] - Failed to connect after 4 attempts. Last error: Connection refused: [WinError 10061] 由于目标计算机积极拒绝，无法连接。
2026-03-15 04:24:33,841 - UnrealMCP_Advanced - WARNING - [unreal_mcp_server_advanced.py:314] - Command failed (attempt 2/4): Failed to connect to Unreal Engine: Connection refused: [WinError 10061] 由于目标计算机积极拒绝，无法连接。
2026-03-15 04:24:33,841 - UnrealMCP_Advanced - DEBUG - [unreal_mcp_server_advanced.py:200] - Disconnected from Unreal Engine
2026-03-15 04:24:33,841 - UnrealMCP_Advanced - INFO - [unreal_mcp_server_advanced.py:321] - Retrying command in 1.0s...
2026-03-15 04:24:34,842 - UnrealMCP_Advanced - INFO - [unreal_mcp_server_advanced.py:147] - Connecting to Unreal at 127.0.0.1:55557 (attempt 1/4)...
2026-03-15 04:24:36,877 - UnrealMCP_Advanced - WARNING - [unreal_mcp_server_advanced.py:162] - Connection refused - is Unreal Engine running? (attempt 1)
2026-03-15 04:24:36,877 - UnrealMCP_Advanced - INFO - [unreal_mcp_server_advanced.py:176] - Retrying connection in 0.5s...
2026-03-15 04:24:37,378 - UnrealMCP_Advanced - INFO - [unreal_mcp_server_advanced.py:147] - Connecting to Unreal at 127.0.0.1:55557 (attempt 2/4)...
2026-03-15 04:24:39,411 - UnrealMCP_Advanced - WARNING - [unreal_mcp_server_advanced.py:162] - Connection refused - is Unreal Engine running? (attempt 2)
2026-03-15 04:24:39,411 - UnrealMCP_Advanced - INFO - [unreal_mcp_server_advanced.py:176] - Retrying connection in 1.0s...
2026-03-15 04:24:40,411 - UnrealMCP_Advanced - INFO - [unreal_mcp_server_advanced.py:147] - Connecting to Unreal at 127.0.0.1:55557 (attempt 3/4)...
2026-03-15 04:24:42,439 - UnrealMCP_Advanced - WARNING - [unreal_mcp_server_advanced.py:162] - Connection refused - is Unreal Engine running? (attempt 3)
2026-03-15 04:24:42,439 - UnrealMCP_Advanced - INFO - [unreal_mcp_server_advanced.py:176] - Retrying connection in 2.0s...
2026-03-15 04:24:44,439 - UnrealMCP_Advanced - INFO - [unreal_mcp_server_advanced.py:147] - Connecting to Unreal at 127.0.0.1:55557 (attempt 4/4)...
2026-03-15 04:24:46,475 - UnrealMCP_Advanced - WARNING - [unreal_mcp_server_advanced.py:162] - Connection refused - is Unreal Engine running? (attempt 4)
2026-03-15 04:24:46,475 - UnrealMCP_Advanced - ERROR - [unreal_mcp_server_advanced.py:179] - Failed to connect after 4 attempts. Last error: Connection refused: [WinError 10061] 由于目标计算机积极拒绝，无法连接。
2026-03-15 04:24:46,475 - UnrealMCP_Advanced - WARNING - [unreal_mcp_server_advanced.py:314] - Command failed (attempt 3/4): Failed to connect to Unreal Engine: Connection refused: [WinError 10061] 由于目标计算机积极拒绝，无法连接。
2026-03-15 04:24:46,475 - UnrealMCP_Advanced - DEBUG - [unreal_mcp_server_advanced.py:200] - Disconnected from Unreal Engine
2026-03-15 04:24:46,475 - UnrealMCP_Advanced - INFO - [unreal_mcp_server_advanced.py:321] - Retrying command in 2.0s...
2026-03-15 04:24:48,475 - UnrealMCP_Advanced - INFO - [unreal_mcp_server_advanced.py:147] - Connecting to Unreal at 127.0.0.1:55557 (attempt 1/4)...
2026-03-15 04:24:50,493 - UnrealMCP_Advanced - WARNING - [unreal_mcp_server_advanced.py:162] - Connection refused - is Unreal Engine running? (attempt 1)
2026-03-15 04:24:50,493 - UnrealMCP_Advanced - INFO - [unreal_mcp_server_advanced.py:176] - Retrying connection in 0.5s...
2026-03-15 04:24:50,993 - UnrealMCP_Advanced - INFO - [unreal_mcp_server_advanced.py:147] - Connecting to Unreal at 127.0.0.1:55557 (attempt 2/4)...
2026-03-15 04:24:53,029 - UnrealMCP_Advanced - WARNING - [unreal_mcp_server_advanced.py:162] - Connection refused - is Unreal Engine running? (attempt 2)
2026-03-15 04:24:53,029 - UnrealMCP_Advanced - INFO - [unreal_mcp_server_advanced.py:176] - Retrying connection in 1.0s...
2026-03-15 04:24:54,029 - UnrealMCP_Advanced - INFO - [unreal_mcp_server_advanced.py:147] - Connecting to Unreal at 127.0.0.1:55557 (attempt 3/4)...
2026-03-15 04:24:56,065 - UnrealMCP_Advanced - WARNING - [unreal_mcp_server_advanced.py:162] - Connection refused - is Unreal Engine running? (attempt 3)
2026-03-15 04:24:56,065 - UnrealMCP_Advanced - INFO - [unreal_mcp_server_advanced.py:176] - Retrying connection in 2.0s...
2026-03-15 04:24:58,065 - UnrealMCP_Advanced - INFO - [unreal_mcp_server_advanced.py:147] - Connecting to Unreal at 127.0.0.1:55557 (attempt 4/4)...
2026-03-15 04:25:00,088 - UnrealMCP_Advanced - WARNING - [unreal_mcp_server_advanced.py:162] - Connection refused - is Unreal Engine running? (attempt 4)
2026-03-15 04:25:00,088 - UnrealMCP_Advanced - ERROR - [unreal_mcp_server_advanced.py:179] - Failed to connect after 4 attempts. Last error: Connection refused: [WinError 10061] 由于目标计算机积极拒绝，无法连接。
2026-03-15 04:25:00,088 - UnrealMCP_Advanced - WARNING - [unreal_mcp_server_advanced.py:314] - Command failed (attempt 4/4): Failed to connect to Unreal Engine: Connection refused: [WinError 10061] 由于目标计算机积极拒绝，无法连接。
2026-03-15 04:25:00,088 - UnrealMCP_Advanced - DEBUG - [unreal_mcp_server_advanced.py:200] - Disconnected from Unreal Engine
2026-03-15 04:25:00,089 - mcp.server.lowlevel.server - DEBUG - [server.py:790] - Response sent
2026-03-15 04:29:20,932 - mcp.server.lowlevel.server - DEBUG - [server.py:162] - Initializing server 'UnrealMCP_Advanced'
2026-03-15 04:29:20,932 - mcp.server.lowlevel.server - DEBUG - [server.py:439] - Registering handler for ListToolsRequest
2026-03-15 04:29:20,932 - mcp.server.lowlevel.server - DEBUG - [server.py:519] - Registering handler for CallToolRequest
2026-03-15 04:29:20,932 - mcp.server.lowlevel.server - DEBUG - [server.py:301] - Registering handler for ListResourcesRequest
2026-03-15 04:29:20,932 - mcp.server.lowlevel.server - DEBUG - [server.py:336] - Registering handler for ReadResourceRequest
2026-03-15 04:29:20,932 - mcp.server.lowlevel.server - DEBUG - [server.py:263] - Registering handler for PromptListRequest
2026-03-15 04:29:20,932 - mcp.server.lowlevel.server - DEBUG - [server.py:285] - Registering handler for GetPromptRequest
2026-03-15 04:29:20,932 - mcp.server.lowlevel.server - DEBUG - [server.py:321] - Registering handler for ListResourceTemplatesRequest
2026-03-15 04:29:21,004 - UnrealMCP_Advanced - INFO - [unreal_mcp_server_advanced.py:2795] - Starting Advanced MCP server with stdio transport
2026-03-15 04:29:21,008 - asyncio - DEBUG - [proactor_events.py:631] - Using proactor: IocpProactor
2026-03-15 04:29:21,011 - UnrealMCP_Advanced - INFO - [unreal_mcp_server_advanced.py:434] - UnrealMCP Advanced server starting up
2026-03-15 04:29:21,011 - UnrealMCP_Advanced - INFO - [unreal_mcp_server_advanced.py:435] - Connection will be established lazily on first tool call
2026-03-15 04:29:21,015 - mcp.server.lowlevel.server - DEBUG - [server.py:675] - Received message: root=InitializedNotification(method='notifications/initialized', params=None, jsonrpc='2.0')
2026-03-15 04:29:21,016 - mcp.server.lowlevel.server - DEBUG - [server.py:675] - Received message: <mcp.shared.session.RequestResponder object at 0x0000016C9F916D50>
2026-03-15 04:29:21,016 - mcp.server.lowlevel.server - INFO - [server.py:720] - Processing request of type ListToolsRequest
2026-03-15 04:29:21,016 - mcp.server.lowlevel.server - DEBUG - [server.py:723] - Dispatching request of type ListToolsRequest
2026-03-15 04:29:21,017 - mcp.server.lowlevel.server - DEBUG - [server.py:790] - Response sent
2026-03-15 04:29:21,018 - mcp.server.lowlevel.server - DEBUG - [server.py:675] - Received message: <mcp.shared.session.RequestResponder object at 0x0000016C9F916AD0>
2026-03-15 04:29:21,018 - mcp.server.lowlevel.server - INFO - [server.py:720] - Processing request of type ListPromptsRequest
2026-03-15 04:29:21,018 - mcp.server.lowlevel.server - DEBUG - [server.py:723] - Dispatching request of type ListPromptsRequest
2026-03-15 04:29:21,019 - mcp.server.lowlevel.server - DEBUG - [server.py:675] - Received message: <mcp.shared.session.RequestResponder object at 0x0000016C9F8ED6E0>
2026-03-15 04:29:21,019 - mcp.server.lowlevel.server - INFO - [server.py:720] - Processing request of type ListResourcesRequest
2026-03-15 04:29:21,019 - mcp.server.lowlevel.server - DEBUG - [server.py:723] - Dispatching request of type ListResourcesRequest
2026-03-15 04:29:21,019 - mcp.server.fastmcp.resources.resource_manager - DEBUG - [resource_manager.py:109] - Listing resources
2026-03-15 04:29:21,019 - mcp.server.lowlevel.server - DEBUG - [server.py:790] - Response sent
2026-03-15 04:29:21,020 - mcp.server.lowlevel.server - DEBUG - [server.py:790] - Response sent
2026-03-15 04:29:57,180 - mcp.server.lowlevel.server - DEBUG - [server.py:675] - Received message: <mcp.shared.session.RequestResponder object at 0x0000016C9F8ED0F0>
2026-03-15 04:29:57,181 - mcp.server.lowlevel.server - INFO - [server.py:720] - Processing request of type CallToolRequest
2026-03-15 04:29:57,181 - mcp.server.lowlevel.server - DEBUG - [server.py:723] - Dispatching request of type CallToolRequest
2026-03-15 04:29:57,181 - UnrealMCP_Advanced - INFO - [unreal_mcp_server_advanced.py:416] - Creating new UnrealConnection instance
2026-03-15 04:29:57,181 - UnrealMCP_Advanced - INFO - [unreal_mcp_server_advanced.py:679] - Reading Blueprint content for: /Game/Blueprints/BP_FPSPlayer
2026-03-15 04:29:57,181 - UnrealMCP_Advanced - INFO - [unreal_mcp_server_advanced.py:147] - Connecting to Unreal at 127.0.0.1:55557 (attempt 1/4)...
2026-03-15 04:29:59,225 - UnrealMCP_Advanced - WARNING - [unreal_mcp_server_advanced.py:162] - Connection refused - is Unreal Engine running? (attempt 1)
2026-03-15 04:29:59,225 - UnrealMCP_Advanced - INFO - [unreal_mcp_server_advanced.py:176] - Retrying connection in 0.5s...
2026-03-15 04:29:59,725 - UnrealMCP_Advanced - INFO - [unreal_mcp_server_advanced.py:147] - Connecting to Unreal at 127.0.0.1:55557 (attempt 2/4)...
2026-03-15 04:30:01,779 - UnrealMCP_Advanced - WARNING - [unreal_mcp_server_advanced.py:162] - Connection refused - is Unreal Engine running? (attempt 2)
2026-03-15 04:30:01,779 - UnrealMCP_Advanced - INFO - [unreal_mcp_server_advanced.py:176] - Retrying connection in 1.0s...
2026-03-15 04:30:02,779 - UnrealMCP_Advanced - INFO - [unreal_mcp_server_advanced.py:147] - Connecting to Unreal at 127.0.0.1:55557 (attempt 3/4)...
2026-03-15 04:30:04,809 - UnrealMCP_Advanced - WARNING - [unreal_mcp_server_advanced.py:162] - Connection refused - is Unreal Engine running? (attempt 3)
2026-03-15 04:30:04,810 - UnrealMCP_Advanced - INFO - [unreal_mcp_server_advanced.py:176] - Retrying connection in 2.0s...
2026-03-15 04:30:06,810 - UnrealMCP_Advanced - INFO - [unreal_mcp_server_advanced.py:147] - Connecting to Unreal at 127.0.0.1:55557 (attempt 4/4)...
2026-03-15 04:30:08,850 - UnrealMCP_Advanced - WARNING - [unreal_mcp_server_advanced.py:162] - Connection refused - is Unreal Engine running? (attempt 4)
2026-03-15 04:30:08,851 - UnrealMCP_Advanced - ERROR - [unreal_mcp_server_advanced.py:179] - Failed to connect after 4 attempts. Last error: Connection refused: [WinError 10061] 由于目标计算机积极拒绝，无法连接。
2026-03-15 04:30:08,851 - UnrealMCP_Advanced - WARNING - [unreal_mcp_server_advanced.py:314] - Command failed (attempt 1/4): Failed to connect to Unreal Engine: Connection refused: [WinError 10061] 由于目标计算机积极拒绝，无法连接。
2026-03-15 04:30:08,851 - UnrealMCP_Advanced - DEBUG - [unreal_mcp_server_advanced.py:200] - Disconnected from Unreal Engine
2026-03-15 04:30:08,851 - UnrealMCP_Advanced - INFO - [unreal_mcp_server_advanced.py:321] - Retrying command in 0.5s...
2026-03-15 04:30:09,351 - UnrealMCP_Advanced - INFO - [unreal_mcp_server_advanced.py:147] - Connecting to Unreal at 127.0.0.1:55557 (attempt 1/4)...
2026-03-15 04:30:11,392 - UnrealMCP_Advanced - WARNING - [unreal_mcp_server_advanced.py:162] - Connection refused - is Unreal Engine running? (attempt 1)
2026-03-15 04:30:11,392 - UnrealMCP_Advanced - INFO - [unreal_mcp_server_advanced.py:176] - Retrying connection in 0.5s...
2026-03-15 04:30:11,893 - UnrealMCP_Advanced - INFO - [unreal_mcp_server_advanced.py:147] - Connecting to Unreal at 127.0.0.1:55557 (attempt 2/4)...
2026-03-15 04:30:13,932 - UnrealMCP_Advanced - WARNING - [unreal_mcp_server_advanced.py:162] - Connection refused - is Unreal Engine running? (attempt 2)
2026-03-15 04:30:13,932 - UnrealMCP_Advanced - INFO - [unreal_mcp_server_advanced.py:176] - Retrying connection in 1.0s...
2026-03-15 04:30:14,933 - UnrealMCP_Advanced - INFO - [unreal_mcp_server_advanced.py:147] - Connecting to Unreal at 127.0.0.1:55557 (attempt 3/4)...
2026-03-15 04:30:16,967 - UnrealMCP_Advanced - WARNING - [unreal_mcp_server_advanced.py:162] - Connection refused - is Unreal Engine running? (attempt 3)
2026-03-15 04:30:16,967 - UnrealMCP_Advanced - INFO - [unreal_mcp_server_advanced.py:176] - Retrying connection in 2.0s...
2026-03-15 04:30:18,967 - UnrealMCP_Advanced - INFO - [unreal_mcp_server_advanced.py:147] - Connecting to Unreal at 127.0.0.1:55557 (attempt 4/4)...
2026-03-15 04:30:21,015 - UnrealMCP_Advanced - WARNING - [unreal_mcp_server_advanced.py:162] - Connection refused - is Unreal Engine running? (attempt 4)
2026-03-15 04:30:21,015 - UnrealMCP_Advanced - ERROR - [unreal_mcp_server_advanced.py:179] - Failed to connect after 4 attempts. Last error: Connection refused: [WinError 10061] 由于目标计算机积极拒绝，无法连接。
2026-03-15 04:30:21,015 - UnrealMCP_Advanced - WARNING - [unreal_mcp_server_advanced.py:314] - Command failed (attempt 2/4): Failed to connect to Unreal Engine: Connection refused: [WinError 10061] 由于目标计算机积极拒绝，无法连接。
2026-03-15 04:30:21,015 - UnrealMCP_Advanced - DEBUG - [unreal_mcp_server_advanced.py:200] - Disconnected from Unreal Engine
2026-03-15 04:30:21,015 - UnrealMCP_Advanced - INFO - [unreal_mcp_server_advanced.py:321] - Retrying command in 1.0s...
2026-03-15 04:30:22,016 - UnrealMCP_Advanced - INFO - [unreal_mcp_server_advanced.py:147] - Connecting to Unreal at 127.0.0.1:55557 (attempt 1/4)...
2026-03-15 04:30:24,055 - UnrealMCP_Advanced - WARNING - [unreal_mcp_server_advanced.py:162] - Connection refused - is Unreal Engine running? (attempt 1)
2026-03-15 04:30:24,055 - UnrealMCP_Advanced - INFO - [unreal_mcp_server_advanced.py:176] - Retrying connection in 0.5s...
2026-03-15 04:30:24,556 - UnrealMCP_Advanced - INFO - [unreal_mcp_server_advanced.py:147] - Connecting to Unreal at 127.0.0.1:55557 (attempt 2/4)...
2026-03-15 04:30:26,587 - UnrealMCP_Advanced - WARNING - [unreal_mcp_server_advanced.py:162] - Connection refused - is Unreal Engine running? (attempt 2)
2026-03-15 04:30:26,587 - UnrealMCP_Advanced - INFO - [unreal_mcp_server_advanced.py:176] - Retrying connection in 1.0s...
2026-03-15 04:30:27,588 - UnrealMCP_Advanced - INFO - [unreal_mcp_server_advanced.py:147] - Connecting to Unreal at 127.0.0.1:55557 (attempt 3/4)...
2026-03-15 04:30:29,622 - UnrealMCP_Advanced - WARNING - [unreal_mcp_server_advanced.py:162] - Connection refused - is Unreal Engine running? (attempt 3)
2026-03-15 04:30:29,622 - UnrealMCP_Advanced - INFO - [unreal_mcp_server_advanced.py:176] - Retrying connection in 2.0s...
2026-03-15 04:30:31,622 - UnrealMCP_Advanced - INFO - [unreal_mcp_server_advanced.py:147] - Connecting to Unreal at 127.0.0.1:55557 (attempt 4/4)...
2026-03-15 04:30:33,650 - UnrealMCP_Advanced - WARNING - [unreal_mcp_server_advanced.py:162] - Connection refused - is Unreal Engine running? (attempt 4)
2026-03-15 04:30:33,650 - UnrealMCP_Advanced - ERROR - [unreal_mcp_server_advanced.py:179] - Failed to connect after 4 attempts. Last error: Connection refused: [WinError 10061] 由于目标计算机积极拒绝，无法连接。
2026-03-15 04:30:33,650 - UnrealMCP_Advanced - WARNING - [unreal_mcp_server_advanced.py:314] - Command failed (attempt 3/4): Failed to connect to Unreal Engine: Connection refused: [WinError 10061] 由于目标计算机积极拒绝，无法连接。
2026-03-15 04:30:33,650 - UnrealMCP_Advanced - DEBUG - [unreal_mcp_server_advanced.py:200] - Disconnected from Unreal Engine
2026-03-15 04:30:33,650 - UnrealMCP_Advanced - INFO - [unreal_mcp_server_advanced.py:321] - Retrying command in 2.0s...
2026-03-15 04:30:35,651 - UnrealMCP_Advanced - INFO - [unreal_mcp_server_advanced.py:147] - Connecting to Unreal at 127.0.0.1:55557 (attempt 1/4)...
2026-03-15 04:30:37,693 - UnrealMCP_Advanced - WARNING - [unreal_mcp_server_advanced.py:162] - Connection refused - is Unreal Engine running? (attempt 1)
2026-03-15 04:30:37,693 - UnrealMCP_Advanced - INFO - [unreal_mcp_server_advanced.py:176] - Retrying connection in 0.5s...
2026-03-15 04:30:38,193 - UnrealMCP_Advanced - INFO - [unreal_mcp_server_advanced.py:147] - Connecting to Unreal at 127.0.0.1:55557 (attempt 2/4)...
2026-03-15 04:30:40,236 - UnrealMCP_Advanced - WARNING - [unreal_mcp_server_advanced.py:162] - Connection refused - is Unreal Engine running? (attempt 2)
2026-03-15 04:30:40,237 - UnrealMCP_Advanced - INFO - [unreal_mcp_server_advanced.py:176] - Retrying connection in 1.0s...
2026-03-15 04:30:41,237 - UnrealMCP_Advanced - INFO - [unreal_mcp_server_advanced.py:147] - Connecting to Unreal at 127.0.0.1:55557 (attempt 3/4)...
2026-03-15 04:30:43,271 - UnrealMCP_Advanced - WARNING - [unreal_mcp_server_advanced.py:162] - Connection refused - is Unreal Engine running? (attempt 3)
2026-03-15 04:30:43,271 - UnrealMCP_Advanced - INFO - [unreal_mcp_server_advanced.py:176] - Retrying connection in 2.0s...
2026-03-15 04:30:45,271 - UnrealMCP_Advanced - INFO - [unreal_mcp_server_advanced.py:147] - Connecting to Unreal at 127.0.0.1:55557 (attempt 4/4)...
2026-03-15 04:30:47,315 - UnrealMCP_Advanced - WARNING - [unreal_mcp_server_advanced.py:162] - Connection refused - is Unreal Engine running? (attempt 4)
2026-03-15 04:30:47,315 - UnrealMCP_Advanced - ERROR - [unreal_mcp_server_advanced.py:179] - Failed to connect after 4 attempts. Last error: Connection refused: [WinError 10061] 由于目标计算机积极拒绝，无法连接。
2026-03-15 04:30:47,315 - UnrealMCP_Advanced - WARNING - [unreal_mcp_server_advanced.py:314] - Command failed (attempt 4/4): Failed to connect to Unreal Engine: Connection refused: [WinError 10061] 由于目标计算机积极拒绝，无法连接。
2026-03-15 04:30:47,315 - UnrealMCP_Advanced - DEBUG - [unreal_mcp_server_advanced.py:200] - Disconnected from Unreal Engine
2026-03-15 04:30:47,316 - mcp.server.lowlevel.server - DEBUG - [server.py:790] - Response sent
2026-03-15 04:33:05,636 - mcp.server.lowlevel.server - DEBUG - [server.py:675] - Received message: <mcp.shared.session.RequestResponder object at 0x0000016C9FAAA450>
2026-03-15 04:33:05,636 - mcp.server.lowlevel.server - INFO - [server.py:720] - Processing request of type CallToolRequest
2026-03-15 04:33:05,636 - mcp.server.lowlevel.server - DEBUG - [server.py:723] - Dispatching request of type CallToolRequest
2026-03-15 04:33:05,636 - UnrealMCP_Advanced - INFO - [unreal_mcp_server_advanced.py:679] - Reading Blueprint content for: /Game/Blueprints/BP_FPSPlayer
2026-03-15 04:33:05,636 - UnrealMCP_Advanced - INFO - [unreal_mcp_server_advanced.py:147] - Connecting to Unreal at 127.0.0.1:55557 (attempt 1/4)...
2026-03-15 04:33:07,658 - UnrealMCP_Advanced - WARNING - [unreal_mcp_server_advanced.py:162] - Connection refused - is Unreal Engine running? (attempt 1)
2026-03-15 04:33:07,658 - UnrealMCP_Advanced - INFO - [unreal_mcp_server_advanced.py:176] - Retrying connection in 0.5s...
2026-03-15 04:33:08,159 - UnrealMCP_Advanced - INFO - [unreal_mcp_server_advanced.py:147] - Connecting to Unreal at 127.0.0.1:55557 (attempt 2/4)...
2026-03-15 04:33:10,197 - UnrealMCP_Advanced - WARNING - [unreal_mcp_server_advanced.py:162] - Connection refused - is Unreal Engine running? (attempt 2)
2026-03-15 04:33:10,197 - UnrealMCP_Advanced - INFO - [unreal_mcp_server_advanced.py:176] - Retrying connection in 1.0s...
2026-03-15 04:33:11,197 - UnrealMCP_Advanced - INFO - [unreal_mcp_server_advanced.py:147] - Connecting to Unreal at 127.0.0.1:55557 (attempt 3/4)...
2026-03-15 04:33:13,219 - UnrealMCP_Advanced - WARNING - [unreal_mcp_server_advanced.py:162] - Connection refused - is Unreal Engine running? (attempt 3)
2026-03-15 04:33:13,220 - UnrealMCP_Advanced - INFO - [unreal_mcp_server_advanced.py:176] - Retrying connection in 2.0s...
2026-03-15 04:33:15,220 - UnrealMCP_Advanced - INFO - [unreal_mcp_server_advanced.py:147] - Connecting to Unreal at 127.0.0.1:55557 (attempt 4/4)...
2026-03-15 04:33:17,250 - UnrealMCP_Advanced - WARNING - [unreal_mcp_server_advanced.py:162] - Connection refused - is Unreal Engine running? (attempt 4)
2026-03-15 04:33:17,250 - UnrealMCP_Advanced - ERROR - [unreal_mcp_server_advanced.py:179] - Failed to connect after 4 attempts. Last error: Connection refused: [WinError 10061] 由于目标计算机积极拒绝，无法连接。
2026-03-15 04:33:17,251 - UnrealMCP_Advanced - WARNING - [unreal_mcp_server_advanced.py:314] - Command failed (attempt 1/4): Failed to connect to Unreal Engine: Connection refused: [WinError 10061] 由于目标计算机积极拒绝，无法连接。
2026-03-15 04:33:17,251 - UnrealMCP_Advanced - DEBUG - [unreal_mcp_server_advanced.py:200] - Disconnected from Unreal Engine
2026-03-15 04:33:17,251 - UnrealMCP_Advanced - INFO - [unreal_mcp_server_advanced.py:321] - Retrying command in 0.5s...
2026-03-15 04:33:17,751 - UnrealMCP_Advanced - INFO - [unreal_mcp_server_advanced.py:147] - Connecting to Unreal at 127.0.0.1:55557 (attempt 1/4)...
2026-03-15 04:33:19,793 - UnrealMCP_Advanced - WARNING - [unreal_mcp_server_advanced.py:162] - Connection refused - is Unreal Engine running? (attempt 1)
2026-03-15 04:33:19,793 - UnrealMCP_Advanced - INFO - [unreal_mcp_server_advanced.py:176] - Retrying connection in 0.5s...
2026-03-15 04:33:20,293 - UnrealMCP_Advanced - INFO - [unreal_mcp_server_advanced.py:147] - Connecting to Unreal at 127.0.0.1:55557 (attempt 2/4)...
2026-03-15 04:33:22,320 - UnrealMCP_Advanced - WARNING - [unreal_mcp_server_advanced.py:162] - Connection refused - is Unreal Engine running? (attempt 2)
2026-03-15 04:33:22,320 - UnrealMCP_Advanced - INFO - [unreal_mcp_server_advanced.py:176] - Retrying connection in 1.0s...
2026-03-15 04:33:23,321 - UnrealMCP_Advanced - INFO - [unreal_mcp_server_advanced.py:147] - Connecting to Unreal at 127.0.0.1:55557 (attempt 3/4)...
2026-03-15 04:33:25,345 - UnrealMCP_Advanced - WARNING - [unreal_mcp_server_advanced.py:162] - Connection refused - is Unreal Engine running? (attempt 3)
2026-03-15 04:33:25,345 - UnrealMCP_Advanced - INFO - [unreal_mcp_server_advanced.py:176] - Retrying connection in 2.0s...
2026-03-15 04:33:27,345 - UnrealMCP_Advanced - INFO - [unreal_mcp_server_advanced.py:147] - Connecting to Unreal at 127.0.0.1:55557 (attempt 4/4)...
2026-03-15 04:33:29,363 - UnrealMCP_Advanced - WARNING - [unreal_mcp_server_advanced.py:162] - Connection refused - is Unreal Engine running? (attempt 4)
2026-03-15 04:33:29,363 - UnrealMCP_Advanced - ERROR - [unreal_mcp_server_advanced.py:179] - Failed to connect after 4 attempts. Last error: Connection refused: [WinError 10061] 由于目标计算机积极拒绝，无法连接。
2026-03-15 04:33:29,363 - UnrealMCP_Advanced - WARNING - [unreal_mcp_server_advanced.py:314] - Command failed (attempt 2/4): Failed to connect to Unreal Engine: Connection refused: [WinError 10061] 由于目标计算机积极拒绝，无法连接。
2026-03-15 04:33:29,363 - UnrealMCP_Advanced - DEBUG - [unreal_mcp_server_advanced.py:200] - Disconnected from Unreal Engine
2026-03-15 04:33:29,363 - UnrealMCP_Advanced - INFO - [unreal_mcp_server_advanced.py:321] - Retrying command in 1.0s...
2026-03-15 04:33:30,364 - UnrealMCP_Advanced - INFO - [unreal_mcp_server_advanced.py:147] - Connecting to Unreal at 127.0.0.1:55557 (attempt 1/4)...
2026-03-15 04:33:32,384 - UnrealMCP_Advanced - WARNING - [unreal_mcp_server_advanced.py:162] - Connection refused - is Unreal Engine running? (attempt 1)
2026-03-15 04:33:32,384 - UnrealMCP_Advanced - INFO - [unreal_mcp_server_advanced.py:176] - Retrying connection in 0.5s...
2026-03-15 04:33:32,885 - UnrealMCP_Advanced - INFO - [unreal_mcp_server_advanced.py:147] - Connecting to Unreal at 127.0.0.1:55557 (attempt 2/4)...
2026-03-15 04:33:34,923 - UnrealMCP_Advanced - WARNING - [unreal_mcp_server_advanced.py:162] - Connection refused - is Unreal Engine running? (attempt 2)
2026-03-15 04:33:34,923 - UnrealMCP_Advanced - INFO - [unreal_mcp_server_advanced.py:176] - Retrying connection in 1.0s...
2026-03-15 04:33:35,923 - UnrealMCP_Advanced - INFO - [unreal_mcp_server_advanced.py:147] - Connecting to Unreal at 127.0.0.1:55557 (attempt 3/4)...
2026-03-15 04:33:37,940 - UnrealMCP_Advanced - WARNING - [unreal_mcp_server_advanced.py:162] - Connection refused - is Unreal Engine running? (attempt 3)
2026-03-15 04:33:37,940 - UnrealMCP_Advanced - INFO - [unreal_mcp_server_advanced.py:176] - Retrying connection in 2.0s...
2026-03-15 04:33:39,940 - UnrealMCP_Advanced - INFO - [unreal_mcp_server_advanced.py:147] - Connecting to Unreal at 127.0.0.1:55557 (attempt 4/4)...
2026-03-15 04:33:41,987 - UnrealMCP_Advanced - WARNING - [unreal_mcp_server_advanced.py:162] - Connection refused - is Unreal Engine running? (attempt 4)
2026-03-15 04:33:41,987 - UnrealMCP_Advanced - ERROR - [unreal_mcp_server_advanced.py:179] - Failed to connect after 4 attempts. Last error: Connection refused: [WinError 10061] 由于目标计算机积极拒绝，无法连接。
2026-03-15 04:33:41,987 - UnrealMCP_Advanced - WARNING - [unreal_mcp_server_advanced.py:314] - Command failed (attempt 3/4): Failed to connect to Unreal Engine: Connection refused: [WinError 10061] 由于目标计算机积极拒绝，无法连接。
2026-03-15 04:33:41,987 - UnrealMCP_Advanced - DEBUG - [unreal_mcp_server_advanced.py:200] - Disconnected from Unreal Engine
2026-03-15 04:33:41,987 - UnrealMCP_Advanced - INFO - [unreal_mcp_server_advanced.py:321] - Retrying command in 2.0s...
2026-03-15 04:33:43,987 - UnrealMCP_Advanced - INFO - [unreal_mcp_server_advanced.py:147] - Connecting to Unreal at 127.0.0.1:55557 (attempt 1/4)...
2026-03-15 04:33:46,026 - UnrealMCP_Advanced - WARNING - [unreal_mcp_server_advanced.py:162] - Connection refused - is Unreal Engine running? (attempt 1)
2026-03-15 04:33:46,026 - UnrealMCP_Advanced - INFO - [unreal_mcp_server_advanced.py:176] - Retrying connection in 0.5s...
2026-03-15 04:33:46,527 - UnrealMCP_Advanced - INFO - [unreal_mcp_server_advanced.py:147] - Connecting to Unreal at 127.0.0.1:55557 (attempt 2/4)...
2026-03-15 04:33:48,562 - UnrealMCP_Advanced - WARNING - [unreal_mcp_server_advanced.py:162] - Connection refused - is Unreal Engine running? (attempt 2)
2026-03-15 04:33:48,562 - UnrealMCP_Advanced - INFO - [unreal_mcp_server_advanced.py:176] - Retrying connection in 1.0s...
2026-03-15 04:33:49,563 - UnrealMCP_Advanced - INFO - [unreal_mcp_server_advanced.py:147] - Connecting to Unreal at 127.0.0.1:55557 (attempt 3/4)...
2026-03-15 04:33:51,603 - UnrealMCP_Advanced - WARNING - [unreal_mcp_server_advanced.py:162] - Connection refused - is Unreal Engine running? (attempt 3)
2026-03-15 04:33:51,604 - UnrealMCP_Advanced - INFO - [unreal_mcp_server_advanced.py:176] - Retrying connection in 2.0s...
2026-03-15 04:33:53,604 - UnrealMCP_Advanced - INFO - [unreal_mcp_server_advanced.py:147] - Connecting to Unreal at 127.0.0.1:55557 (attempt 4/4)...
2026-03-15 04:33:55,638 - UnrealMCP_Advanced - WARNING - [unreal_mcp_server_advanced.py:162] - Connection refused - is Unreal Engine running? (attempt 4)
2026-03-15 04:33:55,638 - UnrealMCP_Advanced - ERROR - [unreal_mcp_server_advanced.py:179] - Failed to connect after 4 attempts. Last error: Connection refused: [WinError 10061] 由于目标计算机积极拒绝，无法连接。
2026-03-15 04:33:55,638 - UnrealMCP_Advanced - WARNING - [unreal_mcp_server_advanced.py:314] - Command failed (attempt 4/4): Failed to connect to Unreal Engine: Connection refused: [WinError 10061] 由于目标计算机积极拒绝，无法连接。
2026-03-15 04:33:55,638 - UnrealMCP_Advanced - DEBUG - [unreal_mcp_server_advanced.py:200] - Disconnected from Unreal Engine
2026-03-15 04:33:55,639 - mcp.server.lowlevel.server - DEBUG - [server.py:790] - Response sent
2026-03-15 04:36:25,488 - mcp.server.lowlevel.server - DEBUG - [server.py:162] - Initializing server 'UnrealMCP_Advanced'
2026-03-15 04:36:25,488 - mcp.server.lowlevel.server - DEBUG - [server.py:439] - Registering handler for ListToolsRequest
2026-03-15 04:36:25,488 - mcp.server.lowlevel.server - DEBUG - [server.py:519] - Registering handler for CallToolRequest
2026-03-15 04:36:25,488 - mcp.server.lowlevel.server - DEBUG - [server.py:301] - Registering handler for ListResourcesRequest
2026-03-15 04:36:25,489 - mcp.server.lowlevel.server - DEBUG - [server.py:336] - Registering handler for ReadResourceRequest
2026-03-15 04:36:25,489 - mcp.server.lowlevel.server - DEBUG - [server.py:263] - Registering handler for PromptListRequest
2026-03-15 04:36:25,489 - mcp.server.lowlevel.server - DEBUG - [server.py:285] - Registering handler for GetPromptRequest
2026-03-15 04:36:25,489 - mcp.server.lowlevel.server - DEBUG - [server.py:321] - Registering handler for ListResourceTemplatesRequest
2026-03-15 04:36:25,561 - UnrealMCP_Advanced - INFO - [unreal_mcp_server_advanced.py:2795] - Starting Advanced MCP server with stdio transport
2026-03-15 04:36:25,564 - asyncio - DEBUG - [proactor_events.py:631] - Using proactor: IocpProactor
2026-03-15 04:36:25,568 - UnrealMCP_Advanced - INFO - [unreal_mcp_server_advanced.py:434] - UnrealMCP Advanced server starting up
2026-03-15 04:36:25,568 - UnrealMCP_Advanced - INFO - [unreal_mcp_server_advanced.py:435] - Connection will be established lazily on first tool call
2026-03-15 04:36:25,573 - mcp.server.lowlevel.server - DEBUG - [server.py:675] - Received message: root=InitializedNotification(method='notifications/initialized', params=None, jsonrpc='2.0')
2026-03-15 04:36:25,574 - mcp.server.lowlevel.server - DEBUG - [server.py:675] - Received message: <mcp.shared.session.RequestResponder object at 0x0000024B184D6D50>
2026-03-15 04:36:25,575 - mcp.server.lowlevel.server - INFO - [server.py:720] - Processing request of type ListToolsRequest
2026-03-15 04:36:25,575 - mcp.server.lowlevel.server - DEBUG - [server.py:723] - Dispatching request of type ListToolsRequest
2026-03-15 04:36:25,576 - mcp.server.lowlevel.server - DEBUG - [server.py:790] - Response sent
2026-03-15 04:36:25,577 - mcp.server.lowlevel.server - DEBUG - [server.py:675] - Received message: <mcp.shared.session.RequestResponder object at 0x0000024B184D6AD0>
2026-03-15 04:36:25,578 - mcp.server.lowlevel.server - INFO - [server.py:720] - Processing request of type ListPromptsRequest
2026-03-15 04:36:25,578 - mcp.server.lowlevel.server - DEBUG - [server.py:723] - Dispatching request of type ListPromptsRequest
2026-03-15 04:36:25,579 - mcp.server.lowlevel.server - DEBUG - [server.py:675] - Received message: <mcp.shared.session.RequestResponder object at 0x0000024B184AD6E0>
2026-03-15 04:36:25,579 - mcp.server.lowlevel.server - INFO - [server.py:720] - Processing request of type ListResourcesRequest
2026-03-15 04:36:25,579 - mcp.server.lowlevel.server - DEBUG - [server.py:723] - Dispatching request of type ListResourcesRequest
2026-03-15 04:36:25,579 - mcp.server.fastmcp.resources.resource_manager - DEBUG - [resource_manager.py:109] - Listing resources
2026-03-15 04:36:25,580 - mcp.server.lowlevel.server - DEBUG - [server.py:790] - Response sent
2026-03-15 04:36:25,580 - mcp.server.lowlevel.server - DEBUG - [server.py:790] - Response sent
2026-03-15 04:36:40,733 - mcp.server.lowlevel.server - DEBUG - [server.py:675] - Received message: <mcp.shared.session.RequestResponder object at 0x0000024B184AD0F0>
2026-03-15 04:36:40,734 - mcp.server.lowlevel.server - INFO - [server.py:720] - Processing request of type CallToolRequest
2026-03-15 04:36:40,734 - mcp.server.lowlevel.server - DEBUG - [server.py:723] - Dispatching request of type CallToolRequest
2026-03-15 04:36:40,734 - UnrealMCP_Advanced - INFO - [unreal_mcp_server_advanced.py:416] - Creating new UnrealConnection instance
2026-03-15 04:36:40,734 - UnrealMCP_Advanced - INFO - [unreal_mcp_server_advanced.py:679] - Reading Blueprint content for: /Game/Blueprints/BP_FPSPlayer
2026-03-15 04:36:40,734 - UnrealMCP_Advanced - INFO - [unreal_mcp_server_advanced.py:147] - Connecting to Unreal at 127.0.0.1:55557 (attempt 1/4)...
2026-03-15 04:36:42,778 - UnrealMCP_Advanced - WARNING - [unreal_mcp_server_advanced.py:162] - Connection refused - is Unreal Engine running? (attempt 1)
2026-03-15 04:36:42,778 - UnrealMCP_Advanced - INFO - [unreal_mcp_server_advanced.py:176] - Retrying connection in 0.5s...
2026-03-15 04:36:43,279 - UnrealMCP_Advanced - INFO - [unreal_mcp_server_advanced.py:147] - Connecting to Unreal at 127.0.0.1:55557 (attempt 2/4)...
2026-03-15 04:36:45,324 - UnrealMCP_Advanced - WARNING - [unreal_mcp_server_advanced.py:162] - Connection refused - is Unreal Engine running? (attempt 2)
2026-03-15 04:36:45,324 - UnrealMCP_Advanced - INFO - [unreal_mcp_server_advanced.py:176] - Retrying connection in 1.0s...
2026-03-15 04:36:46,324 - UnrealMCP_Advanced - INFO - [unreal_mcp_server_advanced.py:147] - Connecting to Unreal at 127.0.0.1:55557 (attempt 3/4)...
2026-03-15 04:36:48,362 - UnrealMCP_Advanced - WARNING - [unreal_mcp_server_advanced.py:162] - Connection refused - is Unreal Engine running? (attempt 3)
2026-03-15 04:36:48,362 - UnrealMCP_Advanced - INFO - [unreal_mcp_server_advanced.py:176] - Retrying connection in 2.0s...
2026-03-15 04:36:50,363 - UnrealMCP_Advanced - INFO - [unreal_mcp_server_advanced.py:147] - Connecting to Unreal at 127.0.0.1:55557 (attempt 4/4)...
2026-03-15 04:36:52,393 - UnrealMCP_Advanced - WARNING - [unreal_mcp_server_advanced.py:162] - Connection refused - is Unreal Engine running? (attempt 4)
2026-03-15 04:36:52,393 - UnrealMCP_Advanced - ERROR - [unreal_mcp_server_advanced.py:179] - Failed to connect after 4 attempts. Last error: Connection refused: [WinError 10061] 由于目标计算机积极拒绝，无法连接。
2026-03-15 04:36:52,393 - UnrealMCP_Advanced - WARNING - [unreal_mcp_server_advanced.py:314] - Command failed (attempt 1/4): Failed to connect to Unreal Engine: Connection refused: [WinError 10061] 由于目标计算机积极拒绝，无法连接。
2026-03-15 04:36:52,393 - UnrealMCP_Advanced - DEBUG - [unreal_mcp_server_advanced.py:200] - Disconnected from Unreal Engine
2026-03-15 04:36:52,393 - UnrealMCP_Advanced - INFO - [unreal_mcp_server_advanced.py:321] - Retrying command in 0.5s...
2026-03-15 04:36:52,894 - UnrealMCP_Advanced - INFO - [unreal_mcp_server_advanced.py:147] - Connecting to Unreal at 127.0.0.1:55557 (attempt 1/4)...
2026-03-15 04:36:54,919 - UnrealMCP_Advanced - WARNING - [unreal_mcp_server_advanced.py:162] - Connection refused - is Unreal Engine running? (attempt 1)
2026-03-15 04:36:54,920 - UnrealMCP_Advanced - INFO - [unreal_mcp_server_advanced.py:176] - Retrying connection in 0.5s...
2026-03-15 04:36:55,420 - UnrealMCP_Advanced - INFO - [unreal_mcp_server_advanced.py:147] - Connecting to Unreal at 127.0.0.1:55557 (attempt 2/4)...
2026-03-15 04:36:57,450 - UnrealMCP_Advanced - WARNING - [unreal_mcp_server_advanced.py:162] - Connection refused - is Unreal Engine running? (attempt 2)
2026-03-15 04:36:57,451 - UnrealMCP_Advanced - INFO - [unreal_mcp_server_advanced.py:176] - Retrying connection in 1.0s...
2026-03-15 04:36:58,451 - UnrealMCP_Advanced - INFO - [unreal_mcp_server_advanced.py:147] - Connecting to Unreal at 127.0.0.1:55557 (attempt 3/4)...
2026-03-15 04:37:00,480 - UnrealMCP_Advanced - WARNING - [unreal_mcp_server_advanced.py:162] - Connection refused - is Unreal Engine running? (attempt 3)
2026-03-15 04:37:00,480 - UnrealMCP_Advanced - INFO - [unreal_mcp_server_advanced.py:176] - Retrying connection in 2.0s...
2026-03-15 04:37:02,481 - UnrealMCP_Advanced - INFO - [unreal_mcp_server_advanced.py:147] - Connecting to Unreal at 127.0.0.1:55557 (attempt 4/4)...
2026-03-15 04:37:04,500 - UnrealMCP_Advanced - WARNING - [unreal_mcp_server_advanced.py:162] - Connection refused - is Unreal Engine running? (attempt 4)
2026-03-15 04:37:04,500 - UnrealMCP_Advanced - ERROR - [unreal_mcp_server_advanced.py:179] - Failed to connect after 4 attempts. Last error: Connection refused: [WinError 10061] 由于目标计算机积极拒绝，无法连接。
2026-03-15 04:37:04,500 - UnrealMCP_Advanced - WARNING - [unreal_mcp_server_advanced.py:314] - Command failed (attempt 2/4): Failed to connect to Unreal Engine: Connection refused: [WinError 10061] 由于目标计算机积极拒绝，无法连接。
2026-03-15 04:37:04,500 - UnrealMCP_Advanced - DEBUG - [unreal_mcp_server_advanced.py:200] - Disconnected from Unreal Engine
2026-03-15 04:37:04,500 - UnrealMCP_Advanced - INFO - [unreal_mcp_server_advanced.py:321] - Retrying command in 1.0s...
2026-03-15 04:37:05,501 - UnrealMCP_Advanced - INFO - [unreal_mcp_server_advanced.py:147] - Connecting to Unreal at 127.0.0.1:55557 (attempt 1/4)...
2026-03-15 04:37:07,545 - UnrealMCP_Advanced - WARNING - [unreal_mcp_server_advanced.py:162] - Connection refused - is Unreal Engine running? (attempt 1)
2026-03-15 04:37:07,545 - UnrealMCP_Advanced - INFO - [unreal_mcp_server_advanced.py:176] - Retrying connection in 0.5s...
2026-03-15 04:37:08,046 - UnrealMCP_Advanced - INFO - [unreal_mcp_server_advanced.py:147] - Connecting to Unreal at 127.0.0.1:55557 (attempt 2/4)...
2026-03-15 04:37:10,077 - UnrealMCP_Advanced - WARNING - [unreal_mcp_server_advanced.py:162] - Connection refused - is Unreal Engine running? (attempt 2)
2026-03-15 04:37:10,077 - UnrealMCP_Advanced - INFO - [unreal_mcp_server_advanced.py:176] - Retrying connection in 1.0s...
2026-03-15 04:37:11,078 - UnrealMCP_Advanced - INFO - [unreal_mcp_server_advanced.py:147] - Connecting to Unreal at 127.0.0.1:55557 (attempt 3/4)...
2026-03-15 04:37:13,112 - UnrealMCP_Advanced - WARNING - [unreal_mcp_server_advanced.py:162] - Connection refused - is Unreal Engine running? (attempt 3)
2026-03-15 04:37:13,113 - UnrealMCP_Advanced - INFO - [unreal_mcp_server_advanced.py:176] - Retrying connection in 2.0s...
2026-03-15 04:37:15,113 - UnrealMCP_Advanced - INFO - [unreal_mcp_server_advanced.py:147] - Connecting to Unreal at 127.0.0.1:55557 (attempt 4/4)...
2026-03-15 04:37:17,140 - UnrealMCP_Advanced - WARNING - [unreal_mcp_server_advanced.py:162] - Connection refused - is Unreal Engine running? (attempt 4)
2026-03-15 04:37:17,140 - UnrealMCP_Advanced - ERROR - [unreal_mcp_server_advanced.py:179] - Failed to connect after 4 attempts. Last error: Connection refused: [WinError 10061] 由于目标计算机积极拒绝，无法连接。
2026-03-15 04:37:17,140 - UnrealMCP_Advanced - WARNING - [unreal_mcp_server_advanced.py:314] - Command failed (attempt 3/4): Failed to connect to Unreal Engine: Connection refused: [WinError 10061] 由于目标计算机积极拒绝，无法连接。
2026-03-15 04:37:17,140 - UnrealMCP_Advanced - DEBUG - [unreal_mcp_server_advanced.py:200] - Disconnected from Unreal Engine
2026-03-15 04:37:17,140 - UnrealMCP_Advanced - INFO - [unreal_mcp_server_advanced.py:321] - Retrying command in 2.0s...
2026-03-15 04:37:19,141 - UnrealMCP_Advanced - INFO - [unreal_mcp_server_advanced.py:147] - Connecting to Unreal at 127.0.0.1:55557 (attempt 1/4)...
2026-03-15 04:37:21,170 - UnrealMCP_Advanced - WARNING - [unreal_mcp_server_advanced.py:162] - Connection refused - is Unreal Engine running? (attempt 1)
2026-03-15 04:37:21,170 - UnrealMCP_Advanced - INFO - [unreal_mcp_server_advanced.py:176] - Retrying connection in 0.5s...
2026-03-15 04:37:21,671 - UnrealMCP_Advanced - INFO - [unreal_mcp_server_advanced.py:147] - Connecting to Unreal at 127.0.0.1:55557 (attempt 2/4)...
2026-03-15 04:37:23,710 - UnrealMCP_Advanced - WARNING - [unreal_mcp_server_advanced.py:162] - Connection refused - is Unreal Engine running? (attempt 2)
2026-03-15 04:37:23,710 - UnrealMCP_Advanced - INFO - [unreal_mcp_server_advanced.py:176] - Retrying connection in 1.0s...
2026-03-15 04:37:24,710 - UnrealMCP_Advanced - INFO - [unreal_mcp_server_advanced.py:147] - Connecting to Unreal at 127.0.0.1:55557 (attempt 3/4)...
2026-03-15 04:37:26,746 - UnrealMCP_Advanced - WARNING - [unreal_mcp_server_advanced.py:162] - Connection refused - is Unreal Engine running? (attempt 3)
2026-03-15 04:37:26,746 - UnrealMCP_Advanced - INFO - [unreal_mcp_server_advanced.py:176] - Retrying connection in 2.0s...
2026-03-15 04:37:28,747 - UnrealMCP_Advanced - INFO - [unreal_mcp_server_advanced.py:147] - Connecting to Unreal at 127.0.0.1:55557 (attempt 4/4)...
2026-03-15 04:37:30,784 - UnrealMCP_Advanced - WARNING - [unreal_mcp_server_advanced.py:162] - Connection refused - is Unreal Engine running? (attempt 4)
2026-03-15 04:37:30,784 - UnrealMCP_Advanced - ERROR - [unreal_mcp_server_advanced.py:179] - Failed to connect after 4 attempts. Last error: Connection refused: [WinError 10061] 由于目标计算机积极拒绝，无法连接。
2026-03-15 04:37:30,784 - UnrealMCP_Advanced - WARNING - [unreal_mcp_server_advanced.py:314] - Command failed (attempt 4/4): Failed to connect to Unreal Engine: Connection refused: [WinError 10061] 由于目标计算机积极拒绝，无法连接。
2026-03-15 04:37:30,784 - UnrealMCP_Advanced - DEBUG - [unreal_mcp_server_advanced.py:200] - Disconnected from Unreal Engine
2026-03-15 04:37:30,787 - mcp.server.lowlevel.server - DEBUG - [server.py:790] - Response sent
2026-03-15 04:38:23,221 - mcp.server.lowlevel.server - DEBUG - [server.py:162] - Initializing server 'UnrealMCP_Advanced'
2026-03-15 04:38:23,222 - mcp.server.lowlevel.server - DEBUG - [server.py:439] - Registering handler for ListToolsRequest
2026-03-15 04:38:23,222 - mcp.server.lowlevel.server - DEBUG - [server.py:519] - Registering handler for CallToolRequest
2026-03-15 04:38:23,222 - mcp.server.lowlevel.server - DEBUG - [server.py:301] - Registering handler for ListResourcesRequest
2026-03-15 04:38:23,222 - mcp.server.lowlevel.server - DEBUG - [server.py:336] - Registering handler for ReadResourceRequest
2026-03-15 04:38:23,222 - mcp.server.lowlevel.server - DEBUG - [server.py:263] - Registering handler for PromptListRequest
2026-03-15 04:38:23,222 - mcp.server.lowlevel.server - DEBUG - [server.py:285] - Registering handler for GetPromptRequest
2026-03-15 04:38:23,222 - mcp.server.lowlevel.server - DEBUG - [server.py:321] - Registering handler for ListResourceTemplatesRequest
2026-03-15 04:38:23,281 - UnrealMCP_Advanced - INFO - [unreal_mcp_server_advanced.py:2795] - Starting Advanced MCP server with stdio transport
2026-03-15 04:38:23,284 - asyncio - DEBUG - [proactor_events.py:631] - Using proactor: IocpProactor
2026-03-15 04:38:23,286 - UnrealMCP_Advanced - INFO - [unreal_mcp_server_advanced.py:434] - UnrealMCP Advanced server starting up
2026-03-15 04:38:23,286 - UnrealMCP_Advanced - INFO - [unreal_mcp_server_advanced.py:435] - Connection will be established lazily on first tool call
2026-03-15 04:38:23,291 - mcp.server.lowlevel.server - DEBUG - [server.py:675] - Received message: root=InitializedNotification(method='notifications/initialized', params=None, jsonrpc='2.0')
2026-03-15 04:41:28,366 - mcp.server.lowlevel.server - DEBUG - [server.py:162] - Initializing server 'UnrealMCP_Advanced'
2026-03-15 04:41:28,366 - mcp.server.lowlevel.server - DEBUG - [server.py:439] - Registering handler for ListToolsRequest
2026-03-15 04:41:28,366 - mcp.server.lowlevel.server - DEBUG - [server.py:519] - Registering handler for CallToolRequest
2026-03-15 04:41:28,366 - mcp.server.lowlevel.server - DEBUG - [server.py:301] - Registering handler for ListResourcesRequest
2026-03-15 04:41:28,366 - mcp.server.lowlevel.server - DEBUG - [server.py:336] - Registering handler for ReadResourceRequest
2026-03-15 04:41:28,366 - mcp.server.lowlevel.server - DEBUG - [server.py:263] - Registering handler for PromptListRequest
2026-03-15 04:41:28,367 - mcp.server.lowlevel.server - DEBUG - [server.py:285] - Registering handler for GetPromptRequest
2026-03-15 04:41:28,367 - mcp.server.lowlevel.server - DEBUG - [server.py:321] - Registering handler for ListResourceTemplatesRequest
2026-03-15 04:41:28,447 - UnrealMCP_Advanced - INFO - [unreal_mcp_server_advanced.py:2795] - Starting Advanced MCP server with stdio transport
2026-03-15 04:41:28,450 - asyncio - DEBUG - [proactor_events.py:631] - Using proactor: IocpProactor
2026-03-15 04:41:28,452 - UnrealMCP_Advanced - INFO - [unreal_mcp_server_advanced.py:434] - UnrealMCP Advanced server starting up
2026-03-15 04:41:28,453 - UnrealMCP_Advanced - INFO - [unreal_mcp_server_advanced.py:435] - Connection will be established lazily on first tool call
2026-03-15 04:41:28,456 - mcp.server.lowlevel.server - DEBUG - [server.py:675] - Received message: root=InitializedNotification(method='notifications/initialized', params=None, jsonrpc='2.0')
2026-03-15 04:41:28,456 - mcp.server.lowlevel.server - DEBUG - [server.py:675] - Received message: <mcp.shared.session.RequestResponder object at 0x000001FD0E366D50>
2026-03-15 04:41:28,457 - mcp.server.lowlevel.server - INFO - [server.py:720] - Processing request of type ListToolsRequest
2026-03-15 04:41:28,457 - mcp.server.lowlevel.server - DEBUG - [server.py:723] - Dispatching request of type ListToolsRequest
2026-03-15 04:41:28,459 - mcp.server.lowlevel.server - DEBUG - [server.py:790] - Response sent
2026-03-15 04:41:28,460 - mcp.server.lowlevel.server - DEBUG - [server.py:675] - Received message: <mcp.shared.session.RequestResponder object at 0x000001FD0E366AD0>
2026-03-15 04:41:28,460 - mcp.server.lowlevel.server - INFO - [server.py:720] - Processing request of type ListPromptsRequest
2026-03-15 04:41:28,460 - mcp.server.lowlevel.server - DEBUG - [server.py:723] - Dispatching request of type ListPromptsRequest
2026-03-15 04:41:28,461 - mcp.server.lowlevel.server - DEBUG - [server.py:675] - Received message: <mcp.shared.session.RequestResponder object at 0x000001FD0E33D6E0>
2026-03-15 04:41:28,461 - mcp.server.lowlevel.server - INFO - [server.py:720] - Processing request of type ListResourcesRequest
2026-03-15 04:41:28,461 - mcp.server.lowlevel.server - DEBUG - [server.py:723] - Dispatching request of type ListResourcesRequest
2026-03-15 04:41:28,461 - mcp.server.fastmcp.resources.resource_manager - DEBUG - [resource_manager.py:109] - Listing resources
2026-03-15 04:41:28,462 - mcp.server.lowlevel.server - DEBUG - [server.py:790] - Response sent
2026-03-15 04:41:28,462 - mcp.server.lowlevel.server - DEBUG - [server.py:790] - Response sent
2026-03-15 04:41:41,271 - mcp.server.lowlevel.server - DEBUG - [server.py:675] - Received message: <mcp.shared.session.RequestResponder object at 0x000001FD0E33D0F0>
2026-03-15 04:41:41,271 - mcp.server.lowlevel.server - INFO - [server.py:720] - Processing request of type CallToolRequest
2026-03-15 04:41:41,271 - mcp.server.lowlevel.server - DEBUG - [server.py:723] - Dispatching request of type CallToolRequest
2026-03-15 04:41:41,272 - UnrealMCP_Advanced - INFO - [unreal_mcp_server_advanced.py:416] - Creating new UnrealConnection instance
2026-03-15 04:41:41,272 - UnrealMCP_Advanced - INFO - [unreal_mcp_server_advanced.py:679] - Reading Blueprint content for: /Game/Blueprints/BP_FPSPlayer
2026-03-15 04:41:41,272 - UnrealMCP_Advanced - INFO - [unreal_mcp_server_advanced.py:147] - Connecting to Unreal at 127.0.0.1:55558 (attempt 1/4)...
2026-03-15 04:41:41,272 - UnrealMCP_Advanced - INFO - [unreal_mcp_server_advanced.py:154] - Successfully connected to Unreal Engine
2026-03-15 04:41:41,272 - UnrealMCP_Advanced - INFO - [unreal_mcp_server_advanced.py:362] - Sending command (attempt 1): read_blueprint_content
2026-03-15 04:41:41,272 - UnrealMCP_Advanced - DEBUG - [unreal_mcp_server_advanced.py:363] - Command payload: {"type": "read_blueprint_content", "params": {"blueprint_path": "/Game/Blueprints/BP_FPSPlayer", "include_event_graph": true, "include_functions": true, "include_variables": true, "include_components": true, "include_interfaces": true}}...
2026-03-15 04:41:41,776 - UnrealMCP_Advanced - WARNING - [unreal_mcp_server_advanced.py:314] - Command failed (attempt 1/4): [WinError 10054] 远程主机强迫关闭了一个现有的连接。
2026-03-15 04:41:41,778 - UnrealMCP_Advanced - DEBUG - [unreal_mcp_server_advanced.py:200] - Disconnected from Unreal Engine
2026-03-15 04:41:41,779 - UnrealMCP_Advanced - INFO - [unreal_mcp_server_advanced.py:321] - Retrying command in 0.5s...
2026-03-15 04:41:42,279 - UnrealMCP_Advanced - INFO - [unreal_mcp_server_advanced.py:147] - Connecting to Unreal at 127.0.0.1:55558 (attempt 1/4)...
2026-03-15 04:41:42,279 - UnrealMCP_Advanced - INFO - [unreal_mcp_server_advanced.py:154] - Successfully connected to Unreal Engine
2026-03-15 04:41:42,279 - UnrealMCP_Advanced - INFO - [unreal_mcp_server_advanced.py:362] - Sending command (attempt 2): read_blueprint_content
2026-03-15 04:41:42,279 - UnrealMCP_Advanced - DEBUG - [unreal_mcp_server_advanced.py:363] - Command payload: {"type": "read_blueprint_content", "params": {"blueprint_path": "/Game/Blueprints/BP_FPSPlayer", "include_event_graph": true, "include_functions": true, "include_variables": true, "include_components": true, "include_interfaces": true}}...
2026-03-15 04:41:42,780 - UnrealMCP_Advanced - WARNING - [unreal_mcp_server_advanced.py:314] - Command failed (attempt 2/4): [WinError 10054] 远程主机强迫关闭了一个现有的连接。
2026-03-15 04:41:42,780 - UnrealMCP_Advanced - DEBUG - [unreal_mcp_server_advanced.py:200] - Disconnected from Unreal Engine
2026-03-15 04:41:42,780 - UnrealMCP_Advanced - INFO - [unreal_mcp_server_advanced.py:321] - Retrying command in 1.0s...
2026-03-15 04:41:43,781 - UnrealMCP_Advanced - INFO - [unreal_mcp_server_advanced.py:147] - Connecting to Unreal at 127.0.0.1:55558 (attempt 1/4)...
2026-03-15 04:41:43,781 - UnrealMCP_Advanced - INFO - [unreal_mcp_server_advanced.py:154] - Successfully connected to Unreal Engine
2026-03-15 04:41:43,781 - UnrealMCP_Advanced - INFO - [unreal_mcp_server_advanced.py:362] - Sending command (attempt 3): read_blueprint_content
2026-03-15 04:41:43,782 - UnrealMCP_Advanced - DEBUG - [unreal_mcp_server_advanced.py:363] - Command payload: {"type": "read_blueprint_content", "params": {"blueprint_path": "/Game/Blueprints/BP_FPSPlayer", "include_event_graph": true, "include_functions": true, "include_variables": true, "include_components": true, "include_interfaces": true}}...
2026-03-15 04:41:44,283 - UnrealMCP_Advanced - WARNING - [unreal_mcp_server_advanced.py:314] - Command failed (attempt 3/4): [WinError 10054] 远程主机强迫关闭了一个现有的连接。
2026-03-15 04:41:44,283 - UnrealMCP_Advanced - DEBUG - [unreal_mcp_server_advanced.py:200] - Disconnected from Unreal Engine
2026-03-15 04:41:44,283 - UnrealMCP_Advanced - INFO - [unreal_mcp_server_advanced.py:321] - Retrying command in 2.0s...
2026-03-15 04:41:46,283 - UnrealMCP_Advanced - INFO - [unreal_mcp_server_advanced.py:147] - Connecting to Unreal at 127.0.0.1:55558 (attempt 1/4)...
2026-03-15 04:41:46,284 - UnrealMCP_Advanced - INFO - [unreal_mcp_server_advanced.py:154] - Successfully connected to Unreal Engine
2026-03-15 04:41:46,284 - UnrealMCP_Advanced - INFO - [unreal_mcp_server_advanced.py:362] - Sending command (attempt 4): read_blueprint_content
2026-03-15 04:41:46,284 - UnrealMCP_Advanced - DEBUG - [unreal_mcp_server_advanced.py:363] - Command payload: {"type": "read_blueprint_content", "params": {"blueprint_path": "/Game/Blueprints/BP_FPSPlayer", "include_event_graph": true, "include_functions": true, "include_variables": true, "include_components": true, "include_interfaces": true}}...
2026-03-15 04:41:46,287 - UnrealMCP_Advanced - WARNING - [unreal_mcp_server_advanced.py:314] - Command failed (attempt 4/4): [WinError 10054] 远程主机强迫关闭了一个现有的连接。
2026-03-15 04:41:46,287 - UnrealMCP_Advanced - DEBUG - [unreal_mcp_server_advanced.py:200] - Disconnected from Unreal Engine
2026-03-15 04:41:46,288 - mcp.server.lowlevel.server - DEBUG - [server.py:790] - Response sent
2026-03-15 04:43:49,418 - mcp.server.lowlevel.server - DEBUG - [server.py:162] - Initializing server 'UnrealMCP_Advanced'
2026-03-15 04:43:49,418 - mcp.server.lowlevel.server - DEBUG - [server.py:439] - Registering handler for ListToolsRequest
2026-03-15 04:43:49,418 - mcp.server.lowlevel.server - DEBUG - [server.py:519] - Registering handler for CallToolRequest
2026-03-15 04:43:49,418 - mcp.server.lowlevel.server - DEBUG - [server.py:301] - Registering handler for ListResourcesRequest
2026-03-15 04:43:49,419 - mcp.server.lowlevel.server - DEBUG - [server.py:336] - Registering handler for ReadResourceRequest
2026-03-15 04:43:49,419 - mcp.server.lowlevel.server - DEBUG - [server.py:263] - Registering handler for PromptListRequest
2026-03-15 04:43:49,419 - mcp.server.lowlevel.server - DEBUG - [server.py:285] - Registering handler for GetPromptRequest
2026-03-15 04:43:49,419 - mcp.server.lowlevel.server - DEBUG - [server.py:321] - Registering handler for ListResourceTemplatesRequest
2026-03-15 04:43:49,486 - UnrealMCP_Advanced - INFO - [unreal_mcp_server_advanced.py:2737] - Starting Advanced MCP server with stdio transport
2026-03-15 04:43:49,489 - asyncio - DEBUG - [proactor_events.py:631] - Using proactor: IocpProactor
2026-03-15 04:43:49,494 - UnrealMCP_Advanced - INFO - [unreal_mcp_server_advanced.py:376] - UnrealMCP Advanced server starting up
2026-03-15 04:43:49,494 - UnrealMCP_Advanced - INFO - [unreal_mcp_server_advanced.py:377] - Connection will be established lazily on first tool call
2026-03-15 04:43:49,498 - mcp.server.lowlevel.server - DEBUG - [server.py:675] - Received message: root=InitializedNotification(method='notifications/initialized', params=None, jsonrpc='2.0')
2026-03-15 04:43:49,499 - mcp.server.lowlevel.server - DEBUG - [server.py:675] - Received message: <mcp.shared.session.RequestResponder object at 0x000001DBF10C6D50>
2026-03-15 04:43:49,499 - mcp.server.lowlevel.server - INFO - [server.py:720] - Processing request of type ListToolsRequest
2026-03-15 04:43:49,499 - mcp.server.lowlevel.server - DEBUG - [server.py:723] - Dispatching request of type ListToolsRequest
2026-03-15 04:43:49,500 - mcp.server.lowlevel.server - DEBUG - [server.py:790] - Response sent
2026-03-15 04:43:49,501 - mcp.server.lowlevel.server - DEBUG - [server.py:675] - Received message: <mcp.shared.session.RequestResponder object at 0x000001DBF10C6AD0>
2026-03-15 04:43:49,501 - mcp.server.lowlevel.server - INFO - [server.py:720] - Processing request of type ListPromptsRequest
2026-03-15 04:43:49,501 - mcp.server.lowlevel.server - DEBUG - [server.py:723] - Dispatching request of type ListPromptsRequest
2026-03-15 04:43:49,502 - mcp.server.lowlevel.server - DEBUG - [server.py:675] - Received message: <mcp.shared.session.RequestResponder object at 0x000001DBF1065810>
2026-03-15 04:43:49,502 - mcp.server.lowlevel.server - INFO - [server.py:720] - Processing request of type ListResourcesRequest
2026-03-15 04:43:49,502 - mcp.server.lowlevel.server - DEBUG - [server.py:723] - Dispatching request of type ListResourcesRequest
2026-03-15 04:43:49,502 - mcp.server.fastmcp.resources.resource_manager - DEBUG - [resource_manager.py:109] - Listing resources
2026-03-15 04:43:49,502 - mcp.server.lowlevel.server - DEBUG - [server.py:790] - Response sent
2026-03-15 04:43:49,502 - mcp.server.lowlevel.server - DEBUG - [server.py:790] - Response sent
2026-03-15 04:44:03,457 - mcp.server.lowlevel.server - DEBUG - [server.py:675] - Received message: <mcp.shared.session.RequestResponder object at 0x000001DBF1065220>
2026-03-15 04:44:03,457 - mcp.server.lowlevel.server - INFO - [server.py:720] - Processing request of type CallToolRequest
2026-03-15 04:44:03,458 - mcp.server.lowlevel.server - DEBUG - [server.py:723] - Dispatching request of type CallToolRequest
2026-03-15 04:44:03,458 - UnrealMCP_Advanced - INFO - [unreal_mcp_server_advanced.py:358] - Creating new UnrealConnection instance
2026-03-15 04:44:03,458 - UnrealMCP_Advanced - INFO - [unreal_mcp_server_advanced.py:621] - Reading Blueprint content for: /Game/Blueprints/BP_FPSPlayer
2026-03-15 04:44:03,458 - UnrealMCP_Advanced - INFO - [unreal_mcp_server_advanced.py:147] - Connecting to Unreal at 127.0.0.1:55558 (attempt 1/4)...
2026-03-15 04:44:03,458 - UnrealMCP_Advanced - INFO - [unreal_mcp_server_advanced.py:154] - Successfully connected to Unreal Engine
2026-03-15 04:44:03,458 - UnrealMCP_Advanced - INFO - [unreal_mcp_server_advanced.py:302] - Sending command (attempt 1): read_blueprint_content
2026-03-15 04:44:03,458 - UnrealMCP_Advanced - DEBUG - [unreal_mcp_server_advanced.py:303] - Command payload: {"type": "read_blueprint_content", "params": {"blueprint_path": "/Game/Blueprints/BP_FPSPlayer", "include_event_graph": true, "include_functions": true, "include_variables": true, "include_components": true, "include_interfaces": true}}...
2026-03-15 04:44:03,514 - UnrealMCP_Advanced - INFO - [unreal_mcp_server_advanced.py:233] - Received response (138 bytes) for read_blueprint_content
2026-03-15 04:44:03,514 - UnrealMCP_Advanced - INFO - [unreal_mcp_server_advanced.py:322] - Command read_blueprint_content completed successfully
2026-03-15 04:44:03,514 - UnrealMCP_Advanced - WARNING - [unreal_mcp_server_advanced.py:327] - Unreal returned error: Unknown command type: read_blueprint_content
2026-03-15 04:44:03,517 - mcp.server.lowlevel.server - DEBUG - [server.py:790] - Response sent
2026-03-15 04:44:42,138 - mcp.server.lowlevel.server - DEBUG - [server.py:675] - Received message: <mcp.shared.session.RequestResponder object at 0x000001DBF1256450>
2026-03-15 04:44:42,138 - mcp.server.lowlevel.server - INFO - [server.py:720] - Processing request of type CallToolRequest
2026-03-15 04:44:42,138 - mcp.server.lowlevel.server - DEBUG - [server.py:723] - Dispatching request of type CallToolRequest
2026-03-15 04:44:42,138 - UnrealMCP_Advanced - INFO - [unreal_mcp_server_advanced.py:147] - Connecting to Unreal at 127.0.0.1:55558 (attempt 1/4)...
2026-03-15 04:44:42,138 - UnrealMCP_Advanced - INFO - [unreal_mcp_server_advanced.py:154] - Successfully connected to Unreal Engine
2026-03-15 04:44:42,138 - UnrealMCP_Advanced - INFO - [unreal_mcp_server_advanced.py:302] - Sending command (attempt 1): get_actors_in_level
2026-03-15 04:44:42,138 - UnrealMCP_Advanced - DEBUG - [unreal_mcp_server_advanced.py:303] - Command payload: {"type": "get_actors_in_level", "params": {}}...
2026-03-15 04:44:42,186 - UnrealMCP_Advanced - INFO - [unreal_mcp_server_advanced.py:233] - Received response (12404 bytes) for get_actors_in_level
2026-03-15 04:44:42,187 - UnrealMCP_Advanced - INFO - [unreal_mcp_server_advanced.py:322] - Command get_actors_in_level completed successfully
2026-03-15 04:44:42,189 - mcp.server.lowlevel.server - DEBUG - [server.py:790] - Response sent
2026-03-15 04:49:55,307 - mcp.server.lowlevel.server - DEBUG - [server.py:162] - Initializing server 'UnrealMCP_Advanced'
2026-03-15 04:49:55,307 - mcp.server.lowlevel.server - DEBUG - [server.py:439] - Registering handler for ListToolsRequest
2026-03-15 04:49:55,309 - mcp.server.lowlevel.server - DEBUG - [server.py:519] - Registering handler for CallToolRequest
2026-03-15 04:49:55,309 - mcp.server.lowlevel.server - DEBUG - [server.py:301] - Registering handler for ListResourcesRequest
2026-03-15 04:49:55,309 - mcp.server.lowlevel.server - DEBUG - [server.py:336] - Registering handler for ReadResourceRequest
2026-03-15 04:49:55,309 - mcp.server.lowlevel.server - DEBUG - [server.py:263] - Registering handler for PromptListRequest
2026-03-15 04:49:55,309 - mcp.server.lowlevel.server - DEBUG - [server.py:285] - Registering handler for GetPromptRequest
2026-03-15 04:49:55,309 - mcp.server.lowlevel.server - DEBUG - [server.py:321] - Registering handler for ListResourceTemplatesRequest
2026-03-15 04:49:55,378 - UnrealMCP_Advanced - INFO - [unreal_mcp_server_advanced.py:2737] - Starting Advanced MCP server with stdio transport
2026-03-15 04:49:55,382 - asyncio - DEBUG - [proactor_events.py:633] - Using proactor: IocpProactor
2026-03-15 04:49:55,385 - UnrealMCP_Advanced - INFO - [unreal_mcp_server_advanced.py:376] - UnrealMCP Advanced server starting up
2026-03-15 04:49:55,385 - UnrealMCP_Advanced - INFO - [unreal_mcp_server_advanced.py:377] - Connection will be established lazily on first tool call
2026-03-15 04:49:55,390 - mcp.server.lowlevel.server - DEBUG - [server.py:675] - Received message: root=InitializedNotification(method='notifications/initialized', params=None, jsonrpc='2.0')
2026-03-15 04:49:55,391 - mcp.server.lowlevel.server - DEBUG - [server.py:675] - Received message: <mcp.shared.session.RequestResponder object at 0x000002735256B090>
2026-03-15 04:49:55,391 - mcp.server.lowlevel.server - INFO - [server.py:720] - Processing request of type ListToolsRequest
2026-03-15 04:49:55,392 - mcp.server.lowlevel.server - DEBUG - [server.py:723] - Dispatching request of type ListToolsRequest
2026-03-15 04:49:55,392 - mcp.server.lowlevel.server - DEBUG - [server.py:790] - Response sent
2026-03-15 04:49:55,393 - mcp.server.lowlevel.server - DEBUG - [server.py:675] - Received message: <mcp.shared.session.RequestResponder object at 0x00000273524DC1D0>
2026-03-15 04:49:55,393 - mcp.server.lowlevel.server - INFO - [server.py:720] - Processing request of type ListPromptsRequest
2026-03-15 04:49:55,393 - mcp.server.lowlevel.server - DEBUG - [server.py:723] - Dispatching request of type ListPromptsRequest
2026-03-15 04:49:55,394 - mcp.server.lowlevel.server - DEBUG - [server.py:675] - Received message: <mcp.shared.session.RequestResponder object at 0x00000273526805D0>
2026-03-15 04:49:55,394 - mcp.server.lowlevel.server - INFO - [server.py:720] - Processing request of type ListResourcesRequest
2026-03-15 04:49:55,394 - mcp.server.lowlevel.server - DEBUG - [server.py:723] - Dispatching request of type ListResourcesRequest
2026-03-15 04:49:55,394 - mcp.server.fastmcp.resources.resource_manager - DEBUG - [resource_manager.py:109] - Listing resources
2026-03-15 04:49:55,394 - mcp.server.lowlevel.server - DEBUG - [server.py:790] - Response sent
2026-03-15 04:49:55,395 - mcp.server.lowlevel.server - DEBUG - [server.py:790] - Response sent
2026-03-15 04:55:55,273 - mcp.server.lowlevel.server - DEBUG - [server.py:162] - Initializing server 'UnrealMCP_Advanced'
2026-03-15 04:55:55,273 - mcp.server.lowlevel.server - DEBUG - [server.py:439] - Registering handler for ListToolsRequest
2026-03-15 04:55:55,273 - mcp.server.lowlevel.server - DEBUG - [server.py:519] - Registering handler for CallToolRequest
2026-03-15 04:55:55,273 - mcp.server.lowlevel.server - DEBUG - [server.py:301] - Registering handler for ListResourcesRequest
2026-03-15 04:55:55,273 - mcp.server.lowlevel.server - DEBUG - [server.py:336] - Registering handler for ReadResourceRequest
2026-03-15 04:55:55,273 - mcp.server.lowlevel.server - DEBUG - [server.py:263] - Registering handler for PromptListRequest
2026-03-15 04:55:55,273 - mcp.server.lowlevel.server - DEBUG - [server.py:285] - Registering handler for GetPromptRequest
2026-03-15 04:55:55,273 - mcp.server.lowlevel.server - DEBUG - [server.py:321] - Registering handler for ListResourceTemplatesRequest
2026-03-15 04:55:55,345 - UnrealMCP_Advanced - INFO - [unreal_mcp_server_advanced.py:2744] - Starting Advanced MCP server with stdio transport
2026-03-15 04:55:55,347 - asyncio - DEBUG - [proactor_events.py:633] - Using proactor: IocpProactor
2026-03-15 04:55:55,349 - UnrealMCP_Advanced - INFO - [unreal_mcp_server_advanced.py:376] - UnrealMCP Advanced server starting up
2026-03-15 04:55:55,349 - UnrealMCP_Advanced - INFO - [unreal_mcp_server_advanced.py:377] - Connection will be established lazily on first tool call
2026-03-15 04:55:55,354 - mcp.server.lowlevel.server - DEBUG - [server.py:675] - Received message: root=InitializedNotification(method='notifications/initialized', params=None, jsonrpc='2.0')
2026-03-15 04:55:55,354 - mcp.server.lowlevel.server - DEBUG - [server.py:675] - Received message: <mcp.shared.session.RequestResponder object at 0x000001A7D9253210>
2026-03-15 04:55:55,355 - mcp.server.lowlevel.server - INFO - [server.py:720] - Processing request of type ListToolsRequest
2026-03-15 04:55:55,355 - mcp.server.lowlevel.server - DEBUG - [server.py:723] - Dispatching request of type ListToolsRequest
2026-03-15 04:55:55,356 - mcp.server.lowlevel.server - DEBUG - [server.py:790] - Response sent
2026-03-15 04:55:55,356 - mcp.server.lowlevel.server - DEBUG - [server.py:675] - Received message: <mcp.shared.session.RequestResponder object at 0x000001A7D914F8D0>
2026-03-15 04:55:55,357 - mcp.server.lowlevel.server - INFO - [server.py:720] - Processing request of type ListPromptsRequest
2026-03-15 04:55:55,357 - mcp.server.lowlevel.server - DEBUG - [server.py:723] - Dispatching request of type ListPromptsRequest
2026-03-15 04:55:55,357 - mcp.server.lowlevel.server - DEBUG - [server.py:675] - Received message: <mcp.shared.session.RequestResponder object at 0x000001A7D9203450>
2026-03-15 04:55:55,357 - mcp.server.lowlevel.server - INFO - [server.py:720] - Processing request of type ListResourcesRequest
2026-03-15 04:55:55,357 - mcp.server.lowlevel.server - DEBUG - [server.py:723] - Dispatching request of type ListResourcesRequest
2026-03-15 04:55:55,357 - mcp.server.fastmcp.resources.resource_manager - DEBUG - [resource_manager.py:109] - Listing resources
2026-03-15 04:55:55,358 - mcp.server.lowlevel.server - DEBUG - [server.py:790] - Response sent
2026-03-15 04:55:55,358 - mcp.server.lowlevel.server - DEBUG - [server.py:790] - Response sent
2026-03-15 04:57:08,763 - mcp.server.lowlevel.server - DEBUG - [server.py:675] - Received message: <mcp.shared.session.RequestResponder object at 0x000001A7D922A890>
2026-03-15 04:57:08,763 - mcp.server.lowlevel.server - INFO - [server.py:720] - Processing request of type CallToolRequest
2026-03-15 04:57:08,766 - mcp.server.lowlevel.server - DEBUG - [server.py:723] - Dispatching request of type CallToolRequest
2026-03-15 04:57:08,767 - UnrealMCP_Advanced - INFO - [unreal_mcp_server_advanced.py:358] - Creating new UnrealConnection instance
2026-03-15 04:57:08,767 - UnrealMCP_Advanced - INFO - [unreal_mcp_server_advanced.py:621] - Reading Blueprint content for: /Game/FPS/Migrate/BP_ThirdPersonCharacter
2026-03-15 04:57:08,767 - UnrealMCP_Advanced - INFO - [unreal_mcp_server_advanced.py:147] - Connecting to Unreal at 127.0.0.1:55558 (attempt 1/4)...
2026-03-15 04:57:08,768 - UnrealMCP_Advanced - INFO - [unreal_mcp_server_advanced.py:154] - Successfully connected to Unreal Engine
2026-03-15 04:57:08,768 - UnrealMCP_Advanced - INFO - [unreal_mcp_server_advanced.py:302] - Sending command (attempt 1): describe_blueprint_full
2026-03-15 04:57:08,768 - UnrealMCP_Advanced - DEBUG - [unreal_mcp_server_advanced.py:303] - Command payload: {"type": "describe_blueprint_full", "params": {"include_event_graph": true, "include_functions": true, "include_variables": true, "include_components": true, "include_interfaces": true, "blueprint_name": "BP_ThirdPersonCharacter"}}...
2026-03-15 04:57:09,026 - UnrealMCP_Advanced - INFO - [unreal_mcp_server_advanced.py:233] - Received response (129128 bytes) for describe_blueprint_full
2026-03-15 04:57:09,027 - UnrealMCP_Advanced - INFO - [unreal_mcp_server_advanced.py:322] - Command describe_blueprint_full completed successfully
2026-03-15 04:57:09,027 - UnrealMCP_Advanced - INFO - [unreal_mcp_server_advanced.py:627] - Successfully read Blueprint content. Found:
2026-03-15 04:57:09,027 - UnrealMCP_Advanced - INFO - [unreal_mcp_server_advanced.py:629] -   - 29 variables
2026-03-15 04:57:09,028 - UnrealMCP_Advanced - INFO - [unreal_mcp_server_advanced.py:635] -   - 3 components
2026-03-15 04:57:09,034 - mcp.server.lowlevel.server - DEBUG - [server.py:790] - Response sent
2026-03-15 05:07:29,341 - mcp.server.lowlevel.server - DEBUG - [server.py:675] - Received message: <mcp.shared.session.RequestResponder object at 0x000001A7D9185750>
2026-03-15 05:07:29,342 - mcp.server.lowlevel.server - INFO - [server.py:720] - Processing request of type CallToolRequest
2026-03-15 05:07:29,342 - mcp.server.lowlevel.server - DEBUG - [server.py:723] - Dispatching request of type CallToolRequest
2026-03-15 05:07:29,342 - UnrealMCP_Advanced - INFO - [unreal_mcp_server_advanced.py:621] - Reading Blueprint content for: /Game/Blueprints/BP_FPSPlayer
2026-03-15 05:07:29,342 - UnrealMCP_Advanced - INFO - [unreal_mcp_server_advanced.py:147] - Connecting to Unreal at 127.0.0.1:55558 (attempt 1/4)...
2026-03-15 05:07:29,342 - UnrealMCP_Advanced - INFO - [unreal_mcp_server_advanced.py:154] - Successfully connected to Unreal Engine
2026-03-15 05:07:29,342 - UnrealMCP_Advanced - INFO - [unreal_mcp_server_advanced.py:302] - Sending command (attempt 1): describe_blueprint_full
2026-03-15 05:07:29,342 - UnrealMCP_Advanced - DEBUG - [unreal_mcp_server_advanced.py:303] - Command payload: {"type": "describe_blueprint_full", "params": {"include_event_graph": true, "include_functions": true, "include_variables": true, "include_components": true, "include_interfaces": true, "blueprint_name": "BP_FPSPlayer"}}...
2026-03-15 05:07:29,378 - UnrealMCP_Advanced - INFO - [unreal_mcp_server_advanced.py:233] - Received response (5562 bytes) for describe_blueprint_full
2026-03-15 05:07:29,378 - UnrealMCP_Advanced - INFO - [unreal_mcp_server_advanced.py:322] - Command describe_blueprint_full completed successfully
2026-03-15 05:07:29,378 - UnrealMCP_Advanced - INFO - [unreal_mcp_server_advanced.py:627] - Successfully read Blueprint content. Found:
2026-03-15 05:07:29,378 - UnrealMCP_Advanced - INFO - [unreal_mcp_server_advanced.py:629] -   - 29 variables
2026-03-15 05:07:29,378 - UnrealMCP_Advanced - INFO - [unreal_mcp_server_advanced.py:635] -   - 2 components
2026-03-15 05:07:29,381 - mcp.server.lowlevel.server - DEBUG - [server.py:790] - Response sent
2026-03-15 05:10:25,778 - mcp.server.lowlevel.server - DEBUG - [server.py:675] - Received message: <mcp.shared.session.RequestResponder object at 0x000001A7D922A890>
2026-03-15 05:10:25,778 - mcp.server.lowlevel.server - INFO - [server.py:720] - Processing request of type CallToolRequest
2026-03-15 05:10:25,778 - mcp.server.lowlevel.server - DEBUG - [server.py:723] - Dispatching request of type CallToolRequest
2026-03-15 05:10:25,779 - UnrealMCP_Advanced - INFO - [unreal_mcp_server_advanced.py:621] - Reading Blueprint content for: /Game/FPS/Migrate/ABP_Manny
2026-03-15 05:10:25,779 - UnrealMCP_Advanced - INFO - [unreal_mcp_server_advanced.py:147] - Connecting to Unreal at 127.0.0.1:55558 (attempt 1/4)...
2026-03-15 05:10:25,779 - UnrealMCP_Advanced - INFO - [unreal_mcp_server_advanced.py:154] - Successfully connected to Unreal Engine
2026-03-15 05:10:25,779 - UnrealMCP_Advanced - INFO - [unreal_mcp_server_advanced.py:302] - Sending command (attempt 1): describe_blueprint_full
2026-03-15 05:10:25,780 - UnrealMCP_Advanced - DEBUG - [unreal_mcp_server_advanced.py:303] - Command payload: {"type": "describe_blueprint_full", "params": {"include_event_graph": true, "include_functions": true, "include_variables": true, "include_components": true, "include_interfaces": true, "blueprint_name": "ABP_Manny"}}...
2026-03-15 05:10:25,821 - UnrealMCP_Advanced - INFO - [unreal_mcp_server_advanced.py:233] - Received response (167578 bytes) for describe_blueprint_full
2026-03-15 05:10:25,822 - UnrealMCP_Advanced - INFO - [unreal_mcp_server_advanced.py:322] - Command describe_blueprint_full completed successfully
2026-03-15 05:10:25,823 - UnrealMCP_Advanced - INFO - [unreal_mcp_server_advanced.py:627] - Successfully read Blueprint content. Found:
2026-03-15 05:10:25,823 - UnrealMCP_Advanced - INFO - [unreal_mcp_server_advanced.py:629] -   - 14 variables
2026-03-15 05:10:25,828 - mcp.server.lowlevel.server - DEBUG - [server.py:790] - Response sent
2026-03-15 05:16:41,140 - mcp.server.lowlevel.server - DEBUG - [server.py:675] - Received message: <mcp.shared.session.RequestResponder object at 0x000001A7D922A550>
2026-03-15 05:16:41,141 - mcp.server.lowlevel.server - INFO - [server.py:720] - Processing request of type CallToolRequest
2026-03-15 05:16:41,141 - mcp.server.lowlevel.server - DEBUG - [server.py:723] - Dispatching request of type CallToolRequest
2026-03-15 05:16:41,142 - UnrealMCP_Advanced - INFO - [unreal_mcp_server_advanced.py:621] - Reading Blueprint content for: /Game/FPS/Migrate/AM_Fire_Rifle
2026-03-15 05:16:41,142 - UnrealMCP_Advanced - INFO - [unreal_mcp_server_advanced.py:147] - Connecting to Unreal at 127.0.0.1:55558 (attempt 1/4)...
2026-03-15 05:16:41,142 - UnrealMCP_Advanced - INFO - [unreal_mcp_server_advanced.py:154] - Successfully connected to Unreal Engine
2026-03-15 05:16:41,142 - UnrealMCP_Advanced - INFO - [unreal_mcp_server_advanced.py:302] - Sending command (attempt 1): describe_blueprint_full
2026-03-15 05:16:41,142 - UnrealMCP_Advanced - DEBUG - [unreal_mcp_server_advanced.py:303] - Command payload: {"type": "describe_blueprint_full", "params": {"include_event_graph": true, "include_functions": true, "include_variables": true, "include_components": true, "include_interfaces": true, "blueprint_name": "AM_Fire_Rifle"}}...
2026-03-15 05:16:41,148 - UnrealMCP_Advanced - INFO - [unreal_mcp_server_advanced.py:233] - Received response (82 bytes) for describe_blueprint_full
2026-03-15 05:16:41,148 - UnrealMCP_Advanced - INFO - [unreal_mcp_server_advanced.py:322] - Command describe_blueprint_full completed successfully
2026-03-15 05:16:41,148 - UnrealMCP_Advanced - WARNING - [unreal_mcp_server_advanced.py:331] - Unreal returned failure: Blueprint not found
2026-03-15 05:16:41,149 - mcp.server.lowlevel.server - DEBUG - [server.py:790] - Response sent
2026-03-15 05:16:55,515 - mcp.server.lowlevel.server - DEBUG - [server.py:675] - Received message: <mcp.shared.session.RequestResponder object at 0x000001A7D9233710>
2026-03-15 05:16:55,515 - mcp.server.lowlevel.server - INFO - [server.py:720] - Processing request of type CallToolRequest
2026-03-15 05:16:55,515 - mcp.server.lowlevel.server - DEBUG - [server.py:723] - Dispatching request of type CallToolRequest
2026-03-15 05:16:55,515 - UnrealMCP_Advanced - INFO - [unreal_mcp_server_advanced.py:621] - Reading Blueprint content for: /Game/FPS/Migrate/FPSAnimation/AM_Fire_Rifle
2026-03-15 05:16:55,515 - UnrealMCP_Advanced - INFO - [unreal_mcp_server_advanced.py:147] - Connecting to Unreal at 127.0.0.1:55558 (attempt 1/4)...
2026-03-15 05:16:55,516 - UnrealMCP_Advanced - INFO - [unreal_mcp_server_advanced.py:154] - Successfully connected to Unreal Engine
2026-03-15 05:16:55,516 - UnrealMCP_Advanced - INFO - [unreal_mcp_server_advanced.py:302] - Sending command (attempt 1): describe_blueprint_full
2026-03-15 05:16:55,516 - UnrealMCP_Advanced - DEBUG - [unreal_mcp_server_advanced.py:303] - Command payload: {"type": "describe_blueprint_full", "params": {"include_event_graph": true, "include_functions": true, "include_variables": true, "include_components": true, "include_interfaces": true, "blueprint_name": "AM_Fire_Rifle"}}...
2026-03-15 05:16:55,521 - UnrealMCP_Advanced - INFO - [unreal_mcp_server_advanced.py:233] - Received response (82 bytes) for describe_blueprint_full
2026-03-15 05:16:55,521 - UnrealMCP_Advanced - INFO - [unreal_mcp_server_advanced.py:322] - Command describe_blueprint_full completed successfully
2026-03-15 05:16:55,521 - UnrealMCP_Advanced - WARNING - [unreal_mcp_server_advanced.py:331] - Unreal returned failure: Blueprint not found
2026-03-15 05:16:55,524 - mcp.server.lowlevel.server - DEBUG - [server.py:790] - Response sent
2026-03-15 05:22:58,120 - mcp.server.lowlevel.server - DEBUG - [server.py:675] - Received message: <mcp.shared.session.RequestResponder object at 0x000001A7D91CCED0>
2026-03-15 05:22:58,120 - mcp.server.lowlevel.server - INFO - [server.py:720] - Processing request of type CallToolRequest
2026-03-15 05:22:58,120 - mcp.server.lowlevel.server - DEBUG - [server.py:723] - Dispatching request of type CallToolRequest
2026-03-15 05:22:58,120 - UnrealMCP_Advanced - INFO - [unreal_mcp_server_advanced.py:621] - Reading Blueprint content for: /Game/FPS/Characters/Mannequins/Animations/ABP_Quinn
2026-03-15 05:22:58,120 - UnrealMCP_Advanced - INFO - [unreal_mcp_server_advanced.py:147] - Connecting to Unreal at 127.0.0.1:55558 (attempt 1/4)...
2026-03-15 05:22:58,121 - UnrealMCP_Advanced - INFO - [unreal_mcp_server_advanced.py:154] - Successfully connected to Unreal Engine
2026-03-15 05:22:58,121 - UnrealMCP_Advanced - INFO - [unreal_mcp_server_advanced.py:302] - Sending command (attempt 1): describe_blueprint_full
2026-03-15 05:22:58,121 - UnrealMCP_Advanced - DEBUG - [unreal_mcp_server_advanced.py:303] - Command payload: {"type": "describe_blueprint_full", "params": {"include_event_graph": true, "include_functions": true, "include_variables": true, "include_components": true, "include_interfaces": true, "blueprint_name": "ABP_Quinn"}}...
2026-03-15 05:22:58,471 - UnrealMCP_Advanced - INFO - [unreal_mcp_server_advanced.py:233] - Received response (4578 bytes) for describe_blueprint_full
2026-03-15 05:22:58,471 - UnrealMCP_Advanced - INFO - [unreal_mcp_server_advanced.py:322] - Command describe_blueprint_full completed successfully
2026-03-15 05:22:58,472 - UnrealMCP_Advanced - INFO - [unreal_mcp_server_advanced.py:627] - Successfully read Blueprint content. Found:
2026-03-15 05:22:58,473 - mcp.server.lowlevel.server - DEBUG - [server.py:790] - Response sent
2026-03-15 05:26:59,301 - mcp.server.lowlevel.server - DEBUG - [server.py:675] - Received message: <mcp.shared.session.RequestResponder object at 0x000001A7D921FAD0>
2026-03-15 05:26:59,302 - mcp.server.lowlevel.server - INFO - [server.py:720] - Processing request of type CallToolRequest
2026-03-15 05:26:59,302 - mcp.server.lowlevel.server - DEBUG - [server.py:723] - Dispatching request of type CallToolRequest
2026-03-15 05:26:59,302 - UnrealMCP_Advanced - INFO - [unreal_mcp_server_advanced.py:621] - Reading Blueprint content for: /Game/Blueprints/BP_FPSPlayer
2026-03-15 05:26:59,302 - UnrealMCP_Advanced - INFO - [unreal_mcp_server_advanced.py:147] - Connecting to Unreal at 127.0.0.1:55558 (attempt 1/4)...
2026-03-15 05:26:59,302 - UnrealMCP_Advanced - INFO - [unreal_mcp_server_advanced.py:154] - Successfully connected to Unreal Engine
2026-03-15 05:26:59,302 - UnrealMCP_Advanced - INFO - [unreal_mcp_server_advanced.py:302] - Sending command (attempt 1): describe_blueprint_full
2026-03-15 05:26:59,302 - UnrealMCP_Advanced - DEBUG - [unreal_mcp_server_advanced.py:303] - Command payload: {"type": "describe_blueprint_full", "params": {"include_event_graph": false, "include_functions": false, "include_variables": false, "include_components": true, "include_interfaces": false, "blueprint_name": "BP_FPSPlayer"}}...
2026-03-15 05:26:59,613 - UnrealMCP_Advanced - INFO - [unreal_mcp_server_advanced.py:233] - Received response (5559 bytes) for describe_blueprint_full
2026-03-15 05:26:59,613 - UnrealMCP_Advanced - INFO - [unreal_mcp_server_advanced.py:322] - Command describe_blueprint_full completed successfully
2026-03-15 05:26:59,614 - UnrealMCP_Advanced - INFO - [unreal_mcp_server_advanced.py:627] - Successfully read Blueprint content. Found:
2026-03-15 05:26:59,614 - UnrealMCP_Advanced - INFO - [unreal_mcp_server_advanced.py:629] -   - 29 variables
2026-03-15 05:26:59,614 - UnrealMCP_Advanced - INFO - [unreal_mcp_server_advanced.py:635] -   - 2 components
2026-03-15 05:26:59,616 - mcp.server.lowlevel.server - DEBUG - [server.py:790] - Response sent
2026-03-15 05:27:20,510 - mcp.server.lowlevel.server - DEBUG - [server.py:675] - Received message: <mcp.shared.session.RequestResponder object at 0x000001A7D91CCED0>
2026-03-15 05:27:20,511 - mcp.server.lowlevel.server - INFO - [server.py:720] - Processing request of type CallToolRequest
2026-03-15 05:27:20,511 - mcp.server.lowlevel.server - DEBUG - [server.py:723] - Dispatching request of type CallToolRequest
2026-03-15 05:27:20,511 - UnrealMCP_Advanced - INFO - [unreal_mcp_server_advanced.py:621] - Reading Blueprint content for: /Game/Data/Weapon/DA_WeaponBase
2026-03-15 05:27:20,511 - UnrealMCP_Advanced - INFO - [unreal_mcp_server_advanced.py:147] - Connecting to Unreal at 127.0.0.1:55558 (attempt 1/4)...
2026-03-15 05:27:20,511 - UnrealMCP_Advanced - INFO - [unreal_mcp_server_advanced.py:154] - Successfully connected to Unreal Engine
2026-03-15 05:27:20,511 - UnrealMCP_Advanced - INFO - [unreal_mcp_server_advanced.py:302] - Sending command (attempt 1): describe_blueprint_full
2026-03-15 05:27:20,511 - UnrealMCP_Advanced - DEBUG - [unreal_mcp_server_advanced.py:303] - Command payload: {"type": "describe_blueprint_full", "params": {"include_event_graph": false, "include_functions": false, "include_variables": true, "include_components": false, "include_interfaces": false, "blueprint_name": "DA_WeaponBase"}}...
2026-03-15 05:27:20,618 - UnrealMCP_Advanced - INFO - [unreal_mcp_server_advanced.py:233] - Received response (82 bytes) for describe_blueprint_full
2026-03-15 05:27:20,618 - UnrealMCP_Advanced - INFO - [unreal_mcp_server_advanced.py:322] - Command describe_blueprint_full completed successfully
2026-03-15 05:27:20,618 - UnrealMCP_Advanced - WARNING - [unreal_mcp_server_advanced.py:331] - Unreal returned failure: Blueprint not found
2026-03-15 05:27:20,619 - mcp.server.lowlevel.server - DEBUG - [server.py:790] - Response sent
2026-03-15 05:27:26,843 - mcp.server.lowlevel.server - DEBUG - [server.py:675] - Received message: <mcp.shared.session.RequestResponder object at 0x000001A7D921FAD0>
2026-03-15 05:27:26,844 - mcp.server.lowlevel.server - INFO - [server.py:720] - Processing request of type CallToolRequest
2026-03-15 05:27:26,844 - mcp.server.lowlevel.server - DEBUG - [server.py:723] - Dispatching request of type CallToolRequest
2026-03-15 05:27:26,844 - UnrealMCP_Advanced - INFO - [unreal_mcp_server_advanced.py:621] - Reading Blueprint content for: /Game/Data/Weapon/DA_WeaponBase
2026-03-15 05:27:26,844 - UnrealMCP_Advanced - INFO - [unreal_mcp_server_advanced.py:147] - Connecting to Unreal at 127.0.0.1:55558 (attempt 1/4)...
2026-03-15 05:27:26,844 - UnrealMCP_Advanced - INFO - [unreal_mcp_server_advanced.py:154] - Successfully connected to Unreal Engine
2026-03-15 05:27:26,845 - UnrealMCP_Advanced - INFO - [unreal_mcp_server_advanced.py:302] - Sending command (attempt 1): describe_blueprint_full
2026-03-15 05:27:26,845 - UnrealMCP_Advanced - DEBUG - [unreal_mcp_server_advanced.py:303] - Command payload: {"type": "describe_blueprint_full", "params": {"include_event_graph": false, "include_functions": false, "include_variables": true, "include_components": false, "include_interfaces": false, "blueprint_name": "DA_WeaponBase"}}...
2026-03-15 05:27:26,954 - UnrealMCP_Advanced - INFO - [unreal_mcp_server_advanced.py:233] - Received response (82 bytes) for describe_blueprint_full
2026-03-15 05:27:26,954 - UnrealMCP_Advanced - INFO - [unreal_mcp_server_advanced.py:322] - Command describe_blueprint_full completed successfully
2026-03-15 05:27:26,954 - UnrealMCP_Advanced - WARNING - [unreal_mcp_server_advanced.py:331] - Unreal returned failure: Blueprint not found
2026-03-15 05:27:26,956 - mcp.server.lowlevel.server - DEBUG - [server.py:790] - Response sent
2026-03-15 05:28:42,111 - mcp.server.lowlevel.server - DEBUG - [server.py:675] - Received message: <mcp.shared.session.RequestResponder object at 0x000001A7D912B090>
2026-03-15 05:28:42,111 - mcp.server.lowlevel.server - INFO - [server.py:720] - Processing request of type CallToolRequest
2026-03-15 05:28:42,111 - mcp.server.lowlevel.server - DEBUG - [server.py:723] - Dispatching request of type CallToolRequest
2026-03-15 05:28:42,111 - UnrealMCP_Advanced - INFO - [unreal_mcp_server_advanced.py:678] - Analyzing Blueprint graph: /Game/Blueprints/BP_FPSPlayer -> BeginPlay
2026-03-15 05:28:42,112 - UnrealMCP_Advanced - INFO - [unreal_mcp_server_advanced.py:147] - Connecting to Unreal at 127.0.0.1:55558 (attempt 1/4)...
2026-03-15 05:28:42,134 - UnrealMCP_Advanced - INFO - [unreal_mcp_server_advanced.py:154] - Successfully connected to Unreal Engine
2026-03-15 05:28:42,134 - UnrealMCP_Advanced - INFO - [unreal_mcp_server_advanced.py:302] - Sending command (attempt 1): describe_graph_enhanced
2026-03-15 05:28:42,134 - UnrealMCP_Advanced - DEBUG - [unreal_mcp_server_advanced.py:303] - Command payload: {"type": "describe_graph_enhanced", "params": {"graph_name": "BeginPlay", "include_node_details": true, "include_pin_connections": true, "trace_execution_flow": true, "blueprint_name": "BP_FPSPlayer"}}...
2026-03-15 05:28:42,303 - UnrealMCP_Advanced - INFO - [unreal_mcp_server_advanced.py:233] - Received response (130 bytes) for describe_graph_enhanced
2026-03-15 05:28:42,304 - UnrealMCP_Advanced - INFO - [unreal_mcp_server_advanced.py:322] - Command describe_graph_enhanced completed successfully
2026-03-15 05:28:42,304 - UnrealMCP_Advanced - WARNING - [unreal_mcp_server_advanced.py:331] - Unreal returned failure: Graph 'BeginPlay' not found in Blueprint 'BP_FPSPlayer'
2026-03-15 05:28:42,305 - mcp.server.lowlevel.server - DEBUG - [server.py:790] - Response sent
2026-03-15 05:29:13,799 - mcp.server.lowlevel.server - DEBUG - [server.py:675] - Received message: <mcp.shared.session.RequestResponder object at 0x000001A7D921FAD0>
2026-03-15 05:29:13,799 - mcp.server.lowlevel.server - INFO - [server.py:720] - Processing request of type CallToolRequest
2026-03-15 05:29:13,799 - mcp.server.lowlevel.server - DEBUG - [server.py:723] - Dispatching request of type CallToolRequest
2026-03-15 05:29:13,799 - UnrealMCP_Advanced - INFO - [unreal_mcp_server_advanced.py:724] - Getting Blueprint variable details: /Game/Data/Weapon/DA_WeaponBase
2026-03-15 05:29:13,800 - UnrealMCP_Advanced - INFO - [unreal_mcp_server_advanced.py:147] - Connecting to Unreal at 127.0.0.1:55558 (attempt 1/4)...
2026-03-15 05:29:13,800 - UnrealMCP_Advanced - INFO - [unreal_mcp_server_advanced.py:154] - Successfully connected to Unreal Engine
2026-03-15 05:29:13,800 - UnrealMCP_Advanced - INFO - [unreal_mcp_server_advanced.py:302] - Sending command (attempt 1): get_blueprint_summary
2026-03-15 05:29:13,800 - UnrealMCP_Advanced - DEBUG - [unreal_mcp_server_advanced.py:303] - Command payload: {"type": "get_blueprint_summary", "params": {"variable_name": null, "blueprint_name": "DA_WeaponBase"}}...
2026-03-15 05:29:13,976 - UnrealMCP_Advanced - INFO - [unreal_mcp_server_advanced.py:233] - Received response (82 bytes) for get_blueprint_summary
2026-03-15 05:29:13,976 - UnrealMCP_Advanced - INFO - [unreal_mcp_server_advanced.py:322] - Command get_blueprint_summary completed successfully
2026-03-15 05:29:13,977 - UnrealMCP_Advanced - WARNING - [unreal_mcp_server_advanced.py:331] - Unreal returned failure: Blueprint not found
2026-03-15 05:29:13,977 - mcp.server.lowlevel.server - DEBUG - [server.py:790] - Response sent
2026-03-15 20:06:19,005 - mcp.server.lowlevel.server - DEBUG - [server.py:162] - Initializing server 'UnrealMCP_Advanced'
2026-03-15 20:06:19,008 - mcp.server.lowlevel.server - DEBUG - [server.py:439] - Registering handler for ListToolsRequest
2026-03-15 20:06:19,009 - mcp.server.lowlevel.server - DEBUG - [server.py:519] - Registering handler for CallToolRequest
2026-03-15 20:06:19,009 - mcp.server.lowlevel.server - DEBUG - [server.py:301] - Registering handler for ListResourcesRequest
2026-03-15 20:06:19,009 - mcp.server.lowlevel.server - DEBUG - [server.py:336] - Registering handler for ReadResourceRequest
2026-03-15 20:06:19,009 - mcp.server.lowlevel.server - DEBUG - [server.py:263] - Registering handler for PromptListRequest
2026-03-15 20:06:19,010 - mcp.server.lowlevel.server - DEBUG - [server.py:285] - Registering handler for GetPromptRequest
2026-03-15 20:06:19,010 - mcp.server.lowlevel.server - DEBUG - [server.py:321] - Registering handler for ListResourceTemplatesRequest
2026-03-15 20:06:19,135 - UnrealMCP_Advanced - INFO - [unreal_mcp_server_advanced.py:2744] - Starting Advanced MCP server with stdio transport
2026-03-15 20:06:19,143 - asyncio - DEBUG - [proactor_events.py:633] - Using proactor: IocpProactor
2026-03-15 20:06:19,148 - UnrealMCP_Advanced - INFO - [unreal_mcp_server_advanced.py:376] - UnrealMCP Advanced server starting up
2026-03-15 20:06:19,148 - UnrealMCP_Advanced - INFO - [unreal_mcp_server_advanced.py:377] - Connection will be established lazily on first tool call
2026-03-15 20:06:19,159 - mcp.server.lowlevel.server - DEBUG - [server.py:675] - Received message: root=InitializedNotification(method='notifications/initialized', params=None, jsonrpc='2.0')
2026-03-15 20:06:19,161 - mcp.server.lowlevel.server - DEBUG - [server.py:675] - Received message: <mcp.shared.session.RequestResponder object at 0x000001B1F1051650>
2026-03-15 20:06:19,161 - mcp.server.lowlevel.server - INFO - [server.py:720] - Processing request of type ListToolsRequest
2026-03-15 20:06:19,161 - mcp.server.lowlevel.server - DEBUG - [server.py:723] - Dispatching request of type ListToolsRequest
2026-03-15 20:06:19,162 - mcp.server.lowlevel.server - DEBUG - [server.py:790] - Response sent
2026-03-15 20:06:19,164 - mcp.server.lowlevel.server - DEBUG - [server.py:675] - Received message: <mcp.shared.session.RequestResponder object at 0x000001B1F10B0A50>
2026-03-15 20:06:19,164 - mcp.server.lowlevel.server - INFO - [server.py:720] - Processing request of type ListPromptsRequest
2026-03-15 20:06:19,164 - mcp.server.lowlevel.server - DEBUG - [server.py:723] - Dispatching request of type ListPromptsRequest
2026-03-15 20:06:19,165 - mcp.server.lowlevel.server - DEBUG - [server.py:675] - Received message: <mcp.shared.session.RequestResponder object at 0x000001B1F10A76D0>
2026-03-15 20:06:19,165 - mcp.server.lowlevel.server - INFO - [server.py:720] - Processing request of type ListResourcesRequest
2026-03-15 20:06:19,165 - mcp.server.lowlevel.server - DEBUG - [server.py:723] - Dispatching request of type ListResourcesRequest
2026-03-15 20:06:19,165 - mcp.server.fastmcp.resources.resource_manager - DEBUG - [resource_manager.py:109] - Listing resources
2026-03-15 20:06:19,167 - mcp.server.lowlevel.server - DEBUG - [server.py:790] - Response sent
2026-03-15 20:06:19,168 - mcp.server.lowlevel.server - DEBUG - [server.py:790] - Response sent
2026-03-15 21:19:48,213 - mcp.server.lowlevel.server - DEBUG - [server.py:675] - Received message: <mcp.shared.session.RequestResponder object at 0x000001B1F11070D0>
2026-03-15 21:19:48,216 - mcp.server.lowlevel.server - INFO - [server.py:720] - Processing request of type CallToolRequest
2026-03-15 21:19:48,216 - mcp.server.lowlevel.server - DEBUG - [server.py:723] - Dispatching request of type CallToolRequest
2026-03-15 21:19:48,221 - UnrealMCP_Advanced - INFO - [unreal_mcp_server_advanced.py:358] - Creating new UnrealConnection instance
2026-03-15 21:19:48,221 - UnrealMCP_Advanced - INFO - [unreal_mcp_server_advanced.py:621] - Reading Blueprint content for: /Game/FPS/Migrate/BP_ThirdPersonCharacter
2026-03-15 21:19:48,221 - UnrealMCP_Advanced - INFO - [unreal_mcp_server_advanced.py:147] - Connecting to Unreal at 127.0.0.1:55558 (attempt 1/4)...
2026-03-15 21:19:48,222 - UnrealMCP_Advanced - INFO - [unreal_mcp_server_advanced.py:154] - Successfully connected to Unreal Engine
2026-03-15 21:19:48,223 - UnrealMCP_Advanced - INFO - [unreal_mcp_server_advanced.py:302] - Sending command (attempt 1): describe_blueprint_full
2026-03-15 21:19:48,223 - UnrealMCP_Advanced - DEBUG - [unreal_mcp_server_advanced.py:303] - Command payload: {"type": "describe_blueprint_full", "params": {"include_event_graph": true, "include_functions": true, "include_variables": false, "include_components": true, "include_interfaces": false, "blueprint_name": "BP_ThirdPersonCharacter"}}...
2026-03-15 21:19:48,422 - UnrealMCP_Advanced - INFO - [unreal_mcp_server_advanced.py:233] - Received response (129128 bytes) for describe_blueprint_full
2026-03-15 21:19:48,423 - UnrealMCP_Advanced - INFO - [unreal_mcp_server_advanced.py:322] - Command describe_blueprint_full completed successfully
2026-03-15 21:19:48,423 - UnrealMCP_Advanced - INFO - [unreal_mcp_server_advanced.py:627] - Successfully read Blueprint content. Found:
2026-03-15 21:19:48,423 - UnrealMCP_Advanced - INFO - [unreal_mcp_server_advanced.py:629] -   - 29 variables
2026-03-15 21:19:48,424 - UnrealMCP_Advanced - INFO - [unreal_mcp_server_advanced.py:635] -   - 3 components
2026-03-15 21:19:48,436 - mcp.server.lowlevel.server - DEBUG - [server.py:790] - Response sent
2026-03-15 22:03:43,276 - mcp.server.lowlevel.server - DEBUG - [server.py:675] - Received message: <mcp.shared.session.RequestResponder object at 0x000001B1F1087B90>
2026-03-15 22:03:43,277 - mcp.server.lowlevel.server - INFO - [server.py:720] - Processing request of type CallToolRequest
2026-03-15 22:03:43,277 - mcp.server.lowlevel.server - DEBUG - [server.py:723] - Dispatching request of type CallToolRequest
2026-03-15 22:03:43,277 - UnrealMCP_Advanced - INFO - [unreal_mcp_server_advanced.py:621] - Reading Blueprint content for: /Game/FPS/Migrate/BP_ThirdPersonCharacter
2026-03-15 22:03:43,277 - UnrealMCP_Advanced - INFO - [unreal_mcp_server_advanced.py:147] - Connecting to Unreal at 127.0.0.1:55558 (attempt 1/4)...
2026-03-15 22:03:43,278 - UnrealMCP_Advanced - INFO - [unreal_mcp_server_advanced.py:154] - Successfully connected to Unreal Engine
2026-03-15 22:03:43,278 - UnrealMCP_Advanced - INFO - [unreal_mcp_server_advanced.py:302] - Sending command (attempt 1): describe_blueprint_full
2026-03-15 22:03:43,278 - UnrealMCP_Advanced - DEBUG - [unreal_mcp_server_advanced.py:303] - Command payload: {"type": "describe_blueprint_full", "params": {"include_event_graph": true, "include_functions": true, "include_variables": false, "include_components": false, "include_interfaces": false, "blueprint_name": "BP_ThirdPersonCharacter"}}...
2026-03-15 22:03:43,410 - UnrealMCP_Advanced - INFO - [unreal_mcp_server_advanced.py:233] - Received response (129128 bytes) for describe_blueprint_full
2026-03-15 22:03:43,410 - UnrealMCP_Advanced - INFO - [unreal_mcp_server_advanced.py:322] - Command describe_blueprint_full completed successfully
2026-03-15 22:03:43,411 - UnrealMCP_Advanced - INFO - [unreal_mcp_server_advanced.py:627] - Successfully read Blueprint content. Found:
2026-03-15 22:03:43,411 - UnrealMCP_Advanced - INFO - [unreal_mcp_server_advanced.py:629] -   - 29 variables
2026-03-15 22:03:43,411 - UnrealMCP_Advanced - INFO - [unreal_mcp_server_advanced.py:635] -   - 3 components
2026-03-15 22:03:43,414 - mcp.server.lowlevel.server - DEBUG - [server.py:790] - Response sent
2026-03-18 04:30:24,936 - mcp.server.lowlevel.server - DEBUG - [server.py:162] - Initializing server 'UnrealMCP_Advanced'
2026-03-18 04:30:24,940 - mcp.server.lowlevel.server - DEBUG - [server.py:439] - Registering handler for ListToolsRequest
2026-03-18 04:30:24,941 - mcp.server.lowlevel.server - DEBUG - [server.py:519] - Registering handler for CallToolRequest
2026-03-18 04:30:24,941 - mcp.server.lowlevel.server - DEBUG - [server.py:301] - Registering handler for ListResourcesRequest
2026-03-18 04:30:24,941 - mcp.server.lowlevel.server - DEBUG - [server.py:336] - Registering handler for ReadResourceRequest
2026-03-18 04:30:24,941 - mcp.server.lowlevel.server - DEBUG - [server.py:263] - Registering handler for PromptListRequest
2026-03-18 04:30:24,941 - mcp.server.lowlevel.server - DEBUG - [server.py:285] - Registering handler for GetPromptRequest
2026-03-18 04:30:24,941 - mcp.server.lowlevel.server - DEBUG - [server.py:321] - Registering handler for ListResourceTemplatesRequest
2026-03-18 04:30:25,018 - UnrealMCP_Advanced - INFO - [unreal_mcp_server_advanced.py:2744] - Starting Advanced MCP server with stdio transport
2026-03-18 04:30:25,031 - asyncio - DEBUG - [proactor_events.py:633] - Using proactor: IocpProactor
2026-03-18 04:30:25,034 - UnrealMCP_Advanced - INFO - [unreal_mcp_server_advanced.py:376] - UnrealMCP Advanced server starting up
2026-03-18 04:30:25,034 - UnrealMCP_Advanced - INFO - [unreal_mcp_server_advanced.py:377] - Connection will be established lazily on first tool call
2026-03-18 04:30:25,043 - mcp.server.lowlevel.server - DEBUG - [server.py:675] - Received message: root=InitializedNotification(method='notifications/initialized', params=None, jsonrpc='2.0')
2026-03-18 04:30:25,044 - mcp.server.lowlevel.server - DEBUG - [server.py:675] - Received message: <mcp.shared.session.RequestResponder object at 0x00000225D3595250>
2026-03-18 04:30:25,045 - mcp.server.lowlevel.server - INFO - [server.py:720] - Processing request of type ListToolsRequest
2026-03-18 04:30:25,045 - mcp.server.lowlevel.server - DEBUG - [server.py:723] - Dispatching request of type ListToolsRequest
2026-03-18 04:30:25,046 - mcp.server.lowlevel.server - DEBUG - [server.py:790] - Response sent
2026-03-18 04:30:25,051 - mcp.server.lowlevel.server - DEBUG - [server.py:675] - Received message: <mcp.shared.session.RequestResponder object at 0x00000225D35ACFD0>
2026-03-18 04:30:25,052 - mcp.server.lowlevel.server - INFO - [server.py:720] - Processing request of type ListPromptsRequest
2026-03-18 04:30:25,052 - mcp.server.lowlevel.server - DEBUG - [server.py:723] - Dispatching request of type ListPromptsRequest
2026-03-18 04:30:25,052 - mcp.server.lowlevel.server - DEBUG - [server.py:675] - Received message: <mcp.shared.session.RequestResponder object at 0x00000225D35E3550>
2026-03-18 04:30:25,053 - mcp.server.lowlevel.server - INFO - [server.py:720] - Processing request of type ListResourcesRequest
2026-03-18 04:30:25,053 - mcp.server.lowlevel.server - DEBUG - [server.py:723] - Dispatching request of type ListResourcesRequest
2026-03-18 04:30:25,053 - mcp.server.fastmcp.resources.resource_manager - DEBUG - [resource_manager.py:109] - Listing resources
2026-03-18 04:30:25,053 - mcp.server.lowlevel.server - DEBUG - [server.py:790] - Response sent
2026-03-18 04:30:25,054 - mcp.server.lowlevel.server - DEBUG - [server.py:790] - Response sent
2026-03-20 04:05:12,725 - mcp.server.lowlevel.server - DEBUG - [server.py:162] - Initializing server 'UnrealMCP_Advanced'
2026-03-20 04:05:12,725 - mcp.server.lowlevel.server - DEBUG - [server.py:439] - Registering handler for ListToolsRequest
2026-03-20 04:05:12,725 - mcp.server.lowlevel.server - DEBUG - [server.py:519] - Registering handler for CallToolRequest
2026-03-20 04:05:12,725 - mcp.server.lowlevel.server - DEBUG - [server.py:301] - Registering handler for ListResourcesRequest
2026-03-20 04:05:12,725 - mcp.server.lowlevel.server - DEBUG - [server.py:336] - Registering handler for ReadResourceRequest
2026-03-20 04:05:12,726 - mcp.server.lowlevel.server - DEBUG - [server.py:263] - Registering handler for PromptListRequest
2026-03-20 04:05:12,726 - mcp.server.lowlevel.server - DEBUG - [server.py:285] - Registering handler for GetPromptRequest
2026-03-20 04:05:12,726 - mcp.server.lowlevel.server - DEBUG - [server.py:321] - Registering handler for ListResourceTemplatesRequest
2026-03-20 04:05:12,828 - UnrealMCP_Advanced - INFO - [unreal_mcp_server_advanced.py:2744] - Starting Advanced MCP server with stdio transport
2026-03-20 04:05:12,836 - asyncio - DEBUG - [proactor_events.py:633] - Using proactor: IocpProactor
2026-03-20 04:05:12,841 - UnrealMCP_Advanced - INFO - [unreal_mcp_server_advanced.py:376] - UnrealMCP Advanced server starting up
2026-03-20 04:05:12,841 - UnrealMCP_Advanced - INFO - [unreal_mcp_server_advanced.py:377] - Connection will be established lazily on first tool call
2026-03-20 04:05:12,850 - mcp.server.lowlevel.server - DEBUG - [server.py:675] - Received message: root=InitializedNotification(method='notifications/initialized', params=None, jsonrpc='2.0')
2026-03-20 04:05:12,852 - mcp.server.lowlevel.server - DEBUG - [server.py:675] - Received message: <mcp.shared.session.RequestResponder object at 0x0000022FC9BCC290>
2026-03-20 04:05:12,852 - mcp.server.lowlevel.server - INFO - [server.py:720] - Processing request of type ListToolsRequest
2026-03-20 04:05:12,852 - mcp.server.lowlevel.server - DEBUG - [server.py:723] - Dispatching request of type ListToolsRequest
2026-03-20 04:05:12,854 - mcp.server.lowlevel.server - DEBUG - [server.py:790] - Response sent
2026-03-20 04:05:12,854 - mcp.server.lowlevel.server - DEBUG - [server.py:675] - Received message: <mcp.shared.session.RequestResponder object at 0x0000022FC9B14F50>
2026-03-20 04:05:12,854 - mcp.server.lowlevel.server - INFO - [server.py:720] - Processing request of type ListPromptsRequest
2026-03-20 04:05:12,856 - mcp.server.lowlevel.server - DEBUG - [server.py:723] - Dispatching request of type ListPromptsRequest
2026-03-20 04:05:12,856 - mcp.server.lowlevel.server - DEBUG - [server.py:675] - Received message: <mcp.shared.session.RequestResponder object at 0x0000022FC9BB7710>
2026-03-20 04:05:12,856 - mcp.server.lowlevel.server - INFO - [server.py:720] - Processing request of type ListResourcesRequest
2026-03-20 04:05:12,856 - mcp.server.lowlevel.server - DEBUG - [server.py:723] - Dispatching request of type ListResourcesRequest
2026-03-20 04:05:12,857 - mcp.server.fastmcp.resources.resource_manager - DEBUG - [resource_manager.py:109] - Listing resources
2026-03-20 04:05:12,857 - mcp.server.lowlevel.server - DEBUG - [server.py:790] - Response sent
2026-03-20 04:05:12,858 - mcp.server.lowlevel.server - DEBUG - [server.py:790] - Response sent
2026-03-20 04:15:01,053 - mcp.server.lowlevel.server - DEBUG - [server.py:162] - Initializing server 'UnrealMCP_Advanced'
2026-03-20 04:15:01,053 - mcp.server.lowlevel.server - DEBUG - [server.py:439] - Registering handler for ListToolsRequest
2026-03-20 04:15:01,053 - mcp.server.lowlevel.server - DEBUG - [server.py:519] - Registering handler for CallToolRequest
2026-03-20 04:15:01,053 - mcp.server.lowlevel.server - DEBUG - [server.py:301] - Registering handler for ListResourcesRequest
2026-03-20 04:15:01,053 - mcp.server.lowlevel.server - DEBUG - [server.py:336] - Registering handler for ReadResourceRequest
2026-03-20 04:15:01,054 - mcp.server.lowlevel.server - DEBUG - [server.py:263] - Registering handler for PromptListRequest
2026-03-20 04:15:01,054 - mcp.server.lowlevel.server - DEBUG - [server.py:285] - Registering handler for GetPromptRequest
2026-03-20 04:15:01,054 - mcp.server.lowlevel.server - DEBUG - [server.py:321] - Registering handler for ListResourceTemplatesRequest
2026-03-20 04:15:01,172 - UnrealMCP_Advanced - INFO - [unreal_mcp_server_advanced.py:2744] - Starting Advanced MCP server with stdio transport
2026-03-20 04:15:01,176 - asyncio - DEBUG - [proactor_events.py:633] - Using proactor: IocpProactor
2026-03-20 04:15:01,182 - UnrealMCP_Advanced - INFO - [unreal_mcp_server_advanced.py:376] - UnrealMCP Advanced server starting up
2026-03-20 04:15:01,183 - UnrealMCP_Advanced - INFO - [unreal_mcp_server_advanced.py:377] - Connection will be established lazily on first tool call
2026-03-20 04:15:01,190 - mcp.server.lowlevel.server - DEBUG - [server.py:675] - Received message: root=InitializedNotification(method='notifications/initialized', params=None, jsonrpc='2.0')
2026-03-20 04:15:01,192 - mcp.server.lowlevel.server - DEBUG - [server.py:675] - Received message: <mcp.shared.session.RequestResponder object at 0x0000022B7C92FAD0>
2026-03-20 04:15:01,193 - mcp.server.lowlevel.server - INFO - [server.py:720] - Processing request of type ListToolsRequest
2026-03-20 04:15:01,193 - mcp.server.lowlevel.server - DEBUG - [server.py:723] - Dispatching request of type ListToolsRequest
2026-03-20 04:15:01,195 - mcp.server.lowlevel.server - DEBUG - [server.py:790] - Response sent
2026-03-20 04:15:01,196 - mcp.server.lowlevel.server - DEBUG - [server.py:675] - Received message: <mcp.shared.session.RequestResponder object at 0x0000022B7C9508D0>
2026-03-20 04:15:01,197 - mcp.server.lowlevel.server - INFO - [server.py:720] - Processing request of type ListPromptsRequest
2026-03-20 04:15:01,197 - mcp.server.lowlevel.server - DEBUG - [server.py:723] - Dispatching request of type ListPromptsRequest
2026-03-20 04:15:01,198 - mcp.server.lowlevel.server - DEBUG - [server.py:675] - Received message: <mcp.shared.session.RequestResponder object at 0x0000022B7C9A8CD0>
2026-03-20 04:15:01,199 - mcp.server.lowlevel.server - INFO - [server.py:720] - Processing request of type ListResourcesRequest
2026-03-20 04:15:01,199 - mcp.server.lowlevel.server - DEBUG - [server.py:723] - Dispatching request of type ListResourcesRequest
2026-03-20 04:15:01,199 - mcp.server.fastmcp.resources.resource_manager - DEBUG - [resource_manager.py:109] - Listing resources
2026-03-20 04:15:01,199 - mcp.server.lowlevel.server - DEBUG - [server.py:790] - Response sent
2026-03-20 04:15:01,200 - mcp.server.lowlevel.server - DEBUG - [server.py:790] - Response sent
2026-03-20 04:18:23,579 - mcp.server.lowlevel.server - DEBUG - [server.py:162] - Initializing server 'UnrealMCP_Advanced'
2026-03-20 04:18:23,581 - mcp.server.lowlevel.server - DEBUG - [server.py:439] - Registering handler for ListToolsRequest
2026-03-20 04:18:23,581 - mcp.server.lowlevel.server - DEBUG - [server.py:519] - Registering handler for CallToolRequest
2026-03-20 04:18:23,581 - mcp.server.lowlevel.server - DEBUG - [server.py:301] - Registering handler for ListResourcesRequest
2026-03-20 04:18:23,581 - mcp.server.lowlevel.server - DEBUG - [server.py:336] - Registering handler for ReadResourceRequest
2026-03-20 04:18:23,581 - mcp.server.lowlevel.server - DEBUG - [server.py:263] - Registering handler for PromptListRequest
2026-03-20 04:18:23,582 - mcp.server.lowlevel.server - DEBUG - [server.py:285] - Registering handler for GetPromptRequest
2026-03-20 04:18:23,582 - mcp.server.lowlevel.server - DEBUG - [server.py:321] - Registering handler for ListResourceTemplatesRequest
2026-03-20 04:18:23,741 - UnrealMCP_Advanced - INFO - [unreal_mcp_server_advanced.py:2744] - Starting Advanced MCP server with stdio transport
2026-03-20 04:18:23,747 - asyncio - DEBUG - [proactor_events.py:633] - Using proactor: IocpProactor
2026-03-20 04:18:23,751 - UnrealMCP_Advanced - INFO - [unreal_mcp_server_advanced.py:376] - UnrealMCP Advanced server starting up
2026-03-20 04:18:23,751 - UnrealMCP_Advanced - INFO - [unreal_mcp_server_advanced.py:377] - Connection will be established lazily on first tool call
2026-03-20 04:18:23,758 - mcp.server.lowlevel.server - DEBUG - [server.py:675] - Received message: root=InitializedNotification(method='notifications/initialized', params=None, jsonrpc='2.0')
2026-03-20 04:18:23,759 - mcp.server.lowlevel.server - DEBUG - [server.py:675] - Received message: <mcp.shared.session.RequestResponder object at 0x00000228C3C6B090>
2026-03-20 04:18:23,761 - mcp.server.lowlevel.server - INFO - [server.py:720] - Processing request of type ListToolsRequest
2026-03-20 04:18:23,761 - mcp.server.lowlevel.server - DEBUG - [server.py:723] - Dispatching request of type ListToolsRequest
2026-03-20 04:18:23,762 - mcp.server.lowlevel.server - DEBUG - [server.py:790] - Response sent
2026-03-20 04:18:23,763 - mcp.server.lowlevel.server - DEBUG - [server.py:675] - Received message: <mcp.shared.session.RequestResponder object at 0x00000228C3DE9DD0>
2026-03-20 04:18:23,764 - mcp.server.lowlevel.server - INFO - [server.py:720] - Processing request of type ListPromptsRequest
2026-03-20 04:18:23,764 - mcp.server.lowlevel.server - DEBUG - [server.py:723] - Dispatching request of type ListPromptsRequest
2026-03-20 04:18:23,765 - mcp.server.lowlevel.server - DEBUG - [server.py:675] - Received message: <mcp.shared.session.RequestResponder object at 0x00000228C3DEB450>
2026-03-20 04:18:23,766 - mcp.server.lowlevel.server - INFO - [server.py:720] - Processing request of type ListResourcesRequest
2026-03-20 04:18:23,766 - mcp.server.lowlevel.server - DEBUG - [server.py:723] - Dispatching request of type ListResourcesRequest
2026-03-20 04:18:23,766 - mcp.server.fastmcp.resources.resource_manager - DEBUG - [resource_manager.py:109] - Listing resources
2026-03-20 04:18:23,767 - mcp.server.lowlevel.server - DEBUG - [server.py:790] - Response sent
2026-03-20 04:18:23,767 - mcp.server.lowlevel.server - DEBUG - [server.py:790] - Response sent
2026-03-23 12:43:17,557 - mcp.server.lowlevel.server - DEBUG - [server.py:162] - Initializing server 'UnrealMCP_Advanced'
2026-03-23 12:43:17,558 - mcp.server.lowlevel.server - DEBUG - [server.py:439] - Registering handler for ListToolsRequest
2026-03-23 12:43:17,558 - mcp.server.lowlevel.server - DEBUG - [server.py:519] - Registering handler for CallToolRequest
2026-03-23 12:43:17,558 - mcp.server.lowlevel.server - DEBUG - [server.py:301] - Registering handler for ListResourcesRequest
2026-03-23 12:43:17,559 - mcp.server.lowlevel.server - DEBUG - [server.py:336] - Registering handler for ReadResourceRequest
2026-03-23 12:43:17,559 - mcp.server.lowlevel.server - DEBUG - [server.py:263] - Registering handler for PromptListRequest
2026-03-23 12:43:17,559 - mcp.server.lowlevel.server - DEBUG - [server.py:285] - Registering handler for GetPromptRequest
2026-03-23 12:43:17,559 - mcp.server.lowlevel.server - DEBUG - [server.py:321] - Registering handler for ListResourceTemplatesRequest
2026-03-23 12:43:17,677 - UnrealMCP_Advanced - INFO - [unreal_mcp_server_advanced.py:2744] - Starting Advanced MCP server with stdio transport
2026-03-23 12:43:18,671 - asyncio - DEBUG - [proactor_events.py:633] - Using proactor: IocpProactor
2026-03-23 12:43:18,685 - UnrealMCP_Advanced - INFO - [unreal_mcp_server_advanced.py:376] - UnrealMCP Advanced server starting up
2026-03-23 12:43:18,685 - UnrealMCP_Advanced - INFO - [unreal_mcp_server_advanced.py:377] - Connection will be established lazily on first tool call
2026-03-23 12:43:18,713 - mcp.server.lowlevel.server - DEBUG - [server.py:675] - Received message: root=InitializedNotification(method='notifications/initialized', params=None, jsonrpc='2.0')
2026-03-23 12:43:18,715 - mcp.server.lowlevel.server - DEBUG - [server.py:675] - Received message: <mcp.shared.session.RequestResponder object at 0x000001E9CD617310>
2026-03-23 12:43:18,716 - mcp.server.lowlevel.server - INFO - [server.py:720] - Processing request of type ListToolsRequest
2026-03-23 12:43:18,716 - mcp.server.lowlevel.server - DEBUG - [server.py:723] - Dispatching request of type ListToolsRequest
2026-03-23 12:43:18,717 - mcp.server.lowlevel.server - DEBUG - [server.py:790] - Response sent
2026-03-23 12:43:18,718 - mcp.server.lowlevel.server - DEBUG - [server.py:675] - Received message: <mcp.shared.session.RequestResponder object at 0x000001E9CD5D4FD0>
2026-03-23 12:43:18,719 - mcp.server.lowlevel.server - INFO - [server.py:720] - Processing request of type ListPromptsRequest
2026-03-23 12:43:18,719 - mcp.server.lowlevel.server - DEBUG - [server.py:723] - Dispatching request of type ListPromptsRequest
2026-03-23 12:43:18,720 - mcp.server.lowlevel.server - DEBUG - [server.py:675] - Received message: <mcp.shared.session.RequestResponder object at 0x000001E9CD593450>
2026-03-23 12:43:18,733 - mcp.server.lowlevel.server - INFO - [server.py:720] - Processing request of type ListResourcesRequest
2026-03-23 12:43:18,733 - mcp.server.lowlevel.server - DEBUG - [server.py:723] - Dispatching request of type ListResourcesRequest
2026-03-23 12:43:18,733 - mcp.server.fastmcp.resources.resource_manager - DEBUG - [resource_manager.py:109] - Listing resources
2026-03-23 12:43:18,734 - mcp.server.lowlevel.server - DEBUG - [server.py:790] - Response sent
2026-03-23 12:43:18,735 - mcp.server.lowlevel.server - DEBUG - [server.py:790] - Response sent
2026-03-23 12:49:16,265 - mcp.server.lowlevel.server - DEBUG - [server.py:162] - Initializing server 'UnrealMCP_Advanced'
2026-03-23 12:49:16,265 - mcp.server.lowlevel.server - DEBUG - [server.py:439] - Registering handler for ListToolsRequest
2026-03-23 12:49:16,265 - mcp.server.lowlevel.server - DEBUG - [server.py:519] - Registering handler for CallToolRequest
2026-03-23 12:49:16,265 - mcp.server.lowlevel.server - DEBUG - [server.py:301] - Registering handler for ListResourcesRequest
2026-03-23 12:49:16,265 - mcp.server.lowlevel.server - DEBUG - [server.py:336] - Registering handler for ReadResourceRequest
2026-03-23 12:49:16,266 - mcp.server.lowlevel.server - DEBUG - [server.py:263] - Registering handler for PromptListRequest
2026-03-23 12:49:16,266 - mcp.server.lowlevel.server - DEBUG - [server.py:285] - Registering handler for GetPromptRequest
2026-03-23 12:49:16,266 - mcp.server.lowlevel.server - DEBUG - [server.py:321] - Registering handler for ListResourceTemplatesRequest
2026-03-23 12:49:16,430 - UnrealMCP_Advanced - INFO - [unreal_mcp_server_advanced.py:2744] - Starting Advanced MCP server with stdio transport
2026-03-23 12:49:16,439 - asyncio - DEBUG - [proactor_events.py:633] - Using proactor: IocpProactor
2026-03-23 12:49:16,446 - UnrealMCP_Advanced - INFO - [unreal_mcp_server_advanced.py:376] - UnrealMCP Advanced server starting up
2026-03-23 12:49:16,447 - UnrealMCP_Advanced - INFO - [unreal_mcp_server_advanced.py:377] - Connection will be established lazily on first tool call
2026-03-23 12:49:16,459 - mcp.server.lowlevel.server - DEBUG - [server.py:675] - Received message: root=InitializedNotification(method='notifications/initialized', params=None, jsonrpc='2.0')
2026-03-23 12:49:16,461 - mcp.server.lowlevel.server - DEBUG - [server.py:675] - Received message: <mcp.shared.session.RequestResponder object at 0x000001E2754C9550>
2026-03-23 12:49:16,461 - mcp.server.lowlevel.server - INFO - [server.py:720] - Processing request of type ListToolsRequest
2026-03-23 12:49:16,462 - mcp.server.lowlevel.server - DEBUG - [server.py:723] - Dispatching request of type ListToolsRequest
2026-03-23 12:49:16,463 - mcp.server.lowlevel.server - DEBUG - [server.py:790] - Response sent
2026-03-23 12:49:16,465 - mcp.server.lowlevel.server - DEBUG - [server.py:675] - Received message: <mcp.shared.session.RequestResponder object at 0x000001E275396650>
2026-03-23 12:49:16,466 - mcp.server.lowlevel.server - INFO - [server.py:720] - Processing request of type ListPromptsRequest
2026-03-23 12:49:16,466 - mcp.server.lowlevel.server - DEBUG - [server.py:723] - Dispatching request of type ListPromptsRequest
2026-03-23 12:49:16,467 - mcp.server.lowlevel.server - DEBUG - [server.py:675] - Received message: <mcp.shared.session.RequestResponder object at 0x000001E27548B450>
2026-03-23 12:49:16,467 - mcp.server.lowlevel.server - INFO - [server.py:720] - Processing request of type ListResourcesRequest
2026-03-23 12:49:16,467 - mcp.server.lowlevel.server - DEBUG - [server.py:723] - Dispatching request of type ListResourcesRequest
2026-03-23 12:49:16,467 - mcp.server.fastmcp.resources.resource_manager - DEBUG - [resource_manager.py:109] - Listing resources
2026-03-23 12:49:16,468 - mcp.server.lowlevel.server - DEBUG - [server.py:790] - Response sent
2026-03-23 12:49:16,470 - mcp.server.lowlevel.server - DEBUG - [server.py:790] - Response sent
2026-03-23 12:58:36,634 - mcp.server.lowlevel.server - DEBUG - [server.py:675] - Received message: <mcp.shared.session.RequestResponder object at 0x000001E2754DF850>
2026-03-23 12:58:36,634 - mcp.server.lowlevel.server - INFO - [server.py:720] - Processing request of type CallToolRequest
2026-03-23 12:58:36,634 - mcp.server.lowlevel.server - DEBUG - [server.py:723] - Dispatching request of type CallToolRequest
2026-03-23 12:58:36,635 - UnrealMCP_Advanced - INFO - [unreal_mcp_server_advanced.py:358] - Creating new UnrealConnection instance
2026-03-23 12:58:36,635 - UnrealMCP_Advanced - INFO - [unreal_mcp_server_advanced.py:621] - Reading Blueprint content for: /Game/_FPS/Weapon/Common/BP_FPSProjectile
2026-03-23 12:58:36,635 - UnrealMCP_Advanced - INFO - [unreal_mcp_server_advanced.py:147] - Connecting to Unreal at 127.0.0.1:55558 (attempt 1/4)...
2026-03-23 12:58:36,635 - UnrealMCP_Advanced - INFO - [unreal_mcp_server_advanced.py:154] - Successfully connected to Unreal Engine
2026-03-23 12:58:36,636 - UnrealMCP_Advanced - INFO - [unreal_mcp_server_advanced.py:302] - Sending command (attempt 1): describe_blueprint_full
2026-03-23 12:58:36,636 - UnrealMCP_Advanced - DEBUG - [unreal_mcp_server_advanced.py:303] - Command payload: {"type": "describe_blueprint_full", "params": {"include_event_graph": true, "include_functions": true, "include_variables": true, "include_components": true, "include_interfaces": true, "blueprint_name": "BP_FPSProjectile"}}...
2026-03-23 12:58:36,848 - UnrealMCP_Advanced - INFO - [unreal_mcp_server_advanced.py:233] - Received response (14319 bytes) for describe_blueprint_full
2026-03-23 12:58:36,848 - UnrealMCP_Advanced - INFO - [unreal_mcp_server_advanced.py:322] - Command describe_blueprint_full completed successfully
2026-03-23 12:58:36,848 - UnrealMCP_Advanced - INFO - [unreal_mcp_server_advanced.py:627] - Successfully read Blueprint content. Found:
2026-03-23 12:58:36,848 - UnrealMCP_Advanced - INFO - [unreal_mcp_server_advanced.py:635] -   - 3 components
2026-03-23 12:58:36,851 - mcp.server.lowlevel.server - DEBUG - [server.py:790] - Response sent
2026-03-23 13:05:04,976 - mcp.server.lowlevel.server - DEBUG - [server.py:675] - Received message: <mcp.shared.session.RequestResponder object at 0x000001E275395190>
2026-03-23 13:05:04,976 - mcp.server.lowlevel.server - INFO - [server.py:720] - Processing request of type CallToolRequest
2026-03-23 13:05:04,976 - mcp.server.lowlevel.server - DEBUG - [server.py:723] - Dispatching request of type CallToolRequest
2026-03-23 13:05:04,976 - UnrealMCP_Advanced - INFO - [unreal_mcp_server_advanced.py:621] - Reading Blueprint content for: /Game/_FPS/Weapon/Common/BP_FPSProjectile
2026-03-23 13:05:04,976 - UnrealMCP_Advanced - INFO - [unreal_mcp_server_advanced.py:147] - Connecting to Unreal at 127.0.0.1:55558 (attempt 1/4)...
2026-03-23 13:05:04,977 - UnrealMCP_Advanced - INFO - [unreal_mcp_server_advanced.py:154] - Successfully connected to Unreal Engine
2026-03-23 13:05:04,977 - UnrealMCP_Advanced - INFO - [unreal_mcp_server_advanced.py:302] - Sending command (attempt 1): describe_blueprint_full
2026-03-23 13:05:04,977 - UnrealMCP_Advanced - DEBUG - [unreal_mcp_server_advanced.py:303] - Command payload: {"type": "describe_blueprint_full", "params": {"include_event_graph": true, "include_functions": true, "include_variables": true, "include_components": true, "include_interfaces": true, "blueprint_name": "BP_FPSProjectile"}}...
2026-03-23 13:05:05,029 - UnrealMCP_Advanced - INFO - [unreal_mcp_server_advanced.py:233] - Received response (2660 bytes) for describe_blueprint_full
2026-03-23 13:05:05,030 - UnrealMCP_Advanced - INFO - [unreal_mcp_server_advanced.py:322] - Command describe_blueprint_full completed successfully
2026-03-23 13:05:05,030 - UnrealMCP_Advanced - INFO - [unreal_mcp_server_advanced.py:627] - Successfully read Blueprint content. Found:
2026-03-23 13:05:05,030 - UnrealMCP_Advanced - INFO - [unreal_mcp_server_advanced.py:635] -   - 2 components
2026-03-23 13:05:05,031 - mcp.server.lowlevel.server - DEBUG - [server.py:790] - Response sent
2026-03-23 22:58:27,189 - mcp.server.lowlevel.server - DEBUG - [server.py:162] - Initializing server 'UnrealMCP_Advanced'
2026-03-23 22:58:27,190 - mcp.server.lowlevel.server - DEBUG - [server.py:439] - Registering handler for ListToolsRequest
2026-03-23 22:58:27,191 - mcp.server.lowlevel.server - DEBUG - [server.py:519] - Registering handler for CallToolRequest
2026-03-23 22:58:27,191 - mcp.server.lowlevel.server - DEBUG - [server.py:301] - Registering handler for ListResourcesRequest
2026-03-23 22:58:27,191 - mcp.server.lowlevel.server - DEBUG - [server.py:336] - Registering handler for ReadResourceRequest
2026-03-23 22:58:27,191 - mcp.server.lowlevel.server - DEBUG - [server.py:263] - Registering handler for PromptListRequest
2026-03-23 22:58:27,191 - mcp.server.lowlevel.server - DEBUG - [server.py:285] - Registering handler for GetPromptRequest
2026-03-23 22:58:27,192 - mcp.server.lowlevel.server - DEBUG - [server.py:321] - Registering handler for ListResourceTemplatesRequest
2026-03-23 22:58:27,413 - UnrealMCP_Advanced - INFO - [unreal_mcp_server_advanced.py:2744] - Starting Advanced MCP server with stdio transport
2026-03-23 22:58:27,421 - asyncio - DEBUG - [proactor_events.py:633] - Using proactor: IocpProactor
2026-03-23 22:58:27,427 - UnrealMCP_Advanced - INFO - [unreal_mcp_server_advanced.py:376] - UnrealMCP Advanced server starting up
2026-03-23 22:58:27,427 - UnrealMCP_Advanced - INFO - [unreal_mcp_server_advanced.py:377] - Connection will be established lazily on first tool call
2026-03-23 22:58:27,447 - mcp.server.lowlevel.server - DEBUG - [server.py:675] - Received message: root=InitializedNotification(method='notifications/initialized', params=None, jsonrpc='2.0')
2026-03-23 22:58:27,449 - mcp.server.lowlevel.server - DEBUG - [server.py:675] - Received message: <mcp.shared.session.RequestResponder object at 0x0000025468752E90>
2026-03-23 22:58:27,450 - mcp.server.lowlevel.server - INFO - [server.py:720] - Processing request of type ListToolsRequest
2026-03-23 22:58:27,450 - mcp.server.lowlevel.server - DEBUG - [server.py:723] - Dispatching request of type ListToolsRequest
2026-03-23 22:58:27,453 - mcp.server.lowlevel.server - DEBUG - [server.py:790] - Response sent
2026-03-23 22:58:27,455 - mcp.server.lowlevel.server - DEBUG - [server.py:675] - Received message: <mcp.shared.session.RequestResponder object at 0x00000254687C7350>
2026-03-23 22:58:27,456 - mcp.server.lowlevel.server - INFO - [server.py:720] - Processing request of type ListPromptsRequest
2026-03-23 22:58:27,456 - mcp.server.lowlevel.server - DEBUG - [server.py:723] - Dispatching request of type ListPromptsRequest
2026-03-23 22:58:27,458 - mcp.server.lowlevel.server - DEBUG - [server.py:675] - Received message: <mcp.shared.session.RequestResponder object at 0x000002546888E5D0>
2026-03-23 22:58:27,458 - mcp.server.lowlevel.server - INFO - [server.py:720] - Processing request of type ListResourcesRequest
2026-03-23 22:58:27,458 - mcp.server.lowlevel.server - DEBUG - [server.py:723] - Dispatching request of type ListResourcesRequest
2026-03-23 22:58:27,458 - mcp.server.fastmcp.resources.resource_manager - DEBUG - [resource_manager.py:109] - Listing resources
2026-03-23 22:58:27,459 - mcp.server.lowlevel.server - DEBUG - [server.py:790] - Response sent
2026-03-23 22:58:27,459 - mcp.server.lowlevel.server - DEBUG - [server.py:790] - Response sent
2026-03-23 23:52:19,682 - mcp.server.lowlevel.server - DEBUG - [server.py:675] - Received message: <mcp.shared.session.RequestResponder object at 0x00000254688E3F10>
2026-03-23 23:52:19,687 - mcp.server.lowlevel.server - INFO - [server.py:720] - Processing request of type CallToolRequest
2026-03-23 23:52:19,687 - mcp.server.lowlevel.server - DEBUG - [server.py:723] - Dispatching request of type CallToolRequest
2026-03-23 23:52:19,690 - UnrealMCP_Advanced - INFO - [unreal_mcp_server_advanced.py:358] - Creating new UnrealConnection instance
2026-03-23 23:52:19,690 - UnrealMCP_Advanced - INFO - [unreal_mcp_server_advanced.py:147] - Connecting to Unreal at 127.0.0.1:55558 (attempt 1/4)...
2026-03-23 23:52:19,691 - UnrealMCP_Advanced - INFO - [unreal_mcp_server_advanced.py:154] - Successfully connected to Unreal Engine
2026-03-23 23:52:19,691 - UnrealMCP_Advanced - INFO - [unreal_mcp_server_advanced.py:302] - Sending command (attempt 1): find_actors_by_name
2026-03-23 23:52:19,692 - UnrealMCP_Advanced - DEBUG - [unreal_mcp_server_advanced.py:303] - Command payload: {"type": "find_actors_by_name", "params": {"pattern": "Weapon"}}...
2026-03-23 23:52:19,848 - UnrealMCP_Advanced - INFO - [unreal_mcp_server_advanced.py:233] - Received response (38 bytes) for find_actors_by_name
2026-03-23 23:52:19,849 - UnrealMCP_Advanced - INFO - [unreal_mcp_server_advanced.py:322] - Command find_actors_by_name completed successfully
2026-03-23 23:52:19,859 - mcp.server.lowlevel.server - DEBUG - [server.py:790] - Response sent
2026-03-23 23:52:31,207 - mcp.server.lowlevel.server - DEBUG - [server.py:675] - Received message: <mcp.shared.session.RequestResponder object at 0x00000254687C7350>
2026-03-23 23:52:31,207 - mcp.server.lowlevel.server - INFO - [server.py:720] - Processing request of type CallToolRequest
2026-03-23 23:52:31,207 - mcp.server.lowlevel.server - DEBUG - [server.py:723] - Dispatching request of type CallToolRequest
2026-03-23 23:52:31,207 - UnrealMCP_Advanced - INFO - [unreal_mcp_server_advanced.py:621] - Reading Blueprint content for: /Game/_FPS/Weapon/KA47/BP_Weapon_KA47
2026-03-23 23:52:31,207 - UnrealMCP_Advanced - INFO - [unreal_mcp_server_advanced.py:147] - Connecting to Unreal at 127.0.0.1:55558 (attempt 1/4)...
2026-03-23 23:52:31,207 - UnrealMCP_Advanced - INFO - [unreal_mcp_server_advanced.py:154] - Successfully connected to Unreal Engine
2026-03-23 23:52:31,207 - UnrealMCP_Advanced - INFO - [unreal_mcp_server_advanced.py:302] - Sending command (attempt 1): describe_blueprint_full
2026-03-23 23:52:31,207 - UnrealMCP_Advanced - DEBUG - [unreal_mcp_server_advanced.py:303] - Command payload: {"type": "describe_blueprint_full", "params": {"include_event_graph": false, "include_functions": false, "include_variables": true, "include_components": true, "include_interfaces": false, "blueprint_name": "BP_Weapon_KA47"}}...
2026-03-23 23:52:31,521 - UnrealMCP_Advanced - INFO - [unreal_mcp_server_advanced.py:233] - Received response (4771 bytes) for describe_blueprint_full
2026-03-23 23:52:31,522 - UnrealMCP_Advanced - INFO - [unreal_mcp_server_advanced.py:322] - Command describe_blueprint_full completed successfully
2026-03-23 23:52:31,522 - UnrealMCP_Advanced - INFO - [unreal_mcp_server_advanced.py:627] - Successfully read Blueprint content. Found:
2026-03-23 23:52:31,522 - UnrealMCP_Advanced - INFO - [unreal_mcp_server_advanced.py:629] -   - 2 variables
2026-03-23 23:52:31,522 - UnrealMCP_Advanced - INFO - [unreal_mcp_server_advanced.py:635] -   - 2 components
2026-03-23 23:52:31,524 - mcp.server.lowlevel.server - DEBUG - [server.py:790] - Response sent
2026-03-23 23:52:31,650 - mcp.server.lowlevel.server - DEBUG - [server.py:675] - Received message: <mcp.shared.session.RequestResponder object at 0x00000254686C4B50>
2026-03-23 23:52:31,650 - mcp.server.lowlevel.server - INFO - [server.py:720] - Processing request of type CallToolRequest
2026-03-23 23:52:31,650 - mcp.server.lowlevel.server - DEBUG - [server.py:723] - Dispatching request of type CallToolRequest
2026-03-23 23:52:31,650 - UnrealMCP_Advanced - INFO - [unreal_mcp_server_advanced.py:621] - Reading Blueprint content for: /Game/_FPS/Weapon/BP_WeaponBase
2026-03-23 23:52:31,650 - UnrealMCP_Advanced - INFO - [unreal_mcp_server_advanced.py:147] - Connecting to Unreal at 127.0.0.1:55558 (attempt 1/4)...
2026-03-23 23:52:31,650 - UnrealMCP_Advanced - INFO - [unreal_mcp_server_advanced.py:154] - Successfully connected to Unreal Engine
2026-03-23 23:52:31,650 - UnrealMCP_Advanced - INFO - [unreal_mcp_server_advanced.py:302] - Sending command (attempt 1): describe_blueprint_full
2026-03-23 23:52:31,650 - UnrealMCP_Advanced - DEBUG - [unreal_mcp_server_advanced.py:303] - Command payload: {"type": "describe_blueprint_full", "params": {"include_event_graph": false, "include_functions": false, "include_variables": true, "include_components": true, "include_interfaces": false, "blueprint_name": "BP_WeaponBase"}}...
2026-03-23 23:52:31,846 - UnrealMCP_Advanced - INFO - [unreal_mcp_server_advanced.py:233] - Received response (3345 bytes) for describe_blueprint_full
2026-03-23 23:52:31,846 - UnrealMCP_Advanced - INFO - [unreal_mcp_server_advanced.py:322] - Command describe_blueprint_full completed successfully
2026-03-23 23:52:31,846 - UnrealMCP_Advanced - INFO - [unreal_mcp_server_advanced.py:627] - Successfully read Blueprint content. Found:
2026-03-23 23:52:31,846 - UnrealMCP_Advanced - INFO - [unreal_mcp_server_advanced.py:629] -   - 2 variables
2026-03-23 23:52:31,846 - UnrealMCP_Advanced - INFO - [unreal_mcp_server_advanced.py:635] -   - 2 components
2026-03-23 23:52:31,847 - mcp.server.lowlevel.server - DEBUG - [server.py:790] - Response sent
2026-03-24 00:05:13,207 - mcp.server.lowlevel.server - DEBUG - [server.py:675] - Received message: <mcp.shared.session.RequestResponder object at 0x0000025468759C50>
2026-03-24 00:05:13,208 - mcp.server.lowlevel.server - INFO - [server.py:720] - Processing request of type CallToolRequest
2026-03-24 00:05:13,208 - mcp.server.lowlevel.server - DEBUG - [server.py:723] - Dispatching request of type CallToolRequest
2026-03-24 00:05:13,208 - UnrealMCP_Advanced - INFO - [unreal_mcp_server_advanced.py:621] - Reading Blueprint content for: /Game/_FPS/Weapon/Common/BP_FPSProjectile
2026-03-24 00:05:13,208 - UnrealMCP_Advanced - INFO - [unreal_mcp_server_advanced.py:147] - Connecting to Unreal at 127.0.0.1:55558 (attempt 1/4)...
2026-03-24 00:05:13,209 - UnrealMCP_Advanced - INFO - [unreal_mcp_server_advanced.py:154] - Successfully connected to Unreal Engine
2026-03-24 00:05:13,209 - UnrealMCP_Advanced - INFO - [unreal_mcp_server_advanced.py:302] - Sending command (attempt 1): describe_blueprint_full
2026-03-24 00:05:13,209 - UnrealMCP_Advanced - DEBUG - [unreal_mcp_server_advanced.py:303] - Command payload: {"type": "describe_blueprint_full", "params": {"include_event_graph": false, "include_functions": false, "include_variables": false, "include_components": true, "include_interfaces": false, "blueprint_name": "BP_FPSProjectile"}}...
2026-03-24 00:05:13,298 - UnrealMCP_Advanced - INFO - [unreal_mcp_server_advanced.py:233] - Received response (2653 bytes) for describe_blueprint_full
2026-03-24 00:05:13,298 - UnrealMCP_Advanced - INFO - [unreal_mcp_server_advanced.py:322] - Command describe_blueprint_full completed successfully
2026-03-24 00:05:13,298 - UnrealMCP_Advanced - INFO - [unreal_mcp_server_advanced.py:627] - Successfully read Blueprint content. Found:
2026-03-24 00:05:13,299 - UnrealMCP_Advanced - INFO - [unreal_mcp_server_advanced.py:635] -   - 2 components
2026-03-24 00:05:13,301 - mcp.server.lowlevel.server - DEBUG - [server.py:790] - Response sent
2026-03-24 00:05:30,728 - mcp.server.lowlevel.server - DEBUG - [server.py:675] - Received message: <mcp.shared.session.RequestResponder object at 0x0000025468725B50>
2026-03-24 00:05:30,728 - mcp.server.lowlevel.server - INFO - [server.py:720] - Processing request of type CallToolRequest
2026-03-24 00:05:30,728 - mcp.server.lowlevel.server - DEBUG - [server.py:723] - Dispatching request of type CallToolRequest
2026-03-24 00:05:30,729 - UnrealMCP_Advanced - INFO - [unreal_mcp_server_advanced.py:147] - Connecting to Unreal at 127.0.0.1:55558 (attempt 1/4)...
2026-03-24 00:05:30,730 - UnrealMCP_Advanced - INFO - [unreal_mcp_server_advanced.py:154] - Successfully connected to Unreal Engine
2026-03-24 00:05:30,730 - UnrealMCP_Advanced - INFO - [unreal_mcp_server_advanced.py:302] - Sending command (attempt 1): set_static_mesh_properties
2026-03-24 00:05:30,730 - UnrealMCP_Advanced - DEBUG - [unreal_mcp_server_advanced.py:303] - Command payload: {"type": "set_static_mesh_properties", "params": {"blueprint_name": "BP_FPSProjectile", "component_name": "Sphere", "static_mesh": "/Engine/BasicShapes/Sphere.Sphere"}}...
2026-03-24 00:05:30,972 - UnrealMCP_Advanced - INFO - [unreal_mcp_server_advanced.py:233] - Received response (47 bytes) for set_static_mesh_properties
2026-03-24 00:05:30,972 - UnrealMCP_Advanced - INFO - [unreal_mcp_server_advanced.py:322] - Command set_static_mesh_properties completed successfully
2026-03-24 00:05:30,975 - mcp.server.lowlevel.server - DEBUG - [server.py:790] - Response sent
2026-03-24 00:06:14,223 - mcp.server.lowlevel.server - DEBUG - [server.py:675] - Received message: <mcp.shared.session.RequestResponder object at 0x0000025468529810>
2026-03-24 00:06:14,224 - mcp.server.lowlevel.server - INFO - [server.py:720] - Processing request of type CallToolRequest
2026-03-24 00:06:14,224 - mcp.server.lowlevel.server - DEBUG - [server.py:723] - Dispatching request of type CallToolRequest
2026-03-24 00:06:14,224 - UnrealMCP_Advanced - INFO - [unreal_mcp_server_advanced.py:147] - Connecting to Unreal at 127.0.0.1:55558 (attempt 1/4)...
2026-03-24 00:06:14,224 - UnrealMCP_Advanced - INFO - [unreal_mcp_server_advanced.py:154] - Successfully connected to Unreal Engine
2026-03-24 00:06:14,224 - UnrealMCP_Advanced - INFO - [unreal_mcp_server_advanced.py:302] - Sending command (attempt 1): compile_blueprint
2026-03-24 00:06:14,224 - UnrealMCP_Advanced - DEBUG - [unreal_mcp_server_advanced.py:303] - Command payload: {"type": "compile_blueprint", "params": {"blueprint_name": "BP_FPSProjectile"}}...
2026-03-24 00:06:14,609 - UnrealMCP_Advanced - INFO - [unreal_mcp_server_advanced.py:233] - Received response (167 bytes) for compile_blueprint
2026-03-24 00:06:14,609 - UnrealMCP_Advanced - INFO - [unreal_mcp_server_advanced.py:322] - Command compile_blueprint completed successfully
2026-03-24 00:06:14,611 - mcp.server.lowlevel.server - DEBUG - [server.py:790] - Response sent
2026-03-24 02:42:18,731 - mcp.server.lowlevel.server - DEBUG - [server.py:162] - Initializing server 'UnrealMCP_Advanced'
2026-03-24 02:42:18,732 - mcp.server.lowlevel.server - DEBUG - [server.py:439] - Registering handler for ListToolsRequest
2026-03-24 02:42:18,732 - mcp.server.lowlevel.server - DEBUG - [server.py:519] - Registering handler for CallToolRequest
2026-03-24 02:42:18,732 - mcp.server.lowlevel.server - DEBUG - [server.py:301] - Registering handler for ListResourcesRequest
2026-03-24 02:42:18,732 - mcp.server.lowlevel.server - DEBUG - [server.py:336] - Registering handler for ReadResourceRequest
2026-03-24 02:42:18,732 - mcp.server.lowlevel.server - DEBUG - [server.py:263] - Registering handler for PromptListRequest
2026-03-24 02:42:18,732 - mcp.server.lowlevel.server - DEBUG - [server.py:285] - Registering handler for GetPromptRequest
2026-03-24 02:42:18,732 - mcp.server.lowlevel.server - DEBUG - [server.py:321] - Registering handler for ListResourceTemplatesRequest
2026-03-24 02:42:18,889 - UnrealMCP_Advanced - INFO - [unreal_mcp_server_advanced.py:2744] - Starting Advanced MCP server with stdio transport
2026-03-24 02:42:18,897 - asyncio - DEBUG - [proactor_events.py:633] - Using proactor: IocpProactor
2026-03-24 02:42:18,903 - UnrealMCP_Advanced - INFO - [unreal_mcp_server_advanced.py:376] - UnrealMCP Advanced server starting up
2026-03-24 02:42:18,903 - UnrealMCP_Advanced - INFO - [unreal_mcp_server_advanced.py:377] - Connection will be established lazily on first tool call
2026-03-24 02:42:18,919 - mcp.server.lowlevel.server - DEBUG - [server.py:675] - Received message: root=InitializedNotification(method='notifications/initialized', params=None, jsonrpc='2.0')
2026-03-24 02:42:18,922 - mcp.server.lowlevel.server - DEBUG - [server.py:675] - Received message: <mcp.shared.session.RequestResponder object at 0x000001FC08F74B50>
2026-03-24 02:42:18,922 - mcp.server.lowlevel.server - INFO - [server.py:720] - Processing request of type ListToolsRequest
2026-03-24 02:42:18,923 - mcp.server.lowlevel.server - DEBUG - [server.py:723] - Dispatching request of type ListToolsRequest
2026-03-24 02:42:18,924 - mcp.server.lowlevel.server - DEBUG - [server.py:790] - Response sent
2026-03-24 02:42:18,928 - mcp.server.lowlevel.server - DEBUG - [server.py:675] - Received message: <mcp.shared.session.RequestResponder object at 0x000001FC08E13910>
2026-03-24 02:42:18,929 - mcp.server.lowlevel.server - INFO - [server.py:720] - Processing request of type ListPromptsRequest
2026-03-24 02:42:18,929 - mcp.server.lowlevel.server - DEBUG - [server.py:723] - Dispatching request of type ListPromptsRequest
2026-03-24 02:42:18,931 - mcp.server.lowlevel.server - DEBUG - [server.py:675] - Received message: <mcp.shared.session.RequestResponder object at 0x000001FC08EC0590>
2026-03-24 02:42:18,933 - mcp.server.lowlevel.server - INFO - [server.py:720] - Processing request of type ListResourcesRequest
2026-03-24 02:42:18,933 - mcp.server.lowlevel.server - DEBUG - [server.py:723] - Dispatching request of type ListResourcesRequest
2026-03-24 02:42:18,933 - mcp.server.fastmcp.resources.resource_manager - DEBUG - [resource_manager.py:109] - Listing resources
2026-03-24 02:42:18,934 - mcp.server.lowlevel.server - DEBUG - [server.py:790] - Response sent
2026-03-24 02:42:18,996 - mcp.server.lowlevel.server - DEBUG - [server.py:790] - Response sent
2026-03-24 02:53:09,062 - mcp.server.lowlevel.server - DEBUG - [server.py:162] - Initializing server 'UnrealMCP_Advanced'
2026-03-24 02:53:09,062 - mcp.server.lowlevel.server - DEBUG - [server.py:439] - Registering handler for ListToolsRequest
2026-03-24 02:53:09,062 - mcp.server.lowlevel.server - DEBUG - [server.py:519] - Registering handler for CallToolRequest
2026-03-24 02:53:09,062 - mcp.server.lowlevel.server - DEBUG - [server.py:301] - Registering handler for ListResourcesRequest
2026-03-24 02:53:09,063 - mcp.server.lowlevel.server - DEBUG - [server.py:336] - Registering handler for ReadResourceRequest
2026-03-24 02:53:09,063 - mcp.server.lowlevel.server - DEBUG - [server.py:263] - Registering handler for PromptListRequest
2026-03-24 02:53:09,063 - mcp.server.lowlevel.server - DEBUG - [server.py:285] - Registering handler for GetPromptRequest
2026-03-24 02:53:09,063 - mcp.server.lowlevel.server - DEBUG - [server.py:321] - Registering handler for ListResourceTemplatesRequest
2026-03-24 02:53:09,147 - UnrealMCP_Advanced - INFO - [unreal_mcp_server_advanced.py:2744] - Starting Advanced MCP server with stdio transport
2026-03-24 02:53:09,151 - asyncio - DEBUG - [proactor_events.py:633] - Using proactor: IocpProactor
2026-03-24 02:53:09,155 - UnrealMCP_Advanced - INFO - [unreal_mcp_server_advanced.py:376] - UnrealMCP Advanced server starting up
2026-03-24 02:53:09,155 - UnrealMCP_Advanced - INFO - [unreal_mcp_server_advanced.py:377] - Connection will be established lazily on first tool call
2026-03-24 02:53:09,159 - mcp.server.lowlevel.server - DEBUG - [server.py:675] - Received message: root=InitializedNotification(method='notifications/initialized', params=None, jsonrpc='2.0')
2026-03-24 02:53:09,160 - mcp.server.lowlevel.server - DEBUG - [server.py:675] - Received message: <mcp.shared.session.RequestResponder object at 0x00000238F230EF50>
2026-03-24 02:53:09,160 - mcp.server.lowlevel.server - INFO - [server.py:720] - Processing request of type ListToolsRequest
2026-03-24 02:53:09,160 - mcp.server.lowlevel.server - DEBUG - [server.py:723] - Dispatching request of type ListToolsRequest
2026-03-24 02:53:09,162 - mcp.server.lowlevel.server - DEBUG - [server.py:790] - Response sent
2026-03-24 02:53:09,163 - mcp.server.lowlevel.server - DEBUG - [server.py:675] - Received message: <mcp.shared.session.RequestResponder object at 0x00000238F22CB010>
2026-03-24 02:53:09,163 - mcp.server.lowlevel.server - INFO - [server.py:720] - Processing request of type ListPromptsRequest
2026-03-24 02:53:09,163 - mcp.server.lowlevel.server - DEBUG - [server.py:723] - Dispatching request of type ListPromptsRequest
2026-03-24 02:53:09,164 - mcp.server.lowlevel.server - DEBUG - [server.py:675] - Received message: <mcp.shared.session.RequestResponder object at 0x00000238F227B450>
2026-03-24 02:53:09,164 - mcp.server.lowlevel.server - INFO - [server.py:720] - Processing request of type ListResourcesRequest
2026-03-24 02:53:09,164 - mcp.server.lowlevel.server - DEBUG - [server.py:723] - Dispatching request of type ListResourcesRequest
2026-03-24 02:53:09,164 - mcp.server.fastmcp.resources.resource_manager - DEBUG - [resource_manager.py:109] - Listing resources
2026-03-24 02:53:09,164 - mcp.server.lowlevel.server - DEBUG - [server.py:790] - Response sent
2026-03-24 02:53:09,165 - mcp.server.lowlevel.server - DEBUG - [server.py:790] - Response sent
2026-03-25 07:20:52,644 - mcp.server.lowlevel.server - DEBUG - [server.py:162] - Initializing server 'UnrealMCP_Advanced'
2026-03-25 07:20:52,644 - mcp.server.lowlevel.server - DEBUG - [server.py:439] - Registering handler for ListToolsRequest
2026-03-25 07:20:52,645 - mcp.server.lowlevel.server - DEBUG - [server.py:519] - Registering handler for CallToolRequest
2026-03-25 07:20:52,645 - mcp.server.lowlevel.server - DEBUG - [server.py:301] - Registering handler for ListResourcesRequest
2026-03-25 07:20:52,645 - mcp.server.lowlevel.server - DEBUG - [server.py:336] - Registering handler for ReadResourceRequest
2026-03-25 07:20:52,645 - mcp.server.lowlevel.server - DEBUG - [server.py:263] - Registering handler for PromptListRequest
2026-03-25 07:20:52,645 - mcp.server.lowlevel.server - DEBUG - [server.py:285] - Registering handler for GetPromptRequest
2026-03-25 07:20:52,645 - mcp.server.lowlevel.server - DEBUG - [server.py:321] - Registering handler for ListResourceTemplatesRequest
2026-03-25 07:20:52,739 - UnrealMCP_Advanced - INFO - [unreal_mcp_server_advanced.py:2744] - Starting Advanced MCP server with stdio transport
2026-03-25 07:20:52,748 - asyncio - DEBUG - [proactor_events.py:633] - Using proactor: IocpProactor
2026-03-25 07:20:52,752 - UnrealMCP_Advanced - INFO - [unreal_mcp_server_advanced.py:376] - UnrealMCP Advanced server starting up
2026-03-25 07:20:52,752 - UnrealMCP_Advanced - INFO - [unreal_mcp_server_advanced.py:377] - Connection will be established lazily on first tool call
2026-03-25 07:20:52,765 - mcp.server.lowlevel.server - DEBUG - [server.py:675] - Received message: root=InitializedNotification(method='notifications/initialized', params=None, jsonrpc='2.0')
2026-03-25 07:20:52,766 - mcp.server.lowlevel.server - DEBUG - [server.py:675] - Received message: <mcp.shared.session.RequestResponder object at 0x00000280BE6D2E50>
2026-03-25 07:20:52,766 - mcp.server.lowlevel.server - INFO - [server.py:720] - Processing request of type ListToolsRequest
2026-03-25 07:20:52,766 - mcp.server.lowlevel.server - DEBUG - [server.py:723] - Dispatching request of type ListToolsRequest
2026-03-25 07:20:52,767 - mcp.server.lowlevel.server - DEBUG - [server.py:790] - Response sent
2026-03-25 07:20:52,768 - mcp.server.lowlevel.server - DEBUG - [server.py:675] - Received message: <mcp.shared.session.RequestResponder object at 0x00000280BE69F350>
2026-03-25 07:20:52,769 - mcp.server.lowlevel.server - INFO - [server.py:720] - Processing request of type ListPromptsRequest
2026-03-25 07:20:52,769 - mcp.server.lowlevel.server - DEBUG - [server.py:723] - Dispatching request of type ListPromptsRequest
2026-03-25 07:20:52,769 - mcp.server.lowlevel.server - DEBUG - [server.py:675] - Received message: <mcp.shared.session.RequestResponder object at 0x00000280BE747710>
2026-03-25 07:20:52,770 - mcp.server.lowlevel.server - INFO - [server.py:720] - Processing request of type ListResourcesRequest
2026-03-25 07:20:52,770 - mcp.server.lowlevel.server - DEBUG - [server.py:723] - Dispatching request of type ListResourcesRequest
2026-03-25 07:20:52,770 - mcp.server.fastmcp.resources.resource_manager - DEBUG - [resource_manager.py:109] - Listing resources
2026-03-25 07:20:52,770 - mcp.server.lowlevel.server - DEBUG - [server.py:790] - Response sent
2026-03-25 07:20:52,771 - mcp.server.lowlevel.server - DEBUG - [server.py:790] - Response sent
2026-03-25 08:07:47,182 - mcp.server.lowlevel.server - DEBUG - [server.py:675] - Received message: <mcp.shared.session.RequestResponder object at 0x00000280BE672110>
2026-03-25 08:07:47,187 - mcp.server.lowlevel.server - INFO - [server.py:720] - Processing request of type CallToolRequest
2026-03-25 08:07:47,187 - mcp.server.lowlevel.server - DEBUG - [server.py:723] - Dispatching request of type CallToolRequest
2026-03-25 08:07:47,191 - UnrealMCP_Advanced - INFO - [unreal_mcp_server_advanced.py:358] - Creating new UnrealConnection instance
2026-03-25 08:07:47,191 - UnrealMCP_Advanced - INFO - [unreal_mcp_server_advanced.py:621] - Reading Blueprint content for: /Game/FPS/BP_FirstPersonProjectile
2026-03-25 08:07:47,192 - UnrealMCP_Advanced - INFO - [unreal_mcp_server_advanced.py:147] - Connecting to Unreal at 127.0.0.1:55558 (attempt 1/4)...
2026-03-25 08:07:47,193 - UnrealMCP_Advanced - INFO - [unreal_mcp_server_advanced.py:154] - Successfully connected to Unreal Engine
2026-03-25 08:07:47,194 - UnrealMCP_Advanced - INFO - [unreal_mcp_server_advanced.py:302] - Sending command (attempt 1): describe_blueprint_full
2026-03-25 08:07:47,194 - UnrealMCP_Advanced - DEBUG - [unreal_mcp_server_advanced.py:303] - Command payload: {"type": "describe_blueprint_full", "params": {"include_event_graph": false, "include_functions": false, "include_variables": false, "include_components": true, "include_interfaces": false, "blueprint_name": "BP_FirstPersonProjectile"}}...
2026-03-25 08:07:47,207 - UnrealMCP_Advanced - INFO - [unreal_mcp_server_advanced.py:233] - Received response (14308 bytes) for describe_blueprint_full
2026-03-25 08:07:47,207 - UnrealMCP_Advanced - INFO - [unreal_mcp_server_advanced.py:322] - Command describe_blueprint_full completed successfully
2026-03-25 08:07:47,207 - UnrealMCP_Advanced - INFO - [unreal_mcp_server_advanced.py:627] - Successfully read Blueprint content. Found:
2026-03-25 08:07:47,207 - UnrealMCP_Advanced - INFO - [unreal_mcp_server_advanced.py:635] -   - 3 components
2026-03-25 08:07:47,220 - mcp.server.lowlevel.server - DEBUG - [server.py:790] - Response sent
2026-03-25 08:09:01,510 - mcp.server.lowlevel.server - DEBUG - [server.py:675] - Received message: <mcp.shared.session.RequestResponder object at 0x00000280BE6D2E50>
2026-03-25 08:09:01,511 - mcp.server.lowlevel.server - INFO - [server.py:720] - Processing request of type CallToolRequest
2026-03-25 08:09:01,512 - mcp.server.lowlevel.server - DEBUG - [server.py:723] - Dispatching request of type CallToolRequest
2026-03-25 08:09:01,512 - UnrealMCP_Advanced - INFO - [unreal_mcp_server_advanced.py:147] - Connecting to Unreal at 127.0.0.1:55558 (attempt 1/4)...
2026-03-25 08:09:01,540 - UnrealMCP_Advanced - INFO - [unreal_mcp_server_advanced.py:154] - Successfully connected to Unreal Engine
2026-03-25 08:09:01,540 - UnrealMCP_Advanced - INFO - [unreal_mcp_server_advanced.py:302] - Sending command (attempt 1): list_assets
2026-03-25 08:09:01,540 - UnrealMCP_Advanced - DEBUG - [unreal_mcp_server_advanced.py:303] - Command payload: {"type": "list_assets", "params": {"path": "/Game/FPS", "filter": "Material"}}...
2026-03-25 08:09:01,891 - UnrealMCP_Advanced - INFO - [unreal_mcp_server_advanced.py:233] - Received response (134170 bytes) for list_assets
2026-03-25 08:09:01,892 - UnrealMCP_Advanced - INFO - [unreal_mcp_server_advanced.py:322] - Command list_assets completed successfully
2026-03-25 08:09:01,896 - mcp.server.lowlevel.server - DEBUG - [server.py:790] - Response sent
2026-03-25 08:23:13,323 - mcp.server.lowlevel.server - DEBUG - [server.py:675] - Received message: <mcp.shared.session.RequestResponder object at 0x00000280BE650E10>
2026-03-25 08:23:13,324 - mcp.server.lowlevel.server - INFO - [server.py:720] - Processing request of type CallToolRequest
2026-03-25 08:23:13,324 - mcp.server.lowlevel.server - DEBUG - [server.py:723] - Dispatching request of type CallToolRequest
2026-03-25 08:23:13,324 - UnrealMCP_Advanced - INFO - [unreal_mcp_server_advanced.py:621] - Reading Blueprint content for: /Game/_FPS/_test/Test_Player
2026-03-25 08:23:13,324 - UnrealMCP_Advanced - INFO - [unreal_mcp_server_advanced.py:147] - Connecting to Unreal at 127.0.0.1:55558 (attempt 1/4)...
2026-03-25 08:23:13,325 - UnrealMCP_Advanced - INFO - [unreal_mcp_server_advanced.py:154] - Successfully connected to Unreal Engine
2026-03-25 08:23:13,325 - UnrealMCP_Advanced - INFO - [unreal_mcp_server_advanced.py:302] - Sending command (attempt 1): describe_blueprint_full
2026-03-25 08:23:13,325 - UnrealMCP_Advanced - DEBUG - [unreal_mcp_server_advanced.py:303] - Command payload: {"type": "describe_blueprint_full", "params": {"include_event_graph": false, "include_functions": false, "include_variables": false, "include_components": true, "include_interfaces": false, "blueprint_name": "Test_Player"}}...
2026-03-25 08:23:13,364 - UnrealMCP_Advanced - INFO - [unreal_mcp_server_advanced.py:233] - Received response (5339 bytes) for describe_blueprint_full
2026-03-25 08:23:13,364 - UnrealMCP_Advanced - INFO - [unreal_mcp_server_advanced.py:322] - Command describe_blueprint_full completed successfully
2026-03-25 08:23:13,364 - UnrealMCP_Advanced - INFO - [unreal_mcp_server_advanced.py:627] - Successfully read Blueprint content. Found:
2026-03-25 08:23:13,364 - UnrealMCP_Advanced - INFO - [unreal_mcp_server_advanced.py:629] -   - 29 variables
2026-03-25 08:23:13,364 - UnrealMCP_Advanced - INFO - [unreal_mcp_server_advanced.py:635] -   - 2 components
2026-03-25 08:23:13,365 - mcp.server.lowlevel.server - DEBUG - [server.py:790] - Response sent
2026-03-25 08:26:36,728 - mcp.server.lowlevel.server - DEBUG - [server.py:675] - Received message: <mcp.shared.session.RequestResponder object at 0x00000280BE66A250>
2026-03-25 08:26:36,728 - mcp.server.lowlevel.server - INFO - [server.py:720] - Processing request of type CallToolRequest
2026-03-25 08:26:36,728 - mcp.server.lowlevel.server - DEBUG - [server.py:723] - Dispatching request of type CallToolRequest
2026-03-25 08:26:36,728 - UnrealMCP_Advanced - INFO - [unreal_mcp_server_advanced.py:621] - Reading Blueprint content for: /Game/_FPS/_test/Test_Player
2026-03-25 08:26:36,728 - UnrealMCP_Advanced - INFO - [unreal_mcp_server_advanced.py:147] - Connecting to Unreal at 127.0.0.1:55558 (attempt 1/4)...
2026-03-25 08:26:36,728 - UnrealMCP_Advanced - INFO - [unreal_mcp_server_advanced.py:154] - Successfully connected to Unreal Engine
2026-03-25 08:26:36,728 - UnrealMCP_Advanced - INFO - [unreal_mcp_server_advanced.py:302] - Sending command (attempt 1): describe_blueprint_full
2026-03-25 08:26:36,728 - UnrealMCP_Advanced - DEBUG - [unreal_mcp_server_advanced.py:303] - Command payload: {"type": "describe_blueprint_full", "params": {"include_event_graph": false, "include_functions": false, "include_variables": false, "include_components": true, "include_interfaces": false, "blueprint_name": "Test_Player"}}...
2026-03-25 08:26:36,752 - UnrealMCP_Advanced - INFO - [unreal_mcp_server_advanced.py:233] - Received response (5161 bytes) for describe_blueprint_full
2026-03-25 08:26:36,753 - UnrealMCP_Advanced - INFO - [unreal_mcp_server_advanced.py:322] - Command describe_blueprint_full completed successfully
2026-03-25 08:26:36,753 - UnrealMCP_Advanced - INFO - [unreal_mcp_server_advanced.py:627] - Successfully read Blueprint content. Found:
2026-03-25 08:26:36,753 - UnrealMCP_Advanced - INFO - [unreal_mcp_server_advanced.py:629] -   - 29 variables
2026-03-25 08:26:36,754 - mcp.server.lowlevel.server - DEBUG - [server.py:790] - Response sent
2026-03-26 23:09:12,888 - mcp.server.lowlevel.server - DEBUG - [server.py:162] - Initializing server 'UnrealMCP_Advanced'
2026-03-26 23:09:12,888 - mcp.server.lowlevel.server - DEBUG - [server.py:439] - Registering handler for ListToolsRequest
2026-03-26 23:09:12,888 - mcp.server.lowlevel.server - DEBUG - [server.py:519] - Registering handler for CallToolRequest
2026-03-26 23:09:12,888 - mcp.server.lowlevel.server - DEBUG - [server.py:301] - Registering handler for ListResourcesRequest
2026-03-26 23:09:12,889 - mcp.server.lowlevel.server - DEBUG - [server.py:336] - Registering handler for ReadResourceRequest
2026-03-26 23:09:12,889 - mcp.server.lowlevel.server - DEBUG - [server.py:263] - Registering handler for PromptListRequest
2026-03-26 23:09:12,889 - mcp.server.lowlevel.server - DEBUG - [server.py:285] - Registering handler for GetPromptRequest
2026-03-26 23:09:12,889 - mcp.server.lowlevel.server - DEBUG - [server.py:321] - Registering handler for ListResourceTemplatesRequest
2026-03-26 23:09:13,022 - UnrealMCP_Advanced - INFO - [unreal_mcp_server_advanced.py:2744] - Starting Advanced MCP server with stdio transport
2026-03-26 23:09:13,028 - asyncio - DEBUG - [proactor_events.py:633] - Using proactor: IocpProactor
2026-03-26 23:09:13,033 - UnrealMCP_Advanced - INFO - [unreal_mcp_server_advanced.py:376] - UnrealMCP Advanced server starting up
2026-03-26 23:09:13,033 - UnrealMCP_Advanced - INFO - [unreal_mcp_server_advanced.py:377] - Connection will be established lazily on first tool call
2026-03-26 23:09:13,042 - mcp.server.lowlevel.server - DEBUG - [server.py:675] - Received message: root=InitializedNotification(method='notifications/initialized', params=None, jsonrpc='2.0')
2026-03-26 23:09:13,045 - mcp.server.lowlevel.server - DEBUG - [server.py:675] - Received message: <mcp.shared.session.RequestResponder object at 0x000002F2C5558110>
2026-03-26 23:09:13,046 - mcp.server.lowlevel.server - INFO - [server.py:720] - Processing request of type ListToolsRequest
2026-03-26 23:09:13,046 - mcp.server.lowlevel.server - DEBUG - [server.py:723] - Dispatching request of type ListToolsRequest
2026-03-26 23:09:13,047 - mcp.server.lowlevel.server - DEBUG - [server.py:790] - Response sent
2026-03-26 23:09:13,048 - mcp.server.lowlevel.server - DEBUG - [server.py:675] - Received message: <mcp.shared.session.RequestResponder object at 0x000002F2C55DCFD0>
2026-03-26 23:09:13,048 - mcp.server.lowlevel.server - INFO - [server.py:720] - Processing request of type ListPromptsRequest
2026-03-26 23:09:13,049 - mcp.server.lowlevel.server - DEBUG - [server.py:723] - Dispatching request of type ListPromptsRequest
2026-03-26 23:09:13,050 - mcp.server.lowlevel.server - DEBUG - [server.py:675] - Received message: <mcp.shared.session.RequestResponder object at 0x000002F2C55BB450>
2026-03-26 23:09:13,050 - mcp.server.lowlevel.server - INFO - [server.py:720] - Processing request of type ListResourcesRequest
2026-03-26 23:09:13,051 - mcp.server.lowlevel.server - DEBUG - [server.py:723] - Dispatching request of type ListResourcesRequest
2026-03-26 23:09:13,051 - mcp.server.fastmcp.resources.resource_manager - DEBUG - [resource_manager.py:109] - Listing resources
2026-03-26 23:09:13,052 - mcp.server.lowlevel.server - DEBUG - [server.py:790] - Response sent
2026-03-26 23:09:13,052 - mcp.server.lowlevel.server - DEBUG - [server.py:790] - Response sent
2026-03-26 23:11:15,747 - mcp.server.lowlevel.server - DEBUG - [server.py:162] - Initializing server 'UnrealMCP_Advanced'
2026-03-26 23:11:15,749 - mcp.server.lowlevel.server - DEBUG - [server.py:439] - Registering handler for ListToolsRequest
2026-03-26 23:11:15,749 - mcp.server.lowlevel.server - DEBUG - [server.py:519] - Registering handler for CallToolRequest
2026-03-26 23:11:15,749 - mcp.server.lowlevel.server - DEBUG - [server.py:301] - Registering handler for ListResourcesRequest
2026-03-26 23:11:15,749 - mcp.server.lowlevel.server - DEBUG - [server.py:336] - Registering handler for ReadResourceRequest
2026-03-26 23:11:15,749 - mcp.server.lowlevel.server - DEBUG - [server.py:263] - Registering handler for PromptListRequest
2026-03-26 23:11:15,749 - mcp.server.lowlevel.server - DEBUG - [server.py:285] - Registering handler for GetPromptRequest
2026-03-26 23:11:15,749 - mcp.server.lowlevel.server - DEBUG - [server.py:321] - Registering handler for ListResourceTemplatesRequest
2026-03-26 23:11:15,831 - UnrealMCP_Advanced - INFO - [unreal_mcp_server_advanced.py:2744] - Starting Advanced MCP server with stdio transport
2026-03-26 23:11:15,835 - asyncio - DEBUG - [proactor_events.py:633] - Using proactor: IocpProactor
2026-03-26 23:11:15,840 - UnrealMCP_Advanced - INFO - [unreal_mcp_server_advanced.py:376] - UnrealMCP Advanced server starting up
2026-03-26 23:11:15,841 - UnrealMCP_Advanced - INFO - [unreal_mcp_server_advanced.py:377] - Connection will be established lazily on first tool call
2026-03-26 23:11:15,845 - mcp.server.lowlevel.server - DEBUG - [server.py:675] - Received message: root=InitializedNotification(method='notifications/initialized', params=None, jsonrpc='2.0')
2026-03-26 23:11:15,846 - mcp.server.lowlevel.server - DEBUG - [server.py:675] - Received message: <mcp.shared.session.RequestResponder object at 0x0000019A4D56A210>
2026-03-26 23:11:15,846 - mcp.server.lowlevel.server - INFO - [server.py:720] - Processing request of type ListToolsRequest
2026-03-26 23:11:15,847 - mcp.server.lowlevel.server - DEBUG - [server.py:723] - Dispatching request of type ListToolsRequest
2026-03-26 23:11:15,847 - mcp.server.lowlevel.server - DEBUG - [server.py:790] - Response sent
2026-03-26 23:11:15,848 - mcp.server.lowlevel.server - DEBUG - [server.py:675] - Received message: <mcp.shared.session.RequestResponder object at 0x0000019A4D2287D0>
2026-03-26 23:11:15,848 - mcp.server.lowlevel.server - INFO - [server.py:720] - Processing request of type ListPromptsRequest
2026-03-26 23:11:15,848 - mcp.server.lowlevel.server - DEBUG - [server.py:723] - Dispatching request of type ListPromptsRequest
2026-03-26 23:11:15,849 - mcp.server.lowlevel.server - DEBUG - [server.py:675] - Received message: <mcp.shared.session.RequestResponder object at 0x0000019A4D52B5D0>
2026-03-26 23:11:15,849 - mcp.server.lowlevel.server - INFO - [server.py:720] - Processing request of type ListResourcesRequest
2026-03-26 23:11:15,850 - mcp.server.lowlevel.server - DEBUG - [server.py:723] - Dispatching request of type ListResourcesRequest
2026-03-26 23:11:15,850 - mcp.server.fastmcp.resources.resource_manager - DEBUG - [resource_manager.py:109] - Listing resources
2026-03-26 23:11:15,850 - mcp.server.lowlevel.server - DEBUG - [server.py:790] - Response sent
2026-03-26 23:11:15,851 - mcp.server.lowlevel.server - DEBUG - [server.py:790] - Response sent
2026-03-26 23:24:19,628 - mcp.server.lowlevel.server - DEBUG - [server.py:162] - Initializing server 'UnrealMCP_Advanced'
2026-03-26 23:24:19,628 - mcp.server.lowlevel.server - DEBUG - [server.py:439] - Registering handler for ListToolsRequest
2026-03-26 23:24:19,628 - mcp.server.lowlevel.server - DEBUG - [server.py:519] - Registering handler for CallToolRequest
2026-03-26 23:24:19,628 - mcp.server.lowlevel.server - DEBUG - [server.py:301] - Registering handler for ListResourcesRequest
2026-03-26 23:24:19,628 - mcp.server.lowlevel.server - DEBUG - [server.py:336] - Registering handler for ReadResourceRequest
2026-03-26 23:24:19,628 - mcp.server.lowlevel.server - DEBUG - [server.py:263] - Registering handler for PromptListRequest
2026-03-26 23:24:19,629 - mcp.server.lowlevel.server - DEBUG - [server.py:285] - Registering handler for GetPromptRequest
2026-03-26 23:24:19,629 - mcp.server.lowlevel.server - DEBUG - [server.py:321] - Registering handler for ListResourceTemplatesRequest
2026-03-26 23:24:19,983 - UnrealMCP_Advanced - INFO - [unreal_mcp_server_advanced.py:2744] - Starting Advanced MCP server with stdio transport
2026-03-26 23:24:19,995 - asyncio - DEBUG - [proactor_events.py:633] - Using proactor: IocpProactor
2026-03-26 23:24:20,000 - UnrealMCP_Advanced - INFO - [unreal_mcp_server_advanced.py:376] - UnrealMCP Advanced server starting up
2026-03-26 23:24:20,000 - UnrealMCP_Advanced - INFO - [unreal_mcp_server_advanced.py:377] - Connection will be established lazily on first tool call
2026-03-26 23:24:20,059 - mcp.server.lowlevel.server - DEBUG - [server.py:675] - Received message: root=InitializedNotification(method='notifications/initialized', params=None, jsonrpc='2.0')
2026-03-26 23:24:20,064 - mcp.server.lowlevel.server - DEBUG - [server.py:675] - Received message: <mcp.shared.session.RequestResponder object at 0x0000027A1C991910>
2026-03-26 23:24:20,065 - mcp.server.lowlevel.server - INFO - [server.py:720] - Processing request of type ListToolsRequest
2026-03-26 23:24:20,065 - mcp.server.lowlevel.server - DEBUG - [server.py:723] - Dispatching request of type ListToolsRequest
2026-03-26 23:24:20,066 - mcp.server.lowlevel.server - DEBUG - [server.py:790] - Response sent
2026-03-26 23:24:20,068 - mcp.server.lowlevel.server - DEBUG - [server.py:675] - Received message: <mcp.shared.session.RequestResponder object at 0x0000027A1C6E1490>
2026-03-26 23:24:20,068 - mcp.server.lowlevel.server - INFO - [server.py:720] - Processing request of type ListPromptsRequest
2026-03-26 23:24:20,068 - mcp.server.lowlevel.server - DEBUG - [server.py:723] - Dispatching request of type ListPromptsRequest
2026-03-26 23:24:20,069 - mcp.server.lowlevel.server - DEBUG - [server.py:675] - Received message: <mcp.shared.session.RequestResponder object at 0x0000027A1C913450>
2026-03-26 23:24:20,069 - mcp.server.lowlevel.server - INFO - [server.py:720] - Processing request of type ListResourcesRequest
2026-03-26 23:24:20,069 - mcp.server.lowlevel.server - DEBUG - [server.py:723] - Dispatching request of type ListResourcesRequest
2026-03-26 23:24:20,069 - mcp.server.fastmcp.resources.resource_manager - DEBUG - [resource_manager.py:109] - Listing resources
2026-03-26 23:24:20,069 - mcp.server.lowlevel.server - DEBUG - [server.py:790] - Response sent
2026-03-26 23:24:20,070 - mcp.server.lowlevel.server - DEBUG - [server.py:790] - Response sent
2026-03-27 00:04:36,434 - mcp.server.lowlevel.server - DEBUG - [server.py:675] - Received message: <mcp.shared.session.RequestResponder object at 0x0000027A1C99F850>
2026-03-27 00:04:36,435 - mcp.server.lowlevel.server - INFO - [server.py:720] - Processing request of type CallToolRequest
2026-03-27 00:04:36,436 - mcp.server.lowlevel.server - DEBUG - [server.py:723] - Dispatching request of type CallToolRequest
2026-03-27 00:04:36,437 - UnrealMCP_Advanced - INFO - [unreal_mcp_server_advanced.py:358] - Creating new UnrealConnection instance
2026-03-27 00:04:36,437 - UnrealMCP_Advanced - INFO - [unreal_mcp_server_advanced.py:621] - Reading Blueprint content for: /Game/_FPS/BP_FPSPlayerController
2026-03-27 00:04:36,437 - UnrealMCP_Advanced - INFO - [unreal_mcp_server_advanced.py:147] - Connecting to Unreal at 127.0.0.1:55558 (attempt 1/4)...
2026-03-27 00:04:36,437 - UnrealMCP_Advanced - INFO - [unreal_mcp_server_advanced.py:154] - Successfully connected to Unreal Engine
2026-03-27 00:04:36,437 - UnrealMCP_Advanced - INFO - [unreal_mcp_server_advanced.py:302] - Sending command (attempt 1): describe_blueprint_full
2026-03-27 00:04:36,437 - UnrealMCP_Advanced - DEBUG - [unreal_mcp_server_advanced.py:303] - Command payload: {"type": "describe_blueprint_full", "params": {"include_event_graph": false, "include_functions": false, "include_variables": true, "include_components": false, "include_interfaces": true, "blueprint_name": "BP_FPSPlayerController"}}...
2026-03-27 00:04:36,558 - UnrealMCP_Advanced - INFO - [unreal_mcp_server_advanced.py:233] - Received response (82 bytes) for describe_blueprint_full
2026-03-27 00:04:36,558 - UnrealMCP_Advanced - INFO - [unreal_mcp_server_advanced.py:322] - Command describe_blueprint_full completed successfully
2026-03-27 00:04:36,558 - UnrealMCP_Advanced - WARNING - [unreal_mcp_server_advanced.py:331] - Unreal returned failure: Blueprint not found
2026-03-27 00:04:36,563 - mcp.server.lowlevel.server - DEBUG - [server.py:790] - Response sent
2026-03-27 00:04:45,051 - mcp.server.lowlevel.server - DEBUG - [server.py:675] - Received message: <mcp.shared.session.RequestResponder object at 0x0000027A1C990E50>
2026-03-27 00:04:45,051 - mcp.server.lowlevel.server - INFO - [server.py:720] - Processing request of type CallToolRequest
2026-03-27 00:04:45,051 - mcp.server.lowlevel.server - DEBUG - [server.py:723] - Dispatching request of type CallToolRequest
2026-03-27 00:04:45,052 - UnrealMCP_Advanced - INFO - [unreal_mcp_server_advanced.py:621] - Reading Blueprint content for: /Game/FirstPerson/Blueprints/BP_FirstPersonPlayerController
2026-03-27 00:04:45,052 - UnrealMCP_Advanced - INFO - [unreal_mcp_server_advanced.py:147] - Connecting to Unreal at 127.0.0.1:55558 (attempt 1/4)...
2026-03-27 00:04:45,052 - UnrealMCP_Advanced - INFO - [unreal_mcp_server_advanced.py:154] - Successfully connected to Unreal Engine
2026-03-27 00:04:45,052 - UnrealMCP_Advanced - INFO - [unreal_mcp_server_advanced.py:302] - Sending command (attempt 1): describe_blueprint_full
2026-03-27 00:04:45,052 - UnrealMCP_Advanced - DEBUG - [unreal_mcp_server_advanced.py:303] - Command payload: {"type": "describe_blueprint_full", "params": {"include_event_graph": false, "include_functions": false, "include_variables": true, "include_components": false, "include_interfaces": true, "blueprint_name": "BP_FirstPersonPlayerController"}}...
2026-03-27 00:04:45,419 - UnrealMCP_Advanced - INFO - [unreal_mcp_server_advanced.py:233] - Received response (11540 bytes) for describe_blueprint_full
2026-03-27 00:04:45,420 - UnrealMCP_Advanced - INFO - [unreal_mcp_server_advanced.py:322] - Command describe_blueprint_full completed successfully
2026-03-27 00:04:45,420 - UnrealMCP_Advanced - INFO - [unreal_mcp_server_advanced.py:627] - Successfully read Blueprint content. Found:
2026-03-27 00:04:45,420 - UnrealMCP_Advanced - INFO - [unreal_mcp_server_advanced.py:629] -   - 1 variables
2026-03-27 00:04:45,421 - mcp.server.lowlevel.server - DEBUG - [server.py:790] - Response sent
2026-03-27 00:11:05,689 - mcp.server.lowlevel.server - DEBUG - [server.py:675] - Received message: <mcp.shared.session.RequestResponder object at 0x0000027A1CAA8910>
2026-03-27 00:11:05,689 - mcp.server.lowlevel.server - INFO - [server.py:720] - Processing request of type CallToolRequest
2026-03-27 00:11:05,689 - mcp.server.lowlevel.server - DEBUG - [server.py:723] - Dispatching request of type CallToolRequest
2026-03-27 00:11:05,689 - UnrealMCP_Advanced - INFO - [unreal_mcp_server_advanced.py:621] - Reading Blueprint content for: /Game/Blueprints/BP_FPSGameMode
2026-03-27 00:11:05,689 - UnrealMCP_Advanced - INFO - [unreal_mcp_server_advanced.py:147] - Connecting to Unreal at 127.0.0.1:55558 (attempt 1/4)...
2026-03-27 00:11:05,690 - UnrealMCP_Advanced - INFO - [unreal_mcp_server_advanced.py:154] - Successfully connected to Unreal Engine
2026-03-27 00:11:05,690 - UnrealMCP_Advanced - INFO - [unreal_mcp_server_advanced.py:302] - Sending command (attempt 1): describe_blueprint_full
2026-03-27 00:11:05,690 - UnrealMCP_Advanced - DEBUG - [unreal_mcp_server_advanced.py:303] - Command payload: {"type": "describe_blueprint_full", "params": {"include_event_graph": false, "include_functions": false, "include_variables": true, "include_components": false, "include_interfaces": true, "blueprint_name": "BP_FPSGameMode"}}...
2026-03-27 00:11:05,994 - UnrealMCP_Advanced - INFO - [unreal_mcp_server_advanced.py:233] - Received response (2330 bytes) for describe_blueprint_full
2026-03-27 00:11:05,995 - UnrealMCP_Advanced - INFO - [unreal_mcp_server_advanced.py:322] - Command describe_blueprint_full completed successfully
2026-03-27 00:11:05,995 - UnrealMCP_Advanced - INFO - [unreal_mcp_server_advanced.py:627] - Successfully read Blueprint content. Found:
2026-03-27 00:11:05,995 - UnrealMCP_Advanced - INFO - [unreal_mcp_server_advanced.py:635] -   - 1 components
2026-03-27 00:11:06,000 - mcp.server.lowlevel.server - DEBUG - [server.py:790] - Response sent
2026-03-27 00:11:06,344 - mcp.server.lowlevel.server - DEBUG - [server.py:675] - Received message: <mcp.shared.session.RequestResponder object at 0x0000027A1C6E1E10>
2026-03-27 00:11:06,344 - mcp.server.lowlevel.server - INFO - [server.py:720] - Processing request of type CallToolRequest
2026-03-27 00:11:06,344 - mcp.server.lowlevel.server - DEBUG - [server.py:723] - Dispatching request of type CallToolRequest
2026-03-27 00:11:06,344 - UnrealMCP_Advanced - INFO - [unreal_mcp_server_advanced.py:621] - Reading Blueprint content for: /Game/FPS/ThirdPerson/Blueprints/BP_ThirdPersonGameMode
2026-03-27 00:11:06,344 - UnrealMCP_Advanced - INFO - [unreal_mcp_server_advanced.py:147] - Connecting to Unreal at 127.0.0.1:55558 (attempt 1/4)...
2026-03-27 00:11:06,346 - UnrealMCP_Advanced - INFO - [unreal_mcp_server_advanced.py:154] - Successfully connected to Unreal Engine
2026-03-27 00:11:06,346 - UnrealMCP_Advanced - INFO - [unreal_mcp_server_advanced.py:302] - Sending command (attempt 1): describe_blueprint_full
2026-03-27 00:11:06,346 - UnrealMCP_Advanced - DEBUG - [unreal_mcp_server_advanced.py:303] - Command payload: {"type": "describe_blueprint_full", "params": {"include_event_graph": false, "include_functions": false, "include_variables": true, "include_components": false, "include_interfaces": true, "blueprint_name": "BP_ThirdPersonGameMode"}}...
2026-03-27 00:11:06,675 - UnrealMCP_Advanced - INFO - [unreal_mcp_server_advanced.py:233] - Received response (1173 bytes) for describe_blueprint_full
2026-03-27 00:11:06,675 - UnrealMCP_Advanced - INFO - [unreal_mcp_server_advanced.py:322] - Command describe_blueprint_full completed successfully
2026-03-27 00:11:06,675 - UnrealMCP_Advanced - INFO - [unreal_mcp_server_advanced.py:627] - Successfully read Blueprint content. Found:
2026-03-27 00:11:06,675 - UnrealMCP_Advanced - INFO - [unreal_mcp_server_advanced.py:635] -   - 1 components
2026-03-27 00:11:06,676 - mcp.server.lowlevel.server - DEBUG - [server.py:790] - Response sent
2026-03-27 00:11:19,759 - mcp.server.lowlevel.server - DEBUG - [server.py:675] - Received message: <mcp.shared.session.RequestResponder object at 0x0000027A1C90FE90>
2026-03-27 00:11:19,760 - mcp.server.lowlevel.server - INFO - [server.py:720] - Processing request of type CallToolRequest
2026-03-27 00:11:19,760 - mcp.server.lowlevel.server - DEBUG - [server.py:723] - Dispatching request of type CallToolRequest
2026-03-27 00:11:19,760 - UnrealMCP_Advanced - INFO - [unreal_mcp_server_advanced.py:621] - Reading Blueprint content for: /Game/Blueprints/BP_FPSPlayerControll
2026-03-27 00:11:19,760 - UnrealMCP_Advanced - INFO - [unreal_mcp_server_advanced.py:147] - Connecting to Unreal at 127.0.0.1:55558 (attempt 1/4)...
2026-03-27 00:11:19,777 - UnrealMCP_Advanced - INFO - [unreal_mcp_server_advanced.py:154] - Successfully connected to Unreal Engine
2026-03-27 00:11:19,777 - UnrealMCP_Advanced - INFO - [unreal_mcp_server_advanced.py:302] - Sending command (attempt 1): describe_blueprint_full
2026-03-27 00:11:19,777 - UnrealMCP_Advanced - DEBUG - [unreal_mcp_server_advanced.py:303] - Command payload: {"type": "describe_blueprint_full", "params": {"include_event_graph": false, "include_functions": false, "include_variables": true, "include_components": false, "include_interfaces": true, "blueprint_name": "BP_FPSPlayerControll"}}...
2026-03-27 00:11:20,007 - UnrealMCP_Advanced - INFO - [unreal_mcp_server_advanced.py:233] - Received response (2312 bytes) for describe_blueprint_full
2026-03-27 00:11:20,007 - UnrealMCP_Advanced - INFO - [unreal_mcp_server_advanced.py:322] - Command describe_blueprint_full completed successfully
2026-03-27 00:11:20,007 - UnrealMCP_Advanced - INFO - [unreal_mcp_server_advanced.py:627] - Successfully read Blueprint content. Found:
2026-03-27 00:11:20,009 - mcp.server.lowlevel.server - DEBUG - [server.py:790] - Response sent
2026-03-27 00:14:24,225 - mcp.server.lowlevel.server - DEBUG - [server.py:675] - Received message: <mcp.shared.session.RequestResponder object at 0x0000027A1C6E16D0>
2026-03-27 00:14:24,225 - mcp.server.lowlevel.server - INFO - [server.py:720] - Processing request of type CallToolRequest
2026-03-27 00:14:24,225 - mcp.server.lowlevel.server - DEBUG - [server.py:723] - Dispatching request of type CallToolRequest
2026-03-27 00:14:24,225 - UnrealMCP_Advanced - INFO - [unreal_mcp_server_advanced.py:147] - Connecting to Unreal at 127.0.0.1:55558 (attempt 1/4)...
2026-03-27 00:14:24,225 - UnrealMCP_Advanced - INFO - [unreal_mcp_server_advanced.py:154] - Successfully connected to Unreal Engine
2026-03-27 00:14:24,226 - UnrealMCP_Advanced - INFO - [unreal_mcp_server_advanced.py:302] - Sending command (attempt 1): create_blueprint
2026-03-27 00:14:24,226 - UnrealMCP_Advanced - DEBUG - [unreal_mcp_server_advanced.py:303] - Command payload: {"type": "create_blueprint", "params": {"name": "/Game/FPS/ThirdPerson/Input/Actions/IA_PauseMenu", "parent_class": "InputAction"}}...
2026-03-27 00:14:24,375 - UnrealMCP_Advanced - INFO - [unreal_mcp_server_advanced.py:233] - Received response (155 bytes) for create_blueprint
2026-03-27 00:14:24,376 - UnrealMCP_Advanced - INFO - [unreal_mcp_server_advanced.py:322] - Command create_blueprint completed successfully
2026-03-27 00:14:24,376 - UnrealMCP_Advanced - WARNING - [unreal_mcp_server_advanced.py:331] - Unreal returned failure: CRASH PREVENTED: Access violation in 'create_blueprint'. Operation aborted safely.
2026-03-27 00:14:24,377 - mcp.server.lowlevel.server - DEBUG - [server.py:790] - Response sent
2026-03-27 00:14:28,237 - mcp.server.lowlevel.server - DEBUG - [server.py:675] - Received message: <mcp.shared.session.RequestResponder object at 0x0000027A1C912490>
2026-03-27 00:14:28,237 - mcp.server.lowlevel.server - INFO - [server.py:720] - Processing request of type CallToolRequest
2026-03-27 00:14:28,237 - mcp.server.lowlevel.server - DEBUG - [server.py:723] - Dispatching request of type CallToolRequest
2026-03-27 00:14:28,237 - UnrealMCP_Advanced - INFO - [unreal_mcp_server_advanced.py:147] - Connecting to Unreal at 127.0.0.1:55558 (attempt 1/4)...
2026-03-27 00:14:28,237 - UnrealMCP_Advanced - INFO - [unreal_mcp_server_advanced.py:154] - Successfully connected to Unreal Engine
2026-03-27 00:14:28,237 - UnrealMCP_Advanced - INFO - [unreal_mcp_server_advanced.py:302] - Sending command (attempt 1): create_blueprint
2026-03-27 00:14:28,237 - UnrealMCP_Advanced - DEBUG - [unreal_mcp_server_advanced.py:303] - Command payload: {"type": "create_blueprint", "params": {"name": "IA_PauseMenu", "parent_class": "InputAction"}}...
2026-03-27 00:14:28,384 - UnrealMCP_Advanced - INFO - [unreal_mcp_server_advanced.py:233] - Received response (118 bytes) for create_blueprint
2026-03-27 00:14:28,384 - UnrealMCP_Advanced - INFO - [unreal_mcp_server_advanced.py:322] - Command create_blueprint completed successfully
2026-03-27 00:14:28,386 - mcp.server.lowlevel.server - DEBUG - [server.py:790] - Response sent
2026-03-27 00:18:43,307 - mcp.server.lowlevel.server - DEBUG - [server.py:675] - Received message: <mcp.shared.session.RequestResponder object at 0x0000027A1C90FF10>
2026-03-27 00:18:43,308 - mcp.server.lowlevel.server - INFO - [server.py:720] - Processing request of type CallToolRequest
2026-03-27 00:18:43,308 - mcp.server.lowlevel.server - DEBUG - [server.py:723] - Dispatching request of type CallToolRequest
2026-03-27 00:18:43,308 - UnrealMCP_Advanced - INFO - [unreal_mcp_server_advanced.py:147] - Connecting to Unreal at 127.0.0.1:55558 (attempt 1/4)...
2026-03-27 00:18:43,333 - UnrealMCP_Advanced - INFO - [unreal_mcp_server_advanced.py:154] - Successfully connected to Unreal Engine
2026-03-27 00:18:43,333 - UnrealMCP_Advanced - INFO - [unreal_mcp_server_advanced.py:302] - Sending command (attempt 1): create_blueprint
2026-03-27 00:18:43,333 - UnrealMCP_Advanced - DEBUG - [unreal_mcp_server_advanced.py:303] - Command payload: {"type": "create_blueprint", "params": {"name": "WBP_PauseMenu", "parent_class": "FPSPauseMenuWidget"}}...
2026-03-27 00:19:13,341 - UnrealMCP_Advanced - WARNING - [unreal_mcp_server_advanced.py:254] - Command failed (attempt 1/4): timed out
2026-03-27 00:19:13,341 - UnrealMCP_Advanced - DEBUG - [unreal_mcp_server_advanced.py:200] - Disconnected from Unreal Engine
2026-03-27 00:19:13,344 - UnrealMCP_Advanced - INFO - [unreal_mcp_server_advanced.py:261] - Retrying command in 0.5s...
2026-03-27 00:19:13,845 - UnrealMCP_Advanced - INFO - [unreal_mcp_server_advanced.py:147] - Connecting to Unreal at 127.0.0.1:55558 (attempt 1/4)...
2026-03-27 00:19:13,845 - UnrealMCP_Advanced - INFO - [unreal_mcp_server_advanced.py:154] - Successfully connected to Unreal Engine
2026-03-27 00:19:13,845 - UnrealMCP_Advanced - INFO - [unreal_mcp_server_advanced.py:302] - Sending command (attempt 2): create_blueprint
2026-03-27 00:19:13,845 - UnrealMCP_Advanced - DEBUG - [unreal_mcp_server_advanced.py:303] - Command payload: {"type": "create_blueprint", "params": {"name": "WBP_PauseMenu", "parent_class": "FPSPauseMenuWidget"}}...
2026-03-27 00:19:43,859 - UnrealMCP_Advanced - WARNING - [unreal_mcp_server_advanced.py:254] - Command failed (attempt 2/4): timed out
2026-03-27 00:19:43,859 - UnrealMCP_Advanced - DEBUG - [unreal_mcp_server_advanced.py:200] - Disconnected from Unreal Engine
2026-03-27 00:19:43,859 - UnrealMCP_Advanced - INFO - [unreal_mcp_server_advanced.py:261] - Retrying command in 1.0s...
2026-03-27 00:19:44,859 - UnrealMCP_Advanced - INFO - [unreal_mcp_server_advanced.py:147] - Connecting to Unreal at 127.0.0.1:55558 (attempt 1/4)...
2026-03-27 00:19:44,860 - UnrealMCP_Advanced - INFO - [unreal_mcp_server_advanced.py:154] - Successfully connected to Unreal Engine
2026-03-27 00:19:44,860 - UnrealMCP_Advanced - INFO - [unreal_mcp_server_advanced.py:302] - Sending command (attempt 3): create_blueprint
2026-03-27 00:19:44,860 - UnrealMCP_Advanced - DEBUG - [unreal_mcp_server_advanced.py:303] - Command payload: {"type": "create_blueprint", "params": {"name": "WBP_PauseMenu", "parent_class": "FPSPauseMenuWidget"}}...
2026-03-27 00:20:14,865 - UnrealMCP_Advanced - WARNING - [unreal_mcp_server_advanced.py:254] - Command failed (attempt 3/4): timed out
2026-03-27 00:20:14,865 - UnrealMCP_Advanced - DEBUG - [unreal_mcp_server_advanced.py:200] - Disconnected from Unreal Engine
2026-03-27 00:20:14,865 - UnrealMCP_Advanced - INFO - [unreal_mcp_server_advanced.py:261] - Retrying command in 2.0s...
2026-03-27 00:20:16,865 - UnrealMCP_Advanced - INFO - [unreal_mcp_server_advanced.py:147] - Connecting to Unreal at 127.0.0.1:55558 (attempt 1/4)...
2026-03-27 00:20:16,866 - UnrealMCP_Advanced - INFO - [unreal_mcp_server_advanced.py:154] - Successfully connected to Unreal Engine
2026-03-27 00:20:16,866 - UnrealMCP_Advanced - INFO - [unreal_mcp_server_advanced.py:302] - Sending command (attempt 4): create_blueprint
2026-03-27 00:20:16,866 - UnrealMCP_Advanced - DEBUG - [unreal_mcp_server_advanced.py:303] - Command payload: {"type": "create_blueprint", "params": {"name": "WBP_PauseMenu", "parent_class": "FPSPauseMenuWidget"}}...
2026-03-27 00:20:46,873 - UnrealMCP_Advanced - WARNING - [unreal_mcp_server_advanced.py:254] - Command failed (attempt 4/4): timed out
2026-03-27 00:20:46,873 - UnrealMCP_Advanced - DEBUG - [unreal_mcp_server_advanced.py:200] - Disconnected from Unreal Engine
2026-03-27 00:20:46,874 - mcp.server.lowlevel.server - DEBUG - [server.py:790] - Response sent
2026-03-27 00:20:50,561 - mcp.server.lowlevel.server - DEBUG - [server.py:675] - Received message: <mcp.shared.session.RequestResponder object at 0x0000027A1CA18450>
2026-03-27 00:20:50,561 - mcp.server.lowlevel.server - INFO - [server.py:720] - Processing request of type CallToolRequest
2026-03-27 00:20:50,561 - mcp.server.lowlevel.server - DEBUG - [server.py:723] - Dispatching request of type CallToolRequest
2026-03-27 00:20:50,561 - UnrealMCP_Advanced - INFO - [unreal_mcp_server_advanced.py:147] - Connecting to Unreal at 127.0.0.1:55558 (attempt 1/4)...
2026-03-27 00:20:50,563 - UnrealMCP_Advanced - INFO - [unreal_mcp_server_advanced.py:154] - Successfully connected to Unreal Engine
2026-03-27 00:20:50,563 - UnrealMCP_Advanced - INFO - [unreal_mcp_server_advanced.py:302] - Sending command (attempt 1): create_blueprint
2026-03-27 00:20:50,563 - UnrealMCP_Advanced - DEBUG - [unreal_mcp_server_advanced.py:303] - Command payload: {"type": "create_blueprint", "params": {"name": "WBP_MapSelect", "parent_class": "FPSMapSelectWidget"}}...
2026-03-27 00:21:20,575 - UnrealMCP_Advanced - WARNING - [unreal_mcp_server_advanced.py:254] - Command failed (attempt 1/4): timed out
2026-03-27 00:21:20,575 - UnrealMCP_Advanced - DEBUG - [unreal_mcp_server_advanced.py:200] - Disconnected from Unreal Engine
2026-03-27 00:21:20,575 - UnrealMCP_Advanced - INFO - [unreal_mcp_server_advanced.py:261] - Retrying command in 0.5s...
2026-03-27 00:21:21,076 - UnrealMCP_Advanced - INFO - [unreal_mcp_server_advanced.py:147] - Connecting to Unreal at 127.0.0.1:55558 (attempt 1/4)...
2026-03-27 00:21:21,076 - UnrealMCP_Advanced - INFO - [unreal_mcp_server_advanced.py:154] - Successfully connected to Unreal Engine
2026-03-27 00:21:21,076 - UnrealMCP_Advanced - INFO - [unreal_mcp_server_advanced.py:302] - Sending command (attempt 2): create_blueprint
2026-03-27 00:21:21,076 - UnrealMCP_Advanced - DEBUG - [unreal_mcp_server_advanced.py:303] - Command payload: {"type": "create_blueprint", "params": {"name": "WBP_MapSelect", "parent_class": "FPSMapSelectWidget"}}...
2026-03-27 00:21:51,079 - UnrealMCP_Advanced - WARNING - [unreal_mcp_server_advanced.py:254] - Command failed (attempt 2/4): timed out
2026-03-27 00:21:51,079 - UnrealMCP_Advanced - DEBUG - [unreal_mcp_server_advanced.py:200] - Disconnected from Unreal Engine
2026-03-27 00:21:51,079 - UnrealMCP_Advanced - INFO - [unreal_mcp_server_advanced.py:261] - Retrying command in 1.0s...
2026-03-27 00:21:52,079 - UnrealMCP_Advanced - INFO - [unreal_mcp_server_advanced.py:147] - Connecting to Unreal at 127.0.0.1:55558 (attempt 1/4)...
2026-03-27 00:21:52,080 - UnrealMCP_Advanced - INFO - [unreal_mcp_server_advanced.py:154] - Successfully connected to Unreal Engine
2026-03-27 00:21:52,080 - UnrealMCP_Advanced - INFO - [unreal_mcp_server_advanced.py:302] - Sending command (attempt 3): create_blueprint
2026-03-27 00:21:52,080 - UnrealMCP_Advanced - DEBUG - [unreal_mcp_server_advanced.py:303] - Command payload: {"type": "create_blueprint", "params": {"name": "WBP_MapSelect", "parent_class": "FPSMapSelectWidget"}}...
2026-03-27 00:22:22,091 - UnrealMCP_Advanced - WARNING - [unreal_mcp_server_advanced.py:254] - Command failed (attempt 3/4): timed out
2026-03-27 00:22:22,091 - UnrealMCP_Advanced - DEBUG - [unreal_mcp_server_advanced.py:200] - Disconnected from Unreal Engine
2026-03-27 00:22:22,091 - UnrealMCP_Advanced - INFO - [unreal_mcp_server_advanced.py:261] - Retrying command in 2.0s...
2026-03-27 00:22:24,092 - UnrealMCP_Advanced - INFO - [unreal_mcp_server_advanced.py:147] - Connecting to Unreal at 127.0.0.1:55558 (attempt 1/4)...
2026-03-27 00:22:24,093 - UnrealMCP_Advanced - INFO - [unreal_mcp_server_advanced.py:154] - Successfully connected to Unreal Engine
2026-03-27 00:22:24,093 - UnrealMCP_Advanced - INFO - [unreal_mcp_server_advanced.py:302] - Sending command (attempt 4): create_blueprint
2026-03-27 00:22:24,093 - UnrealMCP_Advanced - DEBUG - [unreal_mcp_server_advanced.py:303] - Command payload: {"type": "create_blueprint", "params": {"name": "WBP_MapSelect", "parent_class": "FPSMapSelectWidget"}}...
2026-03-27 00:22:54,108 - UnrealMCP_Advanced - WARNING - [unreal_mcp_server_advanced.py:254] - Command failed (attempt 4/4): timed out
2026-03-27 00:22:54,108 - UnrealMCP_Advanced - DEBUG - [unreal_mcp_server_advanced.py:200] - Disconnected from Unreal Engine
2026-03-27 00:22:54,109 - mcp.server.lowlevel.server - DEBUG - [server.py:790] - Response sent
2026-03-29 22:24:43,544 - mcp.server.lowlevel.server - DEBUG - [server.py:162] - Initializing server 'UnrealMCP_Advanced'
2026-03-29 22:24:43,545 - mcp.server.lowlevel.server - DEBUG - [server.py:439] - Registering handler for ListToolsRequest
2026-03-29 22:24:43,545 - mcp.server.lowlevel.server - DEBUG - [server.py:519] - Registering handler for CallToolRequest
2026-03-29 22:24:43,545 - mcp.server.lowlevel.server - DEBUG - [server.py:301] - Registering handler for ListResourcesRequest
2026-03-29 22:24:43,546 - mcp.server.lowlevel.server - DEBUG - [server.py:336] - Registering handler for ReadResourceRequest
2026-03-29 22:24:43,546 - mcp.server.lowlevel.server - DEBUG - [server.py:263] - Registering handler for PromptListRequest
2026-03-29 22:24:43,546 - mcp.server.lowlevel.server - DEBUG - [server.py:285] - Registering handler for GetPromptRequest
2026-03-29 22:24:43,546 - mcp.server.lowlevel.server - DEBUG - [server.py:321] - Registering handler for ListResourceTemplatesRequest
2026-03-29 22:24:43,727 - UnrealMCP_Advanced - INFO - [unreal_mcp_server_advanced.py:2744] - Starting Advanced MCP server with stdio transport
2026-03-29 22:24:43,734 - asyncio - DEBUG - [proactor_events.py:633] - Using proactor: IocpProactor
2026-03-29 22:24:43,739 - UnrealMCP_Advanced - INFO - [unreal_mcp_server_advanced.py:376] - UnrealMCP Advanced server starting up
2026-03-29 22:24:43,739 - UnrealMCP_Advanced - INFO - [unreal_mcp_server_advanced.py:377] - Connection will be established lazily on first tool call
2026-03-29 22:24:43,751 - mcp.server.lowlevel.server - DEBUG - [server.py:675] - Received message: root=InitializedNotification(method='notifications/initialized', params=None, jsonrpc='2.0')
2026-03-29 22:24:43,753 - mcp.server.lowlevel.server - DEBUG - [server.py:675] - Received message: <mcp.shared.session.RequestResponder object at 0x000001F2CCAB2DD0>
2026-03-29 22:24:43,753 - mcp.server.lowlevel.server - INFO - [server.py:720] - Processing request of type ListToolsRequest
2026-03-29 22:24:43,753 - mcp.server.lowlevel.server - DEBUG - [server.py:723] - Dispatching request of type ListToolsRequest
2026-03-29 22:24:43,755 - mcp.server.lowlevel.server - DEBUG - [server.py:790] - Response sent
2026-03-29 22:24:43,756 - mcp.server.lowlevel.server - DEBUG - [server.py:675] - Received message: <mcp.shared.session.RequestResponder object at 0x000001F2CCA7EC10>
2026-03-29 22:24:43,757 - mcp.server.lowlevel.server - INFO - [server.py:720] - Processing request of type ListPromptsRequest
2026-03-29 22:24:43,757 - mcp.server.lowlevel.server - DEBUG - [server.py:723] - Dispatching request of type ListPromptsRequest
2026-03-29 22:24:43,758 - mcp.server.lowlevel.server - DEBUG - [server.py:675] - Received message: <mcp.shared.session.RequestResponder object at 0x000001F2CCBCA510>
2026-03-29 22:24:43,759 - mcp.server.lowlevel.server - INFO - [server.py:720] - Processing request of type ListResourcesRequest
2026-03-29 22:24:43,759 - mcp.server.lowlevel.server - DEBUG - [server.py:723] - Dispatching request of type ListResourcesRequest
2026-03-29 22:24:43,759 - mcp.server.fastmcp.resources.resource_manager - DEBUG - [resource_manager.py:109] - Listing resources
2026-03-29 22:24:43,759 - mcp.server.lowlevel.server - DEBUG - [server.py:790] - Response sent
2026-03-29 22:24:43,762 - mcp.server.lowlevel.server - DEBUG - [server.py:790] - Response sent
2026-03-29 22:37:13,421 - mcp.server.lowlevel.server - DEBUG - [server.py:162] - Initializing server 'UnrealMCP_Advanced'
2026-03-29 22:37:13,421 - mcp.server.lowlevel.server - DEBUG - [server.py:439] - Registering handler for ListToolsRequest
2026-03-29 22:37:13,421 - mcp.server.lowlevel.server - DEBUG - [server.py:519] - Registering handler for CallToolRequest
2026-03-29 22:37:13,421 - mcp.server.lowlevel.server - DEBUG - [server.py:301] - Registering handler for ListResourcesRequest
2026-03-29 22:37:13,421 - mcp.server.lowlevel.server - DEBUG - [server.py:336] - Registering handler for ReadResourceRequest
2026-03-29 22:37:13,421 - mcp.server.lowlevel.server - DEBUG - [server.py:263] - Registering handler for PromptListRequest
2026-03-29 22:37:13,421 - mcp.server.lowlevel.server - DEBUG - [server.py:285] - Registering handler for GetPromptRequest
2026-03-29 22:37:13,421 - mcp.server.lowlevel.server - DEBUG - [server.py:321] - Registering handler for ListResourceTemplatesRequest
2026-03-29 22:37:13,581 - UnrealMCP_Advanced - INFO - [unreal_mcp_server_advanced.py:2744] - Starting Advanced MCP server with stdio transport
2026-03-29 22:37:13,586 - asyncio - DEBUG - [proactor_events.py:633] - Using proactor: IocpProactor
2026-03-29 22:37:13,597 - UnrealMCP_Advanced - INFO - [unreal_mcp_server_advanced.py:376] - UnrealMCP Advanced server starting up
2026-03-29 22:37:13,597 - UnrealMCP_Advanced - INFO - [unreal_mcp_server_advanced.py:377] - Connection will be established lazily on first tool call
2026-03-29 22:37:13,616 - mcp.server.lowlevel.server - DEBUG - [server.py:675] - Received message: root=InitializedNotification(method='notifications/initialized', params=None, jsonrpc='2.0')
2026-03-29 22:37:13,617 - mcp.server.lowlevel.server - DEBUG - [server.py:675] - Received message: <mcp.shared.session.RequestResponder object at 0x0000021F2126B710>
2026-03-29 22:37:13,618 - mcp.server.lowlevel.server - INFO - [server.py:720] - Processing request of type ListToolsRequest
2026-03-29 22:37:13,619 - mcp.server.lowlevel.server - DEBUG - [server.py:723] - Dispatching request of type ListToolsRequest
2026-03-29 22:37:13,620 - mcp.server.lowlevel.server - DEBUG - [server.py:790] - Response sent
2026-03-29 22:37:13,621 - mcp.server.lowlevel.server - DEBUG - [server.py:675] - Received message: <mcp.shared.session.RequestResponder object at 0x0000021F21214210>
2026-03-29 22:37:13,622 - mcp.server.lowlevel.server - INFO - [server.py:720] - Processing request of type ListPromptsRequest
2026-03-29 22:37:13,622 - mcp.server.lowlevel.server - DEBUG - [server.py:723] - Dispatching request of type ListPromptsRequest
2026-03-29 22:37:13,623 - mcp.server.lowlevel.server - DEBUG - [server.py:675] - Received message: <mcp.shared.session.RequestResponder object at 0x0000021F212EF210>
2026-03-29 22:37:13,623 - mcp.server.lowlevel.server - INFO - [server.py:720] - Processing request of type ListResourcesRequest
2026-03-29 22:37:13,624 - mcp.server.lowlevel.server - DEBUG - [server.py:723] - Dispatching request of type ListResourcesRequest
2026-03-29 22:37:13,624 - mcp.server.fastmcp.resources.resource_manager - DEBUG - [resource_manager.py:109] - Listing resources
2026-03-29 22:37:13,625 - mcp.server.lowlevel.server - DEBUG - [server.py:790] - Response sent
2026-03-29 22:37:13,626 - mcp.server.lowlevel.server - DEBUG - [server.py:790] - Response sent
2026-03-29 22:44:18,458 - mcp.server.lowlevel.server - DEBUG - [server.py:675] - Received message: <mcp.shared.session.RequestResponder object at 0x0000021F2126BC10>
2026-03-29 22:44:18,458 - mcp.server.lowlevel.server - INFO - [server.py:720] - Processing request of type CallToolRequest
2026-03-29 22:44:18,458 - mcp.server.lowlevel.server - DEBUG - [server.py:723] - Dispatching request of type CallToolRequest
2026-03-29 22:44:18,458 - UnrealMCP_Advanced - INFO - [unreal_mcp_server_advanced.py:358] - Creating new UnrealConnection instance
2026-03-29 22:44:18,458 - UnrealMCP_Advanced - INFO - [unreal_mcp_server_advanced.py:621] - Reading Blueprint content for: /Game/Blueprints/BP_FPSPlayerControll
2026-03-29 22:44:18,459 - UnrealMCP_Advanced - INFO - [unreal_mcp_server_advanced.py:147] - Connecting to Unreal at 127.0.0.1:55558 (attempt 1/4)...
2026-03-29 22:44:18,459 - UnrealMCP_Advanced - INFO - [unreal_mcp_server_advanced.py:154] - Successfully connected to Unreal Engine
2026-03-29 22:44:18,459 - UnrealMCP_Advanced - INFO - [unreal_mcp_server_advanced.py:302] - Sending command (attempt 1): describe_blueprint_full
2026-03-29 22:44:18,459 - UnrealMCP_Advanced - DEBUG - [unreal_mcp_server_advanced.py:303] - Command payload: {"type": "describe_blueprint_full", "params": {"include_event_graph": false, "include_functions": true, "include_variables": false, "include_components": false, "include_interfaces": true, "blueprint_name": "BP_FPSPlayerControll"}}...
2026-03-29 22:44:18,767 - UnrealMCP_Advanced - INFO - [unreal_mcp_server_advanced.py:233] - Received response (2312 bytes) for describe_blueprint_full
2026-03-29 22:44:18,767 - UnrealMCP_Advanced - INFO - [unreal_mcp_server_advanced.py:322] - Command describe_blueprint_full completed successfully
2026-03-29 22:44:18,767 - UnrealMCP_Advanced - INFO - [unreal_mcp_server_advanced.py:627] - Successfully read Blueprint content. Found:
2026-03-29 22:44:18,770 - mcp.server.lowlevel.server - DEBUG - [server.py:790] - Response sent
2026-03-29 22:44:19,088 - mcp.server.lowlevel.server - DEBUG - [server.py:675] - Received message: <mcp.shared.session.RequestResponder object at 0x0000021F20F1B490>
2026-03-29 22:44:19,088 - mcp.server.lowlevel.server - INFO - [server.py:720] - Processing request of type CallToolRequest
2026-03-29 22:44:19,088 - mcp.server.lowlevel.server - DEBUG - [server.py:723] - Dispatching request of type CallToolRequest
2026-03-29 22:44:19,088 - UnrealMCP_Advanced - INFO - [unreal_mcp_server_advanced.py:621] - Reading Blueprint content for: /Game/Blueprints/BP_FPSPlayer
2026-03-29 22:44:19,088 - UnrealMCP_Advanced - INFO - [unreal_mcp_server_advanced.py:147] - Connecting to Unreal at 127.0.0.1:55558 (attempt 1/4)...
2026-03-29 22:44:19,088 - UnrealMCP_Advanced - INFO - [unreal_mcp_server_advanced.py:154] - Successfully connected to Unreal Engine
2026-03-29 22:44:19,089 - UnrealMCP_Advanced - INFO - [unreal_mcp_server_advanced.py:302] - Sending command (attempt 1): describe_blueprint_full
2026-03-29 22:44:19,089 - UnrealMCP_Advanced - DEBUG - [unreal_mcp_server_advanced.py:303] - Command payload: {"type": "describe_blueprint_full", "params": {"include_event_graph": false, "include_functions": true, "include_variables": false, "include_components": false, "include_interfaces": true, "blueprint_name": "BP_FPSPlayer"}}...
2026-03-29 22:44:19,099 - UnrealMCP_Advanced - INFO - [unreal_mcp_server_advanced.py:233] - Received response (6017 bytes) for describe_blueprint_full
2026-03-29 22:44:19,099 - UnrealMCP_Advanced - INFO - [unreal_mcp_server_advanced.py:322] - Command describe_blueprint_full completed successfully
2026-03-29 22:44:19,099 - UnrealMCP_Advanced - INFO - [unreal_mcp_server_advanced.py:627] - Successfully read Blueprint content. Found:
2026-03-29 22:44:19,099 - UnrealMCP_Advanced - INFO - [unreal_mcp_server_advanced.py:629] -   - 29 variables
2026-03-29 22:44:19,099 - UnrealMCP_Advanced - INFO - [unreal_mcp_server_advanced.py:635] -   - 2 components
2026-03-29 22:44:19,100 - mcp.server.lowlevel.server - DEBUG - [server.py:790] - Response sent
2026-03-29 22:46:03,041 - mcp.server.lowlevel.server - DEBUG - [server.py:675] - Received message: <mcp.shared.session.RequestResponder object at 0x0000021F2126BC10>
2026-03-29 22:46:03,041 - mcp.server.lowlevel.server - INFO - [server.py:720] - Processing request of type CallToolRequest
2026-03-29 22:46:03,041 - mcp.server.lowlevel.server - DEBUG - [server.py:723] - Dispatching request of type CallToolRequest
2026-03-29 22:46:03,042 - UnrealMCP_Advanced - INFO - [unreal_mcp_server_advanced.py:765] - Getting Blueprint function details: /Game/Blueprints/BP_FPSPlayerControll
2026-03-29 22:46:03,042 - UnrealMCP_Advanced - INFO - [unreal_mcp_server_advanced.py:767] -   - Specific function: GetModuleName
2026-03-29 22:46:03,042 - UnrealMCP_Advanced - INFO - [unreal_mcp_server_advanced.py:147] - Connecting to Unreal at 127.0.0.1:55558 (attempt 1/4)...
2026-03-29 22:46:03,042 - UnrealMCP_Advanced - INFO - [unreal_mcp_server_advanced.py:154] - Successfully connected to Unreal Engine
2026-03-29 22:46:03,042 - UnrealMCP_Advanced - INFO - [unreal_mcp_server_advanced.py:302] - Sending command (attempt 1): describe_blueprint_full
2026-03-29 22:46:03,042 - UnrealMCP_Advanced - DEBUG - [unreal_mcp_server_advanced.py:303] - Command payload: {"type": "describe_blueprint_full", "params": {"function_name": "GetModuleName", "include_graph": true, "blueprint_name": "BP_FPSPlayerControll"}}...
2026-03-29 22:46:03,113 - UnrealMCP_Advanced - INFO - [unreal_mcp_server_advanced.py:233] - Received response (2312 bytes) for describe_blueprint_full
2026-03-29 22:46:03,113 - UnrealMCP_Advanced - INFO - [unreal_mcp_server_advanced.py:322] - Command describe_blueprint_full completed successfully
2026-03-29 22:46:03,114 - mcp.server.lowlevel.server - DEBUG - [server.py:790] - Response sent
2026-03-29 22:46:03,139 - mcp.server.lowlevel.server - DEBUG - [server.py:675] - Received message: <mcp.shared.session.RequestResponder object at 0x0000021F212D4B10>
2026-03-29 22:46:03,139 - mcp.server.lowlevel.server - INFO - [server.py:720] - Processing request of type CallToolRequest
2026-03-29 22:46:03,139 - mcp.server.lowlevel.server - DEBUG - [server.py:723] - Dispatching request of type CallToolRequest
2026-03-29 22:46:03,139 - UnrealMCP_Advanced - INFO - [unreal_mcp_server_advanced.py:765] - Getting Blueprint function details: /Game/Blueprints/BP_FPSPlayer
2026-03-29 22:46:03,139 - UnrealMCP_Advanced - INFO - [unreal_mcp_server_advanced.py:767] -   - Specific function: GetModuleName
2026-03-29 22:46:03,140 - UnrealMCP_Advanced - INFO - [unreal_mcp_server_advanced.py:147] - Connecting to Unreal at 127.0.0.1:55558 (attempt 1/4)...
2026-03-29 22:46:03,140 - UnrealMCP_Advanced - INFO - [unreal_mcp_server_advanced.py:154] - Successfully connected to Unreal Engine
2026-03-29 22:46:03,140 - UnrealMCP_Advanced - INFO - [unreal_mcp_server_advanced.py:302] - Sending command (attempt 1): describe_blueprint_full
2026-03-29 22:46:03,140 - UnrealMCP_Advanced - DEBUG - [unreal_mcp_server_advanced.py:303] - Command payload: {"type": "describe_blueprint_full", "params": {"function_name": "GetModuleName", "include_graph": true, "blueprint_name": "BP_FPSPlayer"}}...
2026-03-29 22:46:03,446 - UnrealMCP_Advanced - INFO - [unreal_mcp_server_advanced.py:233] - Received response (6017 bytes) for describe_blueprint_full
2026-03-29 22:46:03,446 - UnrealMCP_Advanced - INFO - [unreal_mcp_server_advanced.py:322] - Command describe_blueprint_full completed successfully
2026-03-29 22:46:03,447 - mcp.server.lowlevel.server - DEBUG - [server.py:790] - Response sent
2026-03-29 22:46:37,057 - mcp.server.lowlevel.server - DEBUG - [server.py:675] - Received message: <mcp.shared.session.RequestResponder object at 0x0000021F2126BC10>
2026-03-29 22:46:37,057 - mcp.server.lowlevel.server - INFO - [server.py:720] - Processing request of type CallToolRequest
2026-03-29 22:46:37,057 - mcp.server.lowlevel.server - DEBUG - [server.py:723] - Dispatching request of type CallToolRequest
2026-03-29 22:46:37,057 - UnrealMCP_Advanced - INFO - [unreal_mcp_server_advanced.py:147] - Connecting to Unreal at 127.0.0.1:55558 (attempt 1/4)...
2026-03-29 22:46:37,058 - UnrealMCP_Advanced - INFO - [unreal_mcp_server_advanced.py:154] - Successfully connected to Unreal Engine
2026-03-29 22:46:37,058 - UnrealMCP_Advanced - INFO - [unreal_mcp_server_advanced.py:302] - Sending command (attempt 1): create_function
2026-03-29 22:46:37,058 - UnrealMCP_Advanced - DEBUG - [unreal_mcp_server_advanced.py:303] - Command payload: {"type": "create_function", "params": {"blueprint_name": "BP_FPSPlayerControll", "function_name": "GetModuleName", "return_type": "void"}}...
2026-03-29 22:46:37,152 - UnrealMCP_Advanced - INFO - [unreal_mcp_server_advanced.py:233] - Received response (131 bytes) for create_function
2026-03-29 22:46:37,152 - UnrealMCP_Advanced - INFO - [unreal_mcp_server_advanced.py:322] - Command create_function completed successfully
2026-03-29 22:46:37,152 - UnrealMCP_Advanced - WARNING - [unreal_mcp_server_advanced.py:327] - Unreal returned error: Unknown command type: create_function
2026-03-29 22:46:37,154 - mcp.server.lowlevel.server - DEBUG - [server.py:790] - Response sent
2026-03-29 22:47:10,691 - mcp.server.lowlevel.server - DEBUG - [server.py:675] - Received message: <mcp.shared.session.RequestResponder object at 0x0000021F21253050>
2026-03-29 22:47:10,691 - mcp.server.lowlevel.server - INFO - [server.py:720] - Processing request of type CallToolRequest
2026-03-29 22:47:10,691 - mcp.server.lowlevel.server - DEBUG - [server.py:723] - Dispatching request of type CallToolRequest
2026-03-29 22:47:10,691 - UnrealMCP_Advanced - INFO - [unreal_mcp_server_advanced.py:147] - Connecting to Unreal at 127.0.0.1:55558 (attempt 1/4)...
2026-03-29 22:47:10,691 - UnrealMCP_Advanced - INFO - [unreal_mcp_server_advanced.py:154] - Successfully connected to Unreal Engine
2026-03-29 22:47:10,691 - UnrealMCP_Advanced - INFO - [unreal_mcp_server_advanced.py:302] - Sending command (attempt 1): create_function
2026-03-29 22:47:10,691 - UnrealMCP_Advanced - DEBUG - [unreal_mcp_server_advanced.py:303] - Command payload: {"type": "create_function", "params": {"blueprint_name": "BP_FPSPlayerControll", "function_name": "GetModuleName", "return_type": "string"}}...
2026-03-29 22:47:10,815 - UnrealMCP_Advanced - INFO - [unreal_mcp_server_advanced.py:233] - Received response (131 bytes) for create_function
2026-03-29 22:47:10,815 - UnrealMCP_Advanced - INFO - [unreal_mcp_server_advanced.py:322] - Command create_function completed successfully
2026-03-29 22:47:10,815 - UnrealMCP_Advanced - WARNING - [unreal_mcp_server_advanced.py:327] - Unreal returned error: Unknown command type: create_function
2026-03-29 22:47:10,817 - mcp.server.lowlevel.server - DEBUG - [server.py:790] - Response sent
2026-03-29 22:47:11,613 - mcp.server.lowlevel.server - DEBUG - [server.py:675] - Received message: <mcp.shared.session.RequestResponder object at 0x0000021F211DD850>
2026-03-29 22:47:11,613 - mcp.server.lowlevel.server - INFO - [server.py:720] - Processing request of type CallToolRequest
2026-03-29 22:47:11,613 - mcp.server.lowlevel.server - DEBUG - [server.py:723] - Dispatching request of type CallToolRequest
2026-03-29 22:47:11,613 - UnrealMCP_Advanced - INFO - [unreal_mcp_server_advanced.py:147] - Connecting to Unreal at 127.0.0.1:55558 (attempt 1/4)...
2026-03-29 22:47:11,614 - UnrealMCP_Advanced - INFO - [unreal_mcp_server_advanced.py:154] - Successfully connected to Unreal Engine
2026-03-29 22:47:11,614 - UnrealMCP_Advanced - INFO - [unreal_mcp_server_advanced.py:302] - Sending command (attempt 1): create_function
2026-03-29 22:47:11,614 - UnrealMCP_Advanced - DEBUG - [unreal_mcp_server_advanced.py:303] - Command payload: {"type": "create_function", "params": {"blueprint_name": "BP_FPSPlayer", "function_name": "GetModuleName", "return_type": "string"}}...
2026-03-29 22:47:11,814 - UnrealMCP_Advanced - INFO - [unreal_mcp_server_advanced.py:233] - Received response (131 bytes) for create_function
2026-03-29 22:47:11,814 - UnrealMCP_Advanced - INFO - [unreal_mcp_server_advanced.py:322] - Command create_function completed successfully
2026-03-29 22:47:11,815 - UnrealMCP_Advanced - WARNING - [unreal_mcp_server_advanced.py:327] - Unreal returned error: Unknown command type: create_function
2026-03-29 22:47:11,817 - mcp.server.lowlevel.server - DEBUG - [server.py:790] - Response sent
2026-03-29 22:47:11,840 - mcp.server.lowlevel.server - DEBUG - [server.py:675] - Received message: <mcp.shared.session.RequestResponder object at 0x0000021F21239AD0>
2026-03-29 22:47:11,840 - mcp.server.lowlevel.server - INFO - [server.py:720] - Processing request of type CallToolRequest
2026-03-29 22:47:11,840 - mcp.server.lowlevel.server - DEBUG - [server.py:723] - Dispatching request of type CallToolRequest
2026-03-29 22:47:11,840 - UnrealMCP_Advanced - INFO - [unreal_mcp_server_advanced.py:147] - Connecting to Unreal at 127.0.0.1:55558 (attempt 1/4)...
2026-03-29 22:47:11,841 - UnrealMCP_Advanced - INFO - [unreal_mcp_server_advanced.py:154] - Successfully connected to Unreal Engine
2026-03-29 22:47:11,841 - UnrealMCP_Advanced - INFO - [unreal_mcp_server_advanced.py:302] - Sending command (attempt 1): create_function
2026-03-29 22:47:11,841 - UnrealMCP_Advanced - DEBUG - [unreal_mcp_server_advanced.py:303] - Command payload: {"type": "create_function", "params": {"blueprint_name": "BP_FPSGameMode", "function_name": "GetModuleName", "return_type": "string"}}...
2026-03-29 22:47:12,148 - UnrealMCP_Advanced - INFO - [unreal_mcp_server_advanced.py:233] - Received response (131 bytes) for create_function
2026-03-29 22:47:12,148 - UnrealMCP_Advanced - INFO - [unreal_mcp_server_advanced.py:322] - Command create_function completed successfully
2026-03-29 22:47:12,148 - UnrealMCP_Advanced - WARNING - [unreal_mcp_server_advanced.py:327] - Unreal returned error: Unknown command type: create_function
2026-03-29 22:47:12,151 - mcp.server.lowlevel.server - DEBUG - [server.py:790] - Response sent
2026-03-29 23:27:32,905 - mcp.server.lowlevel.server - DEBUG - [server.py:675] - Received message: <mcp.shared.session.RequestResponder object at 0x0000021F211DD850>
2026-03-29 23:27:32,906 - mcp.server.lowlevel.server - INFO - [server.py:720] - Processing request of type CallToolRequest
2026-03-29 23:27:32,906 - mcp.server.lowlevel.server - DEBUG - [server.py:723] - Dispatching request of type CallToolRequest
2026-03-29 23:27:32,907 - UnrealMCP_Advanced - INFO - [unreal_mcp_server_advanced.py:621] - Reading Blueprint content for: /Game/Blueprints/BP_FPSPlayer
2026-03-29 23:27:32,907 - UnrealMCP_Advanced - INFO - [unreal_mcp_server_advanced.py:147] - Connecting to Unreal at 127.0.0.1:55558 (attempt 1/4)...
2026-03-29 23:27:32,921 - UnrealMCP_Advanced - INFO - [unreal_mcp_server_advanced.py:154] - Successfully connected to Unreal Engine
2026-03-29 23:27:32,921 - UnrealMCP_Advanced - INFO - [unreal_mcp_server_advanced.py:302] - Sending command (attempt 1): describe_blueprint_full
2026-03-29 23:27:32,921 - UnrealMCP_Advanced - DEBUG - [unreal_mcp_server_advanced.py:303] - Command payload: {"type": "describe_blueprint_full", "params": {"include_event_graph": true, "include_functions": false, "include_variables": true, "include_components": true, "include_interfaces": false, "blueprint_name": "BP_FPSPlayer"}}...
2026-03-29 23:27:32,934 - UnrealMCP_Advanced - INFO - [unreal_mcp_server_advanced.py:233] - Received response (6017 bytes) for describe_blueprint_full
2026-03-29 23:27:32,934 - UnrealMCP_Advanced - INFO - [unreal_mcp_server_advanced.py:322] - Command describe_blueprint_full completed successfully
2026-03-29 23:27:32,934 - UnrealMCP_Advanced - INFO - [unreal_mcp_server_advanced.py:627] - Successfully read Blueprint content. Found:
2026-03-29 23:27:32,934 - UnrealMCP_Advanced - INFO - [unreal_mcp_server_advanced.py:629] -   - 29 variables
2026-03-29 23:27:32,934 - UnrealMCP_Advanced - INFO - [unreal_mcp_server_advanced.py:635] -   - 2 components
2026-03-29 23:27:32,937 - mcp.server.lowlevel.server - DEBUG - [server.py:790] - Response sent
2026-03-29 23:27:34,228 - mcp.server.lowlevel.server - DEBUG - [server.py:675] - Received message: <mcp.shared.session.RequestResponder object at 0x0000021F2126BC10>
2026-03-29 23:27:34,229 - mcp.server.lowlevel.server - INFO - [server.py:720] - Processing request of type CallToolRequest
2026-03-29 23:27:34,229 - mcp.server.lowlevel.server - DEBUG - [server.py:723] - Dispatching request of type CallToolRequest
2026-03-29 23:27:34,229 - UnrealMCP_Advanced - INFO - [unreal_mcp_server_advanced.py:621] - Reading Blueprint content for: /Game/Blueprints/BP_FPSPlayerControll
2026-03-29 23:27:34,229 - UnrealMCP_Advanced - INFO - [unreal_mcp_server_advanced.py:147] - Connecting to Unreal at 127.0.0.1:55558 (attempt 1/4)...
2026-03-29 23:27:34,229 - UnrealMCP_Advanced - INFO - [unreal_mcp_server_advanced.py:154] - Successfully connected to Unreal Engine
2026-03-29 23:27:34,230 - UnrealMCP_Advanced - INFO - [unreal_mcp_server_advanced.py:302] - Sending command (attempt 1): describe_blueprint_full
2026-03-29 23:27:34,230 - UnrealMCP_Advanced - DEBUG - [unreal_mcp_server_advanced.py:303] - Command payload: {"type": "describe_blueprint_full", "params": {"include_event_graph": true, "include_functions": false, "include_variables": true, "include_components": true, "include_interfaces": false, "blueprint_name": "BP_FPSPlayerControll"}}...
2026-03-29 23:27:34,234 - UnrealMCP_Advanced - INFO - [unreal_mcp_server_advanced.py:233] - Received response (2312 bytes) for describe_blueprint_full
2026-03-29 23:27:34,234 - UnrealMCP_Advanced - INFO - [unreal_mcp_server_advanced.py:322] - Command describe_blueprint_full completed successfully
2026-03-29 23:27:34,234 - UnrealMCP_Advanced - INFO - [unreal_mcp_server_advanced.py:627] - Successfully read Blueprint content. Found:
2026-03-29 23:27:34,235 - mcp.server.lowlevel.server - DEBUG - [server.py:790] - Response sent
2026-03-29 23:33:25,347 - mcp.server.lowlevel.server - DEBUG - [server.py:162] - Initializing server 'UnrealMCP_Advanced'
2026-03-29 23:33:25,347 - mcp.server.lowlevel.server - DEBUG - [server.py:439] - Registering handler for ListToolsRequest
2026-03-29 23:33:25,348 - mcp.server.lowlevel.server - DEBUG - [server.py:519] - Registering handler for CallToolRequest
2026-03-29 23:33:25,348 - mcp.server.lowlevel.server - DEBUG - [server.py:301] - Registering handler for ListResourcesRequest
2026-03-29 23:33:25,348 - mcp.server.lowlevel.server - DEBUG - [server.py:336] - Registering handler for ReadResourceRequest
2026-03-29 23:33:25,348 - mcp.server.lowlevel.server - DEBUG - [server.py:263] - Registering handler for PromptListRequest
2026-03-29 23:33:25,348 - mcp.server.lowlevel.server - DEBUG - [server.py:285] - Registering handler for GetPromptRequest
2026-03-29 23:33:25,348 - mcp.server.lowlevel.server - DEBUG - [server.py:321] - Registering handler for ListResourceTemplatesRequest
2026-03-29 23:33:25,517 - UnrealMCP_Advanced - INFO - [unreal_mcp_server_advanced.py:2744] - Starting Advanced MCP server with stdio transport
2026-03-29 23:33:25,523 - asyncio - DEBUG - [proactor_events.py:633] - Using proactor: IocpProactor
2026-03-29 23:33:25,526 - UnrealMCP_Advanced - INFO - [unreal_mcp_server_advanced.py:376] - UnrealMCP Advanced server starting up
2026-03-29 23:33:25,526 - UnrealMCP_Advanced - INFO - [unreal_mcp_server_advanced.py:377] - Connection will be established lazily on first tool call
2026-03-29 23:33:25,534 - mcp.server.lowlevel.server - DEBUG - [server.py:675] - Received message: root=InitializedNotification(method='notifications/initialized', params=None, jsonrpc='2.0')
2026-03-29 23:33:25,536 - mcp.server.lowlevel.server - DEBUG - [server.py:675] - Received message: <mcp.shared.session.RequestResponder object at 0x0000020B4F4D2CD0>
2026-03-29 23:33:25,536 - mcp.server.lowlevel.server - INFO - [server.py:720] - Processing request of type ListToolsRequest
2026-03-29 23:33:25,536 - mcp.server.lowlevel.server - DEBUG - [server.py:723] - Dispatching request of type ListToolsRequest
2026-03-29 23:33:25,538 - mcp.server.lowlevel.server - DEBUG - [server.py:790] - Response sent
2026-03-29 23:33:25,540 - mcp.server.lowlevel.server - DEBUG - [server.py:675] - Received message: <mcp.shared.session.RequestResponder object at 0x0000020B4F3FEC10>
2026-03-29 23:33:25,540 - mcp.server.lowlevel.server - INFO - [server.py:720] - Processing request of type ListPromptsRequest
2026-03-29 23:33:25,541 - mcp.server.lowlevel.server - DEBUG - [server.py:723] - Dispatching request of type ListPromptsRequest
2026-03-29 23:33:25,542 - mcp.server.lowlevel.server - DEBUG - [server.py:675] - Received message: <mcp.shared.session.RequestResponder object at 0x0000020B4F56B490>
2026-03-29 23:33:25,542 - mcp.server.lowlevel.server - INFO - [server.py:720] - Processing request of type ListResourcesRequest
2026-03-29 23:33:25,542 - mcp.server.lowlevel.server - DEBUG - [server.py:723] - Dispatching request of type ListResourcesRequest
2026-03-29 23:33:25,542 - mcp.server.fastmcp.resources.resource_manager - DEBUG - [resource_manager.py:109] - Listing resources
2026-03-29 23:33:25,542 - mcp.server.lowlevel.server - DEBUG - [server.py:790] - Response sent
2026-03-29 23:33:25,543 - mcp.server.lowlevel.server - DEBUG - [server.py:790] - Response sent
2026-03-29 23:37:33,014 - mcp.server.lowlevel.server - DEBUG - [server.py:675] - Received message: <mcp.shared.session.RequestResponder object at 0x0000020B4F582190>
2026-03-29 23:37:33,014 - mcp.server.lowlevel.server - INFO - [server.py:720] - Processing request of type CallToolRequest
2026-03-29 23:37:33,015 - mcp.server.lowlevel.server - DEBUG - [server.py:723] - Dispatching request of type CallToolRequest
2026-03-29 23:37:33,015 - UnrealMCP_Advanced - INFO - [unreal_mcp_server_advanced.py:358] - Creating new UnrealConnection instance
2026-03-29 23:37:33,015 - UnrealMCP_Advanced - INFO - [unreal_mcp_server_advanced.py:621] - Reading Blueprint content for: /Game/_FPS/System/UI/WBP_InventoryGrid
2026-03-29 23:37:33,015 - UnrealMCP_Advanced - INFO - [unreal_mcp_server_advanced.py:147] - Connecting to Unreal at 127.0.0.1:55558 (attempt 1/4)...
2026-03-29 23:37:33,016 - UnrealMCP_Advanced - INFO - [unreal_mcp_server_advanced.py:154] - Successfully connected to Unreal Engine
2026-03-29 23:37:33,016 - UnrealMCP_Advanced - INFO - [unreal_mcp_server_advanced.py:302] - Sending command (attempt 1): describe_blueprint_full
2026-03-29 23:37:33,016 - UnrealMCP_Advanced - DEBUG - [unreal_mcp_server_advanced.py:303] - Command payload: {"type": "describe_blueprint_full", "params": {"include_event_graph": false, "include_functions": false, "include_variables": false, "include_components": true, "include_interfaces": false, "blueprint_name": "WBP_InventoryGrid"}}...
2026-03-29 23:37:33,117 - UnrealMCP_Advanced - INFO - [unreal_mcp_server_advanced.py:233] - Received response (2647 bytes) for describe_blueprint_full
2026-03-29 23:37:33,117 - UnrealMCP_Advanced - INFO - [unreal_mcp_server_advanced.py:322] - Command describe_blueprint_full completed successfully
2026-03-29 23:37:33,117 - UnrealMCP_Advanced - INFO - [unreal_mcp_server_advanced.py:627] - Successfully read Blueprint content. Found:
2026-03-29 23:37:33,119 - mcp.server.lowlevel.server - DEBUG - [server.py:790] - Response sent
2026-04-06 15:37:19,228 - mcp.server.lowlevel.server - DEBUG - [server.py:162] - Initializing server 'UnrealMCP_Advanced'
2026-04-06 15:37:19,228 - mcp.server.lowlevel.server - DEBUG - [server.py:439] - Registering handler for ListToolsRequest
2026-04-06 15:37:19,228 - mcp.server.lowlevel.server - DEBUG - [server.py:519] - Registering handler for CallToolRequest
2026-04-06 15:37:19,228 - mcp.server.lowlevel.server - DEBUG - [server.py:301] - Registering handler for ListResourcesRequest
2026-04-06 15:37:19,228 - mcp.server.lowlevel.server - DEBUG - [server.py:336] - Registering handler for ReadResourceRequest
2026-04-06 15:37:19,228 - mcp.server.lowlevel.server - DEBUG - [server.py:263] - Registering handler for PromptListRequest
2026-04-06 15:37:19,228 - mcp.server.lowlevel.server - DEBUG - [server.py:285] - Registering handler for GetPromptRequest
2026-04-06 15:37:19,229 - mcp.server.lowlevel.server - DEBUG - [server.py:321] - Registering handler for ListResourceTemplatesRequest
2026-04-06 15:37:19,320 - UnrealMCP_Advanced - INFO - [unreal_mcp_server_advanced.py:2744] - Starting Advanced MCP server with stdio transport
2026-04-06 15:37:19,326 - asyncio - DEBUG - [proactor_events.py:633] - Using proactor: IocpProactor
2026-04-06 15:37:19,330 - UnrealMCP_Advanced - INFO - [unreal_mcp_server_advanced.py:376] - UnrealMCP Advanced server starting up
2026-04-06 15:37:19,330 - UnrealMCP_Advanced - INFO - [unreal_mcp_server_advanced.py:377] - Connection will be established lazily on first tool call
2026-04-06 15:37:19,337 - mcp.server.lowlevel.server - DEBUG - [server.py:675] - Received message: root=InitializedNotification(method='notifications/initialized', params=None, jsonrpc='2.0')
2026-04-06 15:37:19,339 - mcp.server.lowlevel.server - DEBUG - [server.py:675] - Received message: <mcp.shared.session.RequestResponder object at 0x000001C8D81B5B50>
2026-04-06 15:37:19,339 - mcp.server.lowlevel.server - INFO - [server.py:720] - Processing request of type ListToolsRequest
2026-04-06 15:37:19,339 - mcp.server.lowlevel.server - DEBUG - [server.py:723] - Dispatching request of type ListToolsRequest
2026-04-06 15:37:19,340 - mcp.server.lowlevel.server - DEBUG - [server.py:790] - Response sent
2026-04-06 15:37:19,342 - mcp.server.lowlevel.server - DEBUG - [server.py:675] - Received message: <mcp.shared.session.RequestResponder object at 0x000001C8D813CA10>
2026-04-06 15:37:19,342 - mcp.server.lowlevel.server - INFO - [server.py:720] - Processing request of type ListPromptsRequest
2026-04-06 15:37:19,343 - mcp.server.lowlevel.server - DEBUG - [server.py:723] - Dispatching request of type ListPromptsRequest
2026-04-06 15:37:19,344 - mcp.server.lowlevel.server - DEBUG - [server.py:675] - Received message: <mcp.shared.session.RequestResponder object at 0x000001C8D81D4FD0>
2026-04-06 15:37:19,344 - mcp.server.lowlevel.server - INFO - [server.py:720] - Processing request of type ListResourcesRequest
2026-04-06 15:37:19,344 - mcp.server.lowlevel.server - DEBUG - [server.py:723] - Dispatching request of type ListResourcesRequest
2026-04-06 15:37:19,344 - mcp.server.fastmcp.resources.resource_manager - DEBUG - [resource_manager.py:109] - Listing resources
2026-04-06 15:37:19,344 - mcp.server.lowlevel.server - DEBUG - [server.py:790] - Response sent
2026-04-06 15:37:19,345 - mcp.server.lowlevel.server - DEBUG - [server.py:790] - Response sent
2026-04-06 15:48:17,461 - mcp.server.lowlevel.server - DEBUG - [server.py:675] - Received message: <mcp.shared.session.RequestResponder object at 0x000001C8D813D590>
2026-04-06 15:48:17,461 - mcp.server.lowlevel.server - INFO - [server.py:720] - Processing request of type CallToolRequest
2026-04-06 15:48:17,461 - mcp.server.lowlevel.server - DEBUG - [server.py:723] - Dispatching request of type CallToolRequest
2026-04-06 15:48:17,462 - UnrealMCP_Advanced - INFO - [unreal_mcp_server_advanced.py:358] - Creating new UnrealConnection instance
2026-04-06 15:48:17,462 - UnrealMCP_Advanced - INFO - [unreal_mcp_server_advanced.py:147] - Connecting to Unreal at 127.0.0.1:55558 (attempt 1/4)...
2026-04-06 15:48:17,463 - UnrealMCP_Advanced - INFO - [unreal_mcp_server_advanced.py:154] - Successfully connected to Unreal Engine
2026-04-06 15:48:17,463 - UnrealMCP_Advanced - INFO - [unreal_mcp_server_advanced.py:302] - Sending command (attempt 1): create_blueprint
2026-04-06 15:48:17,463 - UnrealMCP_Advanced - DEBUG - [unreal_mcp_server_advanced.py:303] - Command payload: {"type": "create_blueprint", "params": {"name": "BP_MenuGameMode", "parent_class": "GameModeBase"}}...
2026-04-06 15:48:17,659 - UnrealMCP_Advanced - INFO - [unreal_mcp_server_advanced.py:233] - Received response (131 bytes) for create_blueprint
2026-04-06 15:48:17,659 - UnrealMCP_Advanced - INFO - [unreal_mcp_server_advanced.py:322] - Command create_blueprint completed successfully
2026-04-06 15:48:17,663 - mcp.server.lowlevel.server - DEBUG - [server.py:790] - Response sent
2026-04-06 15:49:46,608 - mcp.server.lowlevel.server - DEBUG - [server.py:675] - Received message: <mcp.shared.session.RequestResponder object at 0x000001C8D813CA10>
2026-04-06 15:49:46,608 - mcp.server.lowlevel.server - INFO - [server.py:720] - Processing request of type CallToolRequest
2026-04-06 15:49:46,608 - mcp.server.lowlevel.server - DEBUG - [server.py:723] - Dispatching request of type CallToolRequest
2026-04-06 15:49:46,608 - UnrealMCP_Advanced - INFO - [unreal_mcp_server_advanced.py:147] - Connecting to Unreal at 127.0.0.1:55558 (attempt 1/4)...
2026-04-06 15:49:46,625 - UnrealMCP_Advanced - INFO - [unreal_mcp_server_advanced.py:154] - Successfully connected to Unreal Engine
2026-04-06 15:49:46,625 - UnrealMCP_Advanced - INFO - [unreal_mcp_server_advanced.py:302] - Sending command (attempt 1): create_blueprint
2026-04-06 15:49:46,625 - UnrealMCP_Advanced - DEBUG - [unreal_mcp_server_advanced.py:303] - Command payload: {"type": "create_blueprint", "params": {"name": "BP_MenuPlayerController", "parent_class": "PlayerController"}}...
2026-04-06 15:49:46,640 - UnrealMCP_Advanced - INFO - [unreal_mcp_server_advanced.py:233] - Received response (151 bytes) for create_blueprint
2026-04-06 15:49:46,640 - UnrealMCP_Advanced - INFO - [unreal_mcp_server_advanced.py:322] - Command create_blueprint completed successfully
2026-04-06 15:49:46,642 - mcp.server.lowlevel.server - DEBUG - [server.py:790] - Response sent
2026-04-06 17:26:12,140 - mcp.server.lowlevel.server - DEBUG - [server.py:675] - Received message: <mcp.shared.session.RequestResponder object at 0x000001C8D813D590>
2026-04-06 17:26:12,143 - mcp.server.lowlevel.server - INFO - [server.py:720] - Processing request of type CallToolRequest
2026-04-06 17:26:12,143 - mcp.server.lowlevel.server - DEBUG - [server.py:723] - Dispatching request of type CallToolRequest
2026-04-06 17:26:12,145 - UnrealMCP_Advanced - INFO - [unreal_mcp_server_advanced.py:621] - Reading Blueprint content for: /Game/_FPS/Blueprints/BP_MenuGameMode
2026-04-06 17:26:12,146 - UnrealMCP_Advanced - INFO - [unreal_mcp_server_advanced.py:147] - Connecting to Unreal at 127.0.0.1:55558 (attempt 1/4)...
2026-04-06 17:26:12,147 - UnrealMCP_Advanced - INFO - [unreal_mcp_server_advanced.py:154] - Successfully connected to Unreal Engine
2026-04-06 17:26:12,147 - UnrealMCP_Advanced - INFO - [unreal_mcp_server_advanced.py:302] - Sending command (attempt 1): describe_blueprint_full
2026-04-06 17:26:12,147 - UnrealMCP_Advanced - DEBUG - [unreal_mcp_server_advanced.py:303] - Command payload: {"type": "describe_blueprint_full", "params": {"include_event_graph": false, "include_functions": false, "include_variables": true, "include_components": false, "include_interfaces": false, "blueprint_name": "BP_MenuGameMode"}}...
2026-04-06 17:26:12,414 - UnrealMCP_Advanced - INFO - [unreal_mcp_server_advanced.py:233] - Received response (2343 bytes) for describe_blueprint_full
2026-04-06 17:26:12,414 - UnrealMCP_Advanced - INFO - [unreal_mcp_server_advanced.py:322] - Command describe_blueprint_full completed successfully
2026-04-06 17:26:12,415 - UnrealMCP_Advanced - INFO - [unreal_mcp_server_advanced.py:627] - Successfully read Blueprint content. Found:
2026-04-06 17:26:12,415 - UnrealMCP_Advanced - INFO - [unreal_mcp_server_advanced.py:635] -   - 1 components
2026-04-06 17:26:12,421 - mcp.server.lowlevel.server - DEBUG - [server.py:790] - Response sent
2026-04-06 17:26:13,018 - mcp.server.lowlevel.server - DEBUG - [server.py:675] - Received message: <mcp.shared.session.RequestResponder object at 0x000001C8D80F8DD0>
2026-04-06 17:26:13,018 - mcp.server.lowlevel.server - INFO - [server.py:720] - Processing request of type CallToolRequest
2026-04-06 17:26:13,019 - mcp.server.lowlevel.server - DEBUG - [server.py:723] - Dispatching request of type CallToolRequest
2026-04-06 17:26:13,019 - UnrealMCP_Advanced - INFO - [unreal_mcp_server_advanced.py:621] - Reading Blueprint content for: /Game/_FPS/Blueprints/BP_MenuPlayerController
2026-04-06 17:26:13,019 - UnrealMCP_Advanced - INFO - [unreal_mcp_server_advanced.py:147] - Connecting to Unreal at 127.0.0.1:55558 (attempt 1/4)...
2026-04-06 17:26:13,019 - UnrealMCP_Advanced - INFO - [unreal_mcp_server_advanced.py:154] - Successfully connected to Unreal Engine
2026-04-06 17:26:13,019 - UnrealMCP_Advanced - INFO - [unreal_mcp_server_advanced.py:302] - Sending command (attempt 1): describe_blueprint_full
2026-04-06 17:26:13,019 - UnrealMCP_Advanced - DEBUG - [unreal_mcp_server_advanced.py:303] - Command payload: {"type": "describe_blueprint_full", "params": {"include_event_graph": false, "include_functions": false, "include_variables": true, "include_components": false, "include_interfaces": true, "blueprint_name": "BP_MenuPlayerController"}}...
2026-04-06 17:26:13,080 - UnrealMCP_Advanced - INFO - [unreal_mcp_server_advanced.py:233] - Received response (2323 bytes) for describe_blueprint_full
2026-04-06 17:26:13,080 - UnrealMCP_Advanced - INFO - [unreal_mcp_server_advanced.py:322] - Command describe_blueprint_full completed successfully
2026-04-06 17:26:13,080 - UnrealMCP_Advanced - INFO - [unreal_mcp_server_advanced.py:627] - Successfully read Blueprint content. Found:
2026-04-06 17:26:13,082 - mcp.server.lowlevel.server - DEBUG - [server.py:790] - Response sent
2026-04-06 17:41:15,353 - mcp.server.lowlevel.server - DEBUG - [server.py:675] - Received message: <mcp.shared.session.RequestResponder object at 0x000001C8D817F8D0>
2026-04-06 17:41:15,354 - mcp.server.lowlevel.server - INFO - [server.py:720] - Processing request of type CallToolRequest
2026-04-06 17:41:15,354 - mcp.server.lowlevel.server - DEBUG - [server.py:723] - Dispatching request of type CallToolRequest
2026-04-06 17:41:15,354 - UnrealMCP_Advanced - INFO - [unreal_mcp_server_advanced.py:147] - Connecting to Unreal at 127.0.0.1:55558 (attempt 1/4)...
2026-04-06 17:41:15,355 - UnrealMCP_Advanced - INFO - [unreal_mcp_server_advanced.py:154] - Successfully connected to Unreal Engine
2026-04-06 17:41:15,355 - UnrealMCP_Advanced - INFO - [unreal_mcp_server_advanced.py:302] - Sending command (attempt 1): get_actors_in_level
2026-04-06 17:41:15,355 - UnrealMCP_Advanced - DEBUG - [unreal_mcp_server_advanced.py:303] - Command payload: {"type": "get_actors_in_level", "params": {}}...
2026-04-06 17:41:15,500 - UnrealMCP_Advanced - INFO - [unreal_mcp_server_advanced.py:233] - Received response (1004 bytes) for get_actors_in_level
2026-04-06 17:41:15,500 - UnrealMCP_Advanced - INFO - [unreal_mcp_server_advanced.py:322] - Command get_actors_in_level completed successfully
2026-04-06 17:41:15,504 - mcp.server.lowlevel.server - DEBUG - [server.py:790] - Response sent
2026-04-06 17:48:15,844 - mcp.server.lowlevel.server - DEBUG - [server.py:675] - Received message: <mcp.shared.session.RequestResponder object at 0x000001C8D80E0290>
2026-04-06 17:48:15,845 - mcp.server.lowlevel.server - INFO - [server.py:720] - Processing request of type CallToolRequest
2026-04-06 17:48:15,845 - mcp.server.lowlevel.server - DEBUG - [server.py:723] - Dispatching request of type CallToolRequest
2026-04-06 17:48:15,845 - UnrealMCP_Advanced - INFO - [unreal_mcp_server_advanced.py:621] - Reading Blueprint content for: /Game/_FPS/System/UI/Menu/WBP_MainMenu
2026-04-06 17:48:15,846 - UnrealMCP_Advanced - INFO - [unreal_mcp_server_advanced.py:147] - Connecting to Unreal at 127.0.0.1:55558 (attempt 1/4)...
2026-04-06 17:48:15,846 - UnrealMCP_Advanced - INFO - [unreal_mcp_server_advanced.py:154] - Successfully connected to Unreal Engine
2026-04-06 17:48:15,847 - UnrealMCP_Advanced - INFO - [unreal_mcp_server_advanced.py:302] - Sending command (attempt 1): describe_blueprint_full
2026-04-06 17:48:15,847 - UnrealMCP_Advanced - DEBUG - [unreal_mcp_server_advanced.py:303] - Command payload: {"type": "describe_blueprint_full", "params": {"include_event_graph": false, "include_functions": false, "include_variables": false, "include_components": true, "include_interfaces": false, "blueprint_name": "WBP_MainMenu"}}...
2026-04-06 17:48:16,046 - UnrealMCP_Advanced - INFO - [unreal_mcp_server_advanced.py:233] - Received response (8723 bytes) for describe_blueprint_full
2026-04-06 17:48:16,046 - UnrealMCP_Advanced - INFO - [unreal_mcp_server_advanced.py:322] - Command describe_blueprint_full completed successfully
2026-04-06 17:48:16,047 - UnrealMCP_Advanced - INFO - [unreal_mcp_server_advanced.py:627] - Successfully read Blueprint content. Found:
2026-04-06 17:48:16,049 - mcp.server.lowlevel.server - DEBUG - [server.py:790] - Response sent
2026-04-06 18:27:21,520 - mcp.server.lowlevel.server - DEBUG - [server.py:675] - Received message: <mcp.shared.session.RequestResponder object at 0x000001C8D80E33D0>
2026-04-06 18:27:21,522 - mcp.server.lowlevel.server - INFO - [server.py:720] - Processing request of type CallToolRequest
2026-04-06 18:27:21,522 - mcp.server.lowlevel.server - DEBUG - [server.py:723] - Dispatching request of type CallToolRequest
2026-04-06 18:27:21,523 - UnrealMCP_Advanced - INFO - [unreal_mcp_server_advanced.py:147] - Connecting to Unreal at 127.0.0.1:55558 (attempt 1/4)...
2026-04-06 18:27:21,524 - UnrealMCP_Advanced - INFO - [unreal_mcp_server_advanced.py:154] - Successfully connected to Unreal Engine
2026-04-06 18:27:21,524 - UnrealMCP_Advanced - INFO - [unreal_mcp_server_advanced.py:302] - Sending command (attempt 1): create_blueprint
2026-04-06 18:27:21,524 - UnrealMCP_Advanced - DEBUG - [unreal_mcp_server_advanced.py:303] - Command payload: {"type": "create_blueprint", "params": {"name": "WBP_MapSelect", "parent_class": "FPSMapSelectWidget"}}...
2026-04-06 18:27:21,856 - UnrealMCP_Advanced - INFO - [unreal_mcp_server_advanced.py:233] - Received response (120 bytes) for create_blueprint
2026-04-06 18:27:21,858 - UnrealMCP_Advanced - INFO - [unreal_mcp_server_advanced.py:322] - Command create_blueprint completed successfully
2026-04-06 18:27:21,862 - mcp.server.lowlevel.server - DEBUG - [server.py:790] - Response sent
2026-04-06 18:27:22,045 - mcp.server.lowlevel.server - DEBUG - [server.py:675] - Received message: <mcp.shared.session.RequestResponder object at 0x000001C8D80E0290>
2026-04-06 18:27:22,045 - mcp.server.lowlevel.server - INFO - [server.py:720] - Processing request of type CallToolRequest
2026-04-06 18:27:22,045 - mcp.server.lowlevel.server - DEBUG - [server.py:723] - Dispatching request of type CallToolRequest
2026-04-06 18:27:22,045 - UnrealMCP_Advanced - INFO - [unreal_mcp_server_advanced.py:147] - Connecting to Unreal at 127.0.0.1:55558 (attempt 1/4)...
2026-04-06 18:27:22,045 - UnrealMCP_Advanced - INFO - [unreal_mcp_server_advanced.py:154] - Successfully connected to Unreal Engine
2026-04-06 18:27:22,046 - UnrealMCP_Advanced - INFO - [unreal_mcp_server_advanced.py:302] - Sending command (attempt 1): create_blueprint
2026-04-06 18:27:22,046 - UnrealMCP_Advanced - DEBUG - [unreal_mcp_server_advanced.py:303] - Command payload: {"type": "create_blueprint", "params": {"name": "WBP_PauseMenu", "parent_class": "FPSPauseMenuWidget"}}...
2026-04-06 18:27:22,173 - UnrealMCP_Advanced - INFO - [unreal_mcp_server_advanced.py:233] - Received response (120 bytes) for create_blueprint
2026-04-06 18:27:22,173 - UnrealMCP_Advanced - INFO - [unreal_mcp_server_advanced.py:322] - Command create_blueprint completed successfully
2026-04-06 18:27:22,176 - mcp.server.lowlevel.server - DEBUG - [server.py:790] - Response sent
2026-04-06 22:10:31,437 - mcp.server.lowlevel.server - DEBUG - [server.py:162] - Initializing server 'UnrealMCP_Advanced'
2026-04-06 22:10:31,437 - mcp.server.lowlevel.server - DEBUG - [server.py:439] - Registering handler for ListToolsRequest
2026-04-06 22:10:31,437 - mcp.server.lowlevel.server - DEBUG - [server.py:519] - Registering handler for CallToolRequest
2026-04-06 22:10:31,437 - mcp.server.lowlevel.server - DEBUG - [server.py:301] - Registering handler for ListResourcesRequest
2026-04-06 22:10:31,438 - mcp.server.lowlevel.server - DEBUG - [server.py:336] - Registering handler for ReadResourceRequest
2026-04-06 22:10:31,438 - mcp.server.lowlevel.server - DEBUG - [server.py:263] - Registering handler for PromptListRequest
2026-04-06 22:10:31,438 - mcp.server.lowlevel.server - DEBUG - [server.py:285] - Registering handler for GetPromptRequest
2026-04-06 22:10:31,438 - mcp.server.lowlevel.server - DEBUG - [server.py:321] - Registering handler for ListResourceTemplatesRequest
2026-04-06 22:10:31,519 - UnrealMCP_Advanced - INFO - [unreal_mcp_server_advanced.py:2744] - Starting Advanced MCP server with stdio transport
2026-04-06 22:10:31,524 - asyncio - DEBUG - [proactor_events.py:633] - Using proactor: IocpProactor
2026-04-06 22:10:31,527 - UnrealMCP_Advanced - INFO - [unreal_mcp_server_advanced.py:376] - UnrealMCP Advanced server starting up
2026-04-06 22:10:31,528 - UnrealMCP_Advanced - INFO - [unreal_mcp_server_advanced.py:377] - Connection will be established lazily on first tool call
2026-04-06 22:10:31,535 - mcp.server.lowlevel.server - DEBUG - [server.py:675] - Received message: root=InitializedNotification(method='notifications/initialized', params=None, jsonrpc='2.0')
2026-04-06 22:10:31,538 - mcp.server.lowlevel.server - DEBUG - [server.py:675] - Received message: <mcp.shared.session.RequestResponder object at 0x00000266CB5B7CD0>
2026-04-06 22:10:31,538 - mcp.server.lowlevel.server - INFO - [server.py:720] - Processing request of type ListToolsRequest
2026-04-06 22:10:31,538 - mcp.server.lowlevel.server - DEBUG - [server.py:723] - Dispatching request of type ListToolsRequest
2026-04-06 22:10:31,539 - mcp.server.lowlevel.server - DEBUG - [server.py:790] - Response sent
2026-04-06 22:10:31,539 - mcp.server.lowlevel.server - DEBUG - [server.py:675] - Received message: <mcp.shared.session.RequestResponder object at 0x00000266CB57C210>
2026-04-06 22:10:31,540 - mcp.server.lowlevel.server - INFO - [server.py:720] - Processing request of type ListPromptsRequest
2026-04-06 22:10:31,540 - mcp.server.lowlevel.server - DEBUG - [server.py:723] - Dispatching request of type ListPromptsRequest
2026-04-06 22:10:31,540 - mcp.server.lowlevel.server - DEBUG - [server.py:675] - Received message: <mcp.shared.session.RequestResponder object at 0x00000266CB49CA50>
2026-04-06 22:10:31,541 - mcp.server.lowlevel.server - INFO - [server.py:720] - Processing request of type ListResourcesRequest
2026-04-06 22:10:31,541 - mcp.server.lowlevel.server - DEBUG - [server.py:723] - Dispatching request of type ListResourcesRequest
2026-04-06 22:10:31,541 - mcp.server.fastmcp.resources.resource_manager - DEBUG - [resource_manager.py:109] - Listing resources
2026-04-06 22:10:31,542 - mcp.server.lowlevel.server - DEBUG - [server.py:790] - Response sent
2026-04-06 22:10:31,542 - mcp.server.lowlevel.server - DEBUG - [server.py:790] - Response sent
2026-04-07 00:28:49,984 - mcp.server.lowlevel.server - DEBUG - [server.py:675] - Received message: <mcp.shared.session.RequestResponder object at 0x00000266CB4E1A50>
2026-04-07 00:28:49,988 - mcp.server.lowlevel.server - INFO - [server.py:720] - Processing request of type CallToolRequest
2026-04-07 00:28:49,988 - mcp.server.lowlevel.server - DEBUG - [server.py:723] - Dispatching request of type CallToolRequest
2026-04-07 00:28:49,993 - UnrealMCP_Advanced - INFO - [unreal_mcp_server_advanced.py:358] - Creating new UnrealConnection instance
2026-04-07 00:28:49,993 - UnrealMCP_Advanced - INFO - [unreal_mcp_server_advanced.py:621] - Reading Blueprint content for: /Game/_FPS/System/UI/Menu/WBP_Settings
2026-04-07 00:28:49,994 - UnrealMCP_Advanced - INFO - [unreal_mcp_server_advanced.py:147] - Connecting to Unreal at 127.0.0.1:55558 (attempt 1/4)...
2026-04-07 00:28:49,995 - UnrealMCP_Advanced - INFO - [unreal_mcp_server_advanced.py:154] - Successfully connected to Unreal Engine
2026-04-07 00:28:49,995 - UnrealMCP_Advanced - INFO - [unreal_mcp_server_advanced.py:302] - Sending command (attempt 1): describe_blueprint_full
2026-04-07 00:28:49,995 - UnrealMCP_Advanced - DEBUG - [unreal_mcp_server_advanced.py:303] - Command payload: {"type": "describe_blueprint_full", "params": {"include_event_graph": false, "include_functions": false, "include_variables": true, "include_components": false, "include_interfaces": false, "blueprint_name": "WBP_Settings"}}...
2026-04-07 00:28:50,005 - UnrealMCP_Advanced - INFO - [unreal_mcp_server_advanced.py:233] - Received response (2633 bytes) for describe_blueprint_full
2026-04-07 00:28:50,006 - UnrealMCP_Advanced - INFO - [unreal_mcp_server_advanced.py:322] - Command describe_blueprint_full completed successfully
2026-04-07 00:28:50,006 - UnrealMCP_Advanced - INFO - [unreal_mcp_server_advanced.py:627] - Successfully read Blueprint content. Found:
2026-04-07 00:28:50,016 - mcp.server.lowlevel.server - DEBUG - [server.py:790] - Response sent
2026-04-07 21:07:38,278 - mcp.server.lowlevel.server - DEBUG - [server.py:162] - Initializing server 'UnrealMCP_Advanced'
2026-04-07 21:07:38,278 - mcp.server.lowlevel.server - DEBUG - [server.py:439] - Registering handler for ListToolsRequest
2026-04-07 21:07:38,278 - mcp.server.lowlevel.server - DEBUG - [server.py:519] - Registering handler for CallToolRequest
2026-04-07 21:07:38,278 - mcp.server.lowlevel.server - DEBUG - [server.py:301] - Registering handler for ListResourcesRequest
2026-04-07 21:07:38,278 - mcp.server.lowlevel.server - DEBUG - [server.py:336] - Registering handler for ReadResourceRequest
2026-04-07 21:07:38,278 - mcp.server.lowlevel.server - DEBUG - [server.py:263] - Registering handler for PromptListRequest
2026-04-07 21:07:38,278 - mcp.server.lowlevel.server - DEBUG - [server.py:285] - Registering handler for GetPromptRequest
2026-04-07 21:07:38,278 - mcp.server.lowlevel.server - DEBUG - [server.py:321] - Registering handler for ListResourceTemplatesRequest
2026-04-07 21:07:38,358 - UnrealMCP_Advanced - INFO - [unreal_mcp_server_advanced.py:2744] - Starting Advanced MCP server with stdio transport
2026-04-07 21:07:38,363 - asyncio - DEBUG - [proactor_events.py:633] - Using proactor: IocpProactor
2026-04-07 21:07:38,366 - UnrealMCP_Advanced - INFO - [unreal_mcp_server_advanced.py:376] - UnrealMCP Advanced server starting up
2026-04-07 21:07:38,368 - UnrealMCP_Advanced - INFO - [unreal_mcp_server_advanced.py:377] - Connection will be established lazily on first tool call
2026-04-07 21:07:38,376 - mcp.server.lowlevel.server - DEBUG - [server.py:675] - Received message: root=InitializedNotification(method='notifications/initialized', params=None, jsonrpc='2.0')
2026-04-07 21:07:38,376 - mcp.server.lowlevel.server - DEBUG - [server.py:675] - Received message: <mcp.shared.session.RequestResponder object at 0x000002BCF5281B10>
2026-04-07 21:07:38,380 - mcp.server.lowlevel.server - INFO - [server.py:720] - Processing request of type ListToolsRequest
2026-04-07 21:07:38,380 - mcp.server.lowlevel.server - DEBUG - [server.py:723] - Dispatching request of type ListToolsRequest
2026-04-07 21:07:38,380 - mcp.server.lowlevel.server - DEBUG - [server.py:790] - Response sent
2026-04-07 21:07:38,380 - mcp.server.lowlevel.server - DEBUG - [server.py:675] - Received message: <mcp.shared.session.RequestResponder object at 0x000002BCF52C5B50>
2026-04-07 21:07:38,380 - mcp.server.lowlevel.server - INFO - [server.py:720] - Processing request of type ListPromptsRequest
2026-04-07 21:07:38,380 - mcp.server.lowlevel.server - DEBUG - [server.py:723] - Dispatching request of type ListPromptsRequest
2026-04-07 21:07:38,380 - mcp.server.lowlevel.server - DEBUG - [server.py:675] - Received message: <mcp.shared.session.RequestResponder object at 0x000002BCF53A2FD0>
2026-04-07 21:07:38,380 - mcp.server.lowlevel.server - INFO - [server.py:720] - Processing request of type ListResourcesRequest
2026-04-07 21:07:38,380 - mcp.server.lowlevel.server - DEBUG - [server.py:723] - Dispatching request of type ListResourcesRequest
2026-04-07 21:07:38,380 - mcp.server.fastmcp.resources.resource_manager - DEBUG - [resource_manager.py:109] - Listing resources
2026-04-07 21:07:38,380 - mcp.server.lowlevel.server - DEBUG - [server.py:790] - Response sent
2026-04-07 21:07:38,385 - mcp.server.lowlevel.server - DEBUG - [server.py:790] - Response sent
2026-04-07 21:09:55,415 - UnrealMCP_Advanced - INFO - [unreal_mcp_server_advanced.py:371] - Unreal connection reset
2026-04-07 21:09:55,416 - UnrealMCP_Advanced - INFO - [unreal_mcp_server_advanced.py:383] - Unreal MCP Advanced server shut down
2026-04-07 21:10:17,112 - mcp.server.lowlevel.server - DEBUG - [server.py:162] - Initializing server 'UnrealMCP_Advanced'
2026-04-07 21:10:17,112 - mcp.server.lowlevel.server - DEBUG - [server.py:439] - Registering handler for ListToolsRequest
2026-04-07 21:10:17,112 - mcp.server.lowlevel.server - DEBUG - [server.py:519] - Registering handler for CallToolRequest
2026-04-07 21:10:17,113 - mcp.server.lowlevel.server - DEBUG - [server.py:301] - Registering handler for ListResourcesRequest
2026-04-07 21:10:17,113 - mcp.server.lowlevel.server - DEBUG - [server.py:336] - Registering handler for ReadResourceRequest
2026-04-07 21:10:17,113 - mcp.server.lowlevel.server - DEBUG - [server.py:263] - Registering handler for PromptListRequest
2026-04-07 21:10:17,113 - mcp.server.lowlevel.server - DEBUG - [server.py:285] - Registering handler for GetPromptRequest
2026-04-07 21:10:17,113 - mcp.server.lowlevel.server - DEBUG - [server.py:321] - Registering handler for ListResourceTemplatesRequest
2026-04-07 21:10:17,297 - UnrealMCP_Advanced - INFO - [unreal_mcp_server_advanced.py:2744] - Starting Advanced MCP server with stdio transport
2026-04-07 21:10:17,303 - asyncio - DEBUG - [proactor_events.py:633] - Using proactor: IocpProactor
2026-04-07 21:10:17,310 - UnrealMCP_Advanced - INFO - [unreal_mcp_server_advanced.py:376] - UnrealMCP Advanced server starting up
2026-04-07 21:10:17,311 - UnrealMCP_Advanced - INFO - [unreal_mcp_server_advanced.py:377] - Connection will be established lazily on first tool call
2026-04-07 21:10:17,322 - mcp.server.lowlevel.server - DEBUG - [server.py:675] - Received message: root=InitializedNotification(method='notifications/initialized', params=None, jsonrpc='2.0')
2026-04-07 21:10:17,324 - mcp.server.lowlevel.server - DEBUG - [server.py:675] - Received message: <mcp.shared.session.RequestResponder object at 0x0000021ED1916990>
2026-04-07 21:10:17,325 - mcp.server.lowlevel.server - INFO - [server.py:720] - Processing request of type ListToolsRequest
2026-04-07 21:10:17,326 - mcp.server.lowlevel.server - DEBUG - [server.py:723] - Dispatching request of type ListToolsRequest
2026-04-07 21:10:17,326 - mcp.server.lowlevel.server - DEBUG - [server.py:790] - Response sent
2026-04-07 21:10:17,327 - mcp.server.lowlevel.server - DEBUG - [server.py:675] - Received message: <mcp.shared.session.RequestResponder object at 0x0000021ED18F9290>
2026-04-07 21:10:17,328 - mcp.server.lowlevel.server - INFO - [server.py:720] - Processing request of type ListPromptsRequest
2026-04-07 21:10:17,328 - mcp.server.lowlevel.server - DEBUG - [server.py:723] - Dispatching request of type ListPromptsRequest
2026-04-07 21:10:17,330 - mcp.server.lowlevel.server - DEBUG - [server.py:675] - Received message: <mcp.shared.session.RequestResponder object at 0x0000021ED1948B50>
2026-04-07 21:10:17,330 - mcp.server.lowlevel.server - INFO - [server.py:720] - Processing request of type ListResourcesRequest
2026-04-07 21:10:17,330 - mcp.server.lowlevel.server - DEBUG - [server.py:723] - Dispatching request of type ListResourcesRequest
2026-04-07 21:10:17,330 - mcp.server.fastmcp.resources.resource_manager - DEBUG - [resource_manager.py:109] - Listing resources
2026-04-07 21:10:17,331 - mcp.server.lowlevel.server - DEBUG - [server.py:790] - Response sent
2026-04-07 21:10:17,332 - mcp.server.lowlevel.server - DEBUG - [server.py:790] - Response sent
2026-04-07 21:12:38,836 - mcp.server.lowlevel.server - DEBUG - [server.py:162] - Initializing server 'UnrealMCP_Advanced'
2026-04-07 21:12:38,837 - mcp.server.lowlevel.server - DEBUG - [server.py:439] - Registering handler for ListToolsRequest
2026-04-07 21:12:38,837 - mcp.server.lowlevel.server - DEBUG - [server.py:519] - Registering handler for CallToolRequest
2026-04-07 21:12:38,837 - mcp.server.lowlevel.server - DEBUG - [server.py:301] - Registering handler for ListResourcesRequest
2026-04-07 21:12:38,838 - mcp.server.lowlevel.server - DEBUG - [server.py:336] - Registering handler for ReadResourceRequest
2026-04-07 21:12:38,838 - mcp.server.lowlevel.server - DEBUG - [server.py:263] - Registering handler for PromptListRequest
2026-04-07 21:12:38,838 - mcp.server.lowlevel.server - DEBUG - [server.py:285] - Registering handler for GetPromptRequest
2026-04-07 21:12:38,838 - mcp.server.lowlevel.server - DEBUG - [server.py:321] - Registering handler for ListResourceTemplatesRequest
2026-04-07 21:12:39,046 - UnrealMCP_Advanced - INFO - [unreal_mcp_server_advanced.py:2744] - Starting Advanced MCP server with stdio transport
2026-04-07 21:12:39,049 - asyncio - DEBUG - [proactor_events.py:633] - Using proactor: IocpProactor
2026-04-07 21:12:39,055 - UnrealMCP_Advanced - INFO - [unreal_mcp_server_advanced.py:376] - UnrealMCP Advanced server starting up
2026-04-07 21:12:39,055 - UnrealMCP_Advanced - INFO - [unreal_mcp_server_advanced.py:377] - Connection will be established lazily on first tool call
2026-04-07 21:12:39,064 - mcp.server.lowlevel.server - DEBUG - [server.py:675] - Received message: root=InitializedNotification(method='notifications/initialized', params=None, jsonrpc='2.0')
2026-04-07 21:12:39,067 - mcp.server.lowlevel.server - DEBUG - [server.py:675] - Received message: <mcp.shared.session.RequestResponder object at 0x000001FC50585A50>
2026-04-07 21:12:39,068 - mcp.server.lowlevel.server - INFO - [server.py:720] - Processing request of type ListToolsRequest
2026-04-07 21:12:39,068 - mcp.server.lowlevel.server - DEBUG - [server.py:723] - Dispatching request of type ListToolsRequest
2026-04-07 21:12:39,069 - mcp.server.lowlevel.server - DEBUG - [server.py:790] - Response sent
2026-04-07 21:12:39,070 - mcp.server.lowlevel.server - DEBUG - [server.py:675] - Received message: <mcp.shared.session.RequestResponder object at 0x000001FC504C2B90>
2026-04-07 21:12:39,071 - mcp.server.lowlevel.server - INFO - [server.py:720] - Processing request of type ListPromptsRequest
2026-04-07 21:12:39,071 - mcp.server.lowlevel.server - DEBUG - [server.py:723] - Dispatching request of type ListPromptsRequest
2026-04-07 21:12:39,072 - mcp.server.lowlevel.server - DEBUG - [server.py:675] - Received message: <mcp.shared.session.RequestResponder object at 0x000001FC50432590>
2026-04-07 21:12:39,072 - mcp.server.lowlevel.server - INFO - [server.py:720] - Processing request of type ListResourcesRequest
2026-04-07 21:12:39,072 - mcp.server.lowlevel.server - DEBUG - [server.py:723] - Dispatching request of type ListResourcesRequest
2026-04-07 21:12:39,072 - mcp.server.fastmcp.resources.resource_manager - DEBUG - [resource_manager.py:109] - Listing resources
2026-04-07 21:12:39,073 - mcp.server.lowlevel.server - DEBUG - [server.py:790] - Response sent
2026-04-07 21:12:39,074 - mcp.server.lowlevel.server - DEBUG - [server.py:790] - Response sent
2026-04-07 21:15:27,901 - mcp.server.lowlevel.server - DEBUG - [server.py:162] - Initializing server 'UnrealMCP_Advanced'
2026-04-07 21:15:27,902 - mcp.server.lowlevel.server - DEBUG - [server.py:439] - Registering handler for ListToolsRequest
2026-04-07 21:15:27,902 - mcp.server.lowlevel.server - DEBUG - [server.py:519] - Registering handler for CallToolRequest
2026-04-07 21:15:27,902 - mcp.server.lowlevel.server - DEBUG - [server.py:301] - Registering handler for ListResourcesRequest
2026-04-07 21:15:27,902 - mcp.server.lowlevel.server - DEBUG - [server.py:336] - Registering handler for ReadResourceRequest
2026-04-07 21:15:27,902 - mcp.server.lowlevel.server - DEBUG - [server.py:263] - Registering handler for PromptListRequest
2026-04-07 21:15:27,902 - mcp.server.lowlevel.server - DEBUG - [server.py:285] - Registering handler for GetPromptRequest
2026-04-07 21:15:27,903 - mcp.server.lowlevel.server - DEBUG - [server.py:321] - Registering handler for ListResourceTemplatesRequest
2026-04-07 21:15:28,006 - UnrealMCP_Advanced - INFO - [unreal_mcp_server_advanced.py:2744] - Starting Advanced MCP server with stdio transport
2026-04-07 21:15:28,011 - asyncio - DEBUG - [proactor_events.py:633] - Using proactor: IocpProactor
2026-04-07 21:15:28,016 - UnrealMCP_Advanced - INFO - [unreal_mcp_server_advanced.py:376] - UnrealMCP Advanced server starting up
2026-04-07 21:15:28,016 - UnrealMCP_Advanced - INFO - [unreal_mcp_server_advanced.py:377] - Connection will be established lazily on first tool call
2026-04-07 21:15:28,027 - mcp.server.lowlevel.server - DEBUG - [server.py:675] - Received message: root=InitializedNotification(method='notifications/initialized', params=None, jsonrpc='2.0')
2026-04-07 21:15:28,029 - mcp.server.lowlevel.server - DEBUG - [server.py:675] - Received message: <mcp.shared.session.RequestResponder object at 0x0000011FCBB0BBD0>
2026-04-07 21:15:28,029 - mcp.server.lowlevel.server - INFO - [server.py:720] - Processing request of type ListToolsRequest
2026-04-07 21:15:28,029 - mcp.server.lowlevel.server - DEBUG - [server.py:723] - Dispatching request of type ListToolsRequest
2026-04-07 21:15:28,030 - mcp.server.lowlevel.server - DEBUG - [server.py:790] - Response sent
2026-04-07 21:15:28,031 - mcp.server.lowlevel.server - DEBUG - [server.py:675] - Received message: <mcp.shared.session.RequestResponder object at 0x0000011FCBBF4210>
2026-04-07 21:15:28,032 - mcp.server.lowlevel.server - INFO - [server.py:720] - Processing request of type ListPromptsRequest
2026-04-07 21:15:28,033 - mcp.server.lowlevel.server - DEBUG - [server.py:723] - Dispatching request of type ListPromptsRequest
2026-04-07 21:15:28,033 - mcp.server.lowlevel.server - DEBUG - [server.py:675] - Received message: <mcp.shared.session.RequestResponder object at 0x0000011FCBC4D050>
2026-04-07 21:15:28,033 - mcp.server.lowlevel.server - INFO - [server.py:720] - Processing request of type ListResourcesRequest
2026-04-07 21:15:28,034 - mcp.server.lowlevel.server - DEBUG - [server.py:723] - Dispatching request of type ListResourcesRequest
2026-04-07 21:15:28,034 - mcp.server.fastmcp.resources.resource_manager - DEBUG - [resource_manager.py:109] - Listing resources
2026-04-07 21:15:28,035 - mcp.server.lowlevel.server - DEBUG - [server.py:790] - Response sent
2026-04-07 21:15:28,036 - mcp.server.lowlevel.server - DEBUG - [server.py:790] - Response sent
2026-04-07 21:34:09,412 - UnrealMCP_Advanced - INFO - [unreal_mcp_server_advanced.py:371] - Unreal connection reset
2026-04-07 21:34:09,413 - UnrealMCP_Advanced - INFO - [unreal_mcp_server_advanced.py:383] - Unreal MCP Advanced server shut down
2026-04-08 00:22:45,550 - mcp.server.lowlevel.server - DEBUG - [server.py:162] - Initializing server 'UnrealMCP_Advanced'
2026-04-08 00:22:45,551 - mcp.server.lowlevel.server - DEBUG - [server.py:439] - Registering handler for ListToolsRequest
2026-04-08 00:22:45,551 - mcp.server.lowlevel.server - DEBUG - [server.py:519] - Registering handler for CallToolRequest
2026-04-08 00:22:45,551 - mcp.server.lowlevel.server - DEBUG - [server.py:301] - Registering handler for ListResourcesRequest
2026-04-08 00:22:45,551 - mcp.server.lowlevel.server - DEBUG - [server.py:336] - Registering handler for ReadResourceRequest
2026-04-08 00:22:45,552 - mcp.server.lowlevel.server - DEBUG - [server.py:263] - Registering handler for PromptListRequest
2026-04-08 00:22:45,552 - mcp.server.lowlevel.server - DEBUG - [server.py:285] - Registering handler for GetPromptRequest
2026-04-08 00:22:45,552 - mcp.server.lowlevel.server - DEBUG - [server.py:321] - Registering handler for ListResourceTemplatesRequest
2026-04-08 00:22:45,677 - UnrealMCP_Advanced - INFO - [unreal_mcp_server_advanced.py:2744] - Starting Advanced MCP server with stdio transport
2026-04-08 00:22:45,684 - asyncio - DEBUG - [proactor_events.py:633] - Using proactor: IocpProactor
2026-04-08 00:22:45,689 - UnrealMCP_Advanced - INFO - [unreal_mcp_server_advanced.py:376] - UnrealMCP Advanced server starting up
2026-04-08 00:22:45,689 - UnrealMCP_Advanced - INFO - [unreal_mcp_server_advanced.py:377] - Connection will be established lazily on first tool call
2026-04-08 00:22:45,700 - mcp.server.lowlevel.server - DEBUG - [server.py:675] - Received message: root=InitializedNotification(method='notifications/initialized', params=None, jsonrpc='2.0')
2026-04-08 00:22:45,702 - mcp.server.lowlevel.server - DEBUG - [server.py:675] - Received message: <mcp.shared.session.RequestResponder object at 0x0000019EBDFE3C50>
2026-04-08 00:22:45,703 - mcp.server.lowlevel.server - INFO - [server.py:720] - Processing request of type ListToolsRequest
2026-04-08 00:22:45,703 - mcp.server.lowlevel.server - DEBUG - [server.py:723] - Dispatching request of type ListToolsRequest
2026-04-08 00:22:45,704 - mcp.server.lowlevel.server - DEBUG - [server.py:790] - Response sent
2026-04-08 00:22:45,706 - mcp.server.lowlevel.server - DEBUG - [server.py:675] - Received message: <mcp.shared.session.RequestResponder object at 0x0000019EBDF44210>
2026-04-08 00:22:45,706 - mcp.server.lowlevel.server - INFO - [server.py:720] - Processing request of type ListPromptsRequest
2026-04-08 00:22:45,706 - mcp.server.lowlevel.server - DEBUG - [server.py:723] - Dispatching request of type ListPromptsRequest
2026-04-08 00:22:45,706 - mcp.server.lowlevel.server - DEBUG - [server.py:675] - Received message: <mcp.shared.session.RequestResponder object at 0x0000019EBDF87090>
2026-04-08 00:22:45,707 - mcp.server.lowlevel.server - INFO - [server.py:720] - Processing request of type ListResourcesRequest
2026-04-08 00:22:45,707 - mcp.server.lowlevel.server - DEBUG - [server.py:723] - Dispatching request of type ListResourcesRequest
2026-04-08 00:22:45,707 - mcp.server.fastmcp.resources.resource_manager - DEBUG - [resource_manager.py:109] - Listing resources
2026-04-08 00:22:45,707 - mcp.server.lowlevel.server - DEBUG - [server.py:790] - Response sent
2026-04-08 00:22:45,708 - mcp.server.lowlevel.server - DEBUG - [server.py:790] - Response sent
2026-04-08 00:38:31,700 - mcp.server.lowlevel.server - DEBUG - [server.py:675] - Received message: <mcp.shared.session.RequestResponder object at 0x0000019EBE018490>
2026-04-08 00:38:31,700 - mcp.server.lowlevel.server - INFO - [server.py:720] - Processing request of type CallToolRequest
2026-04-08 00:38:31,700 - mcp.server.lowlevel.server - DEBUG - [server.py:723] - Dispatching request of type CallToolRequest
2026-04-08 00:38:31,702 - UnrealMCP_Advanced - INFO - [unreal_mcp_server_advanced.py:358] - Creating new UnrealConnection instance
2026-04-08 00:38:31,702 - UnrealMCP_Advanced - INFO - [unreal_mcp_server_advanced.py:621] - Reading Blueprint content for: /Game/_FPS/Blueprints/BP_FPSPlayerControll
2026-04-08 00:38:31,702 - UnrealMCP_Advanced - INFO - [unreal_mcp_server_advanced.py:147] - Connecting to Unreal at 127.0.0.1:55558 (attempt 1/4)...
2026-04-08 00:38:31,705 - UnrealMCP_Advanced - INFO - [unreal_mcp_server_advanced.py:154] - Successfully connected to Unreal Engine
2026-04-08 00:38:31,705 - UnrealMCP_Advanced - INFO - [unreal_mcp_server_advanced.py:302] - Sending command (attempt 1): describe_blueprint_full
2026-04-08 00:38:31,705 - UnrealMCP_Advanced - DEBUG - [unreal_mcp_server_advanced.py:303] - Command payload: {"type": "describe_blueprint_full", "params": {"include_event_graph": false, "include_functions": false, "include_variables": true, "include_components": false, "include_interfaces": false, "blueprint_name": "BP_FPSPlayerControll"}}...
2026-04-08 00:38:31,712 - UnrealMCP_Advanced - INFO - [unreal_mcp_server_advanced.py:233] - Received response (2317 bytes) for describe_blueprint_full
2026-04-08 00:38:31,712 - UnrealMCP_Advanced - INFO - [unreal_mcp_server_advanced.py:322] - Command describe_blueprint_full completed successfully
2026-04-08 00:38:31,714 - UnrealMCP_Advanced - INFO - [unreal_mcp_server_advanced.py:627] - Successfully read Blueprint content. Found:
2026-04-08 00:38:31,717 - mcp.server.lowlevel.server - DEBUG - [server.py:790] - Response sent
2026-04-08 00:41:07,560 - mcp.server.lowlevel.server - DEBUG - [server.py:675] - Received message: <mcp.shared.session.RequestResponder object at 0x0000019EBDEB1690>
2026-04-08 00:41:07,560 - mcp.server.lowlevel.server - INFO - [server.py:720] - Processing request of type CallToolRequest
2026-04-08 00:41:07,560 - mcp.server.lowlevel.server - DEBUG - [server.py:723] - Dispatching request of type CallToolRequest
2026-04-08 00:41:07,560 - UnrealMCP_Advanced - INFO - [unreal_mcp_server_advanced.py:621] - Reading Blueprint content for: /Game/_FPS/System/UI/Menu/WBP_MapCard
2026-04-08 00:41:07,561 - UnrealMCP_Advanced - INFO - [unreal_mcp_server_advanced.py:147] - Connecting to Unreal at 127.0.0.1:55558 (attempt 1/4)...
2026-04-08 00:41:07,561 - UnrealMCP_Advanced - INFO - [unreal_mcp_server_advanced.py:154] - Successfully connected to Unreal Engine
2026-04-08 00:41:07,562 - UnrealMCP_Advanced - INFO - [unreal_mcp_server_advanced.py:302] - Sending command (attempt 1): describe_blueprint_full
2026-04-08 00:41:07,562 - UnrealMCP_Advanced - DEBUG - [unreal_mcp_server_advanced.py:303] - Command payload: {"type": "describe_blueprint_full", "params": {"include_event_graph": false, "include_functions": false, "include_variables": true, "include_components": false, "include_interfaces": false, "blueprint_name": "WBP_MapCard"}}...
2026-04-08 00:41:07,841 - UnrealMCP_Advanced - INFO - [unreal_mcp_server_advanced.py:233] - Received response (2616 bytes) for describe_blueprint_full
2026-04-08 00:41:07,841 - UnrealMCP_Advanced - INFO - [unreal_mcp_server_advanced.py:322] - Command describe_blueprint_full completed successfully
2026-04-08 00:41:07,842 - UnrealMCP_Advanced - INFO - [unreal_mcp_server_advanced.py:627] - Successfully read Blueprint content. Found:
2026-04-08 00:41:07,842 - mcp.server.lowlevel.server - DEBUG - [server.py:790] - Response sent
2026-04-08 00:45:14,000 - mcp.server.lowlevel.server - DEBUG - [server.py:675] - Received message: <mcp.shared.session.RequestResponder object at 0x0000019EBDE842D0>
2026-04-08 00:45:14,000 - mcp.server.lowlevel.server - INFO - [server.py:720] - Processing request of type CallToolRequest
2026-04-08 00:45:14,000 - mcp.server.lowlevel.server - DEBUG - [server.py:723] - Dispatching request of type CallToolRequest
2026-04-08 00:45:14,001 - UnrealMCP_Advanced - INFO - [unreal_mcp_server_advanced.py:621] - Reading Blueprint content for: /Game/_FPS/System/UI/Menu/WBP_MapSelect
2026-04-08 00:45:14,001 - UnrealMCP_Advanced - INFO - [unreal_mcp_server_advanced.py:147] - Connecting to Unreal at 127.0.0.1:55558 (attempt 1/4)...
2026-04-08 00:45:14,001 - UnrealMCP_Advanced - INFO - [unreal_mcp_server_advanced.py:154] - Successfully connected to Unreal Engine
2026-04-08 00:45:14,001 - UnrealMCP_Advanced - INFO - [unreal_mcp_server_advanced.py:302] - Sending command (attempt 1): describe_blueprint_full
2026-04-08 00:45:14,001 - UnrealMCP_Advanced - DEBUG - [unreal_mcp_server_advanced.py:303] - Command payload: {"type": "describe_blueprint_full", "params": {"include_event_graph": false, "include_functions": false, "include_variables": true, "include_components": false, "include_interfaces": false, "blueprint_name": "WBP_MapSelect"}}...
2026-04-08 00:45:14,038 - UnrealMCP_Advanced - INFO - [unreal_mcp_server_advanced.py:233] - Received response (5677 bytes) for describe_blueprint_full
2026-04-08 00:45:14,038 - UnrealMCP_Advanced - INFO - [unreal_mcp_server_advanced.py:322] - Command describe_blueprint_full completed successfully
2026-04-08 00:45:14,038 - UnrealMCP_Advanced - INFO - [unreal_mcp_server_advanced.py:627] - Successfully read Blueprint content. Found:
2026-04-08 00:45:14,040 - mcp.server.lowlevel.server - DEBUG - [server.py:790] - Response sent
2026-04-08 00:48:08,875 - mcp.server.lowlevel.server - DEBUG - [server.py:675] - Received message: <mcp.shared.session.RequestResponder object at 0x0000019EBDFE2ED0>
2026-04-08 00:48:08,875 - mcp.server.lowlevel.server - INFO - [server.py:720] - Processing request of type CallToolRequest
2026-04-08 00:48:08,875 - mcp.server.lowlevel.server - DEBUG - [server.py:723] - Dispatching request of type CallToolRequest
2026-04-08 00:48:08,875 - UnrealMCP_Advanced - INFO - [unreal_mcp_server_advanced.py:621] - Reading Blueprint content for: /Game/_FPS/System/UI/Menu/WBP_MapSelect
2026-04-08 00:48:08,875 - UnrealMCP_Advanced - INFO - [unreal_mcp_server_advanced.py:147] - Connecting to Unreal at 127.0.0.1:55558 (attempt 1/4)...
2026-04-08 00:48:08,876 - UnrealMCP_Advanced - INFO - [unreal_mcp_server_advanced.py:154] - Successfully connected to Unreal Engine
2026-04-08 00:48:08,876 - UnrealMCP_Advanced - INFO - [unreal_mcp_server_advanced.py:302] - Sending command (attempt 1): describe_blueprint_full
2026-04-08 00:48:08,876 - UnrealMCP_Advanced - DEBUG - [unreal_mcp_server_advanced.py:303] - Command payload: {"type": "describe_blueprint_full", "params": {"include_event_graph": false, "include_functions": false, "include_variables": true, "include_components": false, "include_interfaces": false, "blueprint_name": "WBP_MapSelect"}}...
2026-04-08 00:48:09,147 - UnrealMCP_Advanced - INFO - [unreal_mcp_server_advanced.py:233] - Received response (5680 bytes) for describe_blueprint_full
2026-04-08 00:48:09,147 - UnrealMCP_Advanced - INFO - [unreal_mcp_server_advanced.py:322] - Command describe_blueprint_full completed successfully
2026-04-08 00:48:09,147 - UnrealMCP_Advanced - INFO - [unreal_mcp_server_advanced.py:627] - Successfully read Blueprint content. Found:
2026-04-08 00:48:09,148 - mcp.server.lowlevel.server - DEBUG - [server.py:790] - Response sent
2026-04-08 01:06:51,971 - mcp.server.lowlevel.server - DEBUG - [server.py:675] - Received message: <mcp.shared.session.RequestResponder object at 0x0000019EBDF9FE90>
2026-04-08 01:06:51,971 - mcp.server.lowlevel.server - INFO - [server.py:720] - Processing request of type CallToolRequest
2026-04-08 01:06:51,971 - mcp.server.lowlevel.server - DEBUG - [server.py:723] - Dispatching request of type CallToolRequest
2026-04-08 01:06:51,971 - UnrealMCP_Advanced - INFO - [unreal_mcp_server_advanced.py:621] - Reading Blueprint content for: /Game/_FPS/System/UI/Menu/WBP_MapSelect
2026-04-08 01:06:51,972 - UnrealMCP_Advanced - INFO - [unreal_mcp_server_advanced.py:147] - Connecting to Unreal at 127.0.0.1:55558 (attempt 1/4)...
2026-04-08 01:06:54,016 - UnrealMCP_Advanced - WARNING - [unreal_mcp_server_advanced.py:162] - Connection refused - is Unreal Engine running? (attempt 1)
2026-04-08 01:06:54,016 - UnrealMCP_Advanced - INFO - [unreal_mcp_server_advanced.py:176] - Retrying connection in 0.5s...
2026-04-08 01:06:54,517 - UnrealMCP_Advanced - INFO - [unreal_mcp_server_advanced.py:147] - Connecting to Unreal at 127.0.0.1:55558 (attempt 2/4)...
2026-04-08 01:06:56,550 - UnrealMCP_Advanced - WARNING - [unreal_mcp_server_advanced.py:162] - Connection refused - is Unreal Engine running? (attempt 2)
2026-04-08 01:06:56,550 - UnrealMCP_Advanced - INFO - [unreal_mcp_server_advanced.py:176] - Retrying connection in 1.0s...
2026-04-08 01:06:57,551 - UnrealMCP_Advanced - INFO - [unreal_mcp_server_advanced.py:147] - Connecting to Unreal at 127.0.0.1:55558 (attempt 3/4)...
2026-04-08 01:06:59,600 - UnrealMCP_Advanced - WARNING - [unreal_mcp_server_advanced.py:162] - Connection refused - is Unreal Engine running? (attempt 3)
2026-04-08 01:06:59,600 - UnrealMCP_Advanced - INFO - [unreal_mcp_server_advanced.py:176] - Retrying connection in 2.0s...
2026-04-08 01:07:01,600 - UnrealMCP_Advanced - INFO - [unreal_mcp_server_advanced.py:147] - Connecting to Unreal at 127.0.0.1:55558 (attempt 4/4)...
2026-04-08 01:07:03,630 - UnrealMCP_Advanced - WARNING - [unreal_mcp_server_advanced.py:162] - Connection refused - is Unreal Engine running? (attempt 4)
2026-04-08 01:07:03,630 - UnrealMCP_Advanced - ERROR - [unreal_mcp_server_advanced.py:179] - Failed to connect after 4 attempts. Last error: Connection refused: [WinError 10061] 由于目标计算机积极拒绝，无法连接。
2026-04-08 01:07:03,630 - UnrealMCP_Advanced - WARNING - [unreal_mcp_server_advanced.py:254] - Command failed (attempt 1/4): Failed to connect to Unreal Engine: Connection refused: [WinError 10061] 由于目标计算机积极拒绝，无法连接。
2026-04-08 01:07:03,631 - UnrealMCP_Advanced - DEBUG - [unreal_mcp_server_advanced.py:200] - Disconnected from Unreal Engine
2026-04-08 01:07:03,631 - UnrealMCP_Advanced - INFO - [unreal_mcp_server_advanced.py:261] - Retrying command in 0.5s...
2026-04-08 01:07:04,131 - UnrealMCP_Advanced - INFO - [unreal_mcp_server_advanced.py:147] - Connecting to Unreal at 127.0.0.1:55558 (attempt 1/4)...
2026-04-08 01:07:06,174 - UnrealMCP_Advanced - WARNING - [unreal_mcp_server_advanced.py:162] - Connection refused - is Unreal Engine running? (attempt 1)
2026-04-08 01:07:06,174 - UnrealMCP_Advanced - INFO - [unreal_mcp_server_advanced.py:176] - Retrying connection in 0.5s...
2026-04-08 01:07:06,675 - UnrealMCP_Advanced - INFO - [unreal_mcp_server_advanced.py:147] - Connecting to Unreal at 127.0.0.1:55558 (attempt 2/4)...
2026-04-08 01:07:08,710 - UnrealMCP_Advanced - WARNING - [unreal_mcp_server_advanced.py:162] - Connection refused - is Unreal Engine running? (attempt 2)
2026-04-08 01:07:08,710 - UnrealMCP_Advanced - INFO - [unreal_mcp_server_advanced.py:176] - Retrying connection in 1.0s...
2026-04-08 01:07:09,711 - UnrealMCP_Advanced - INFO - [unreal_mcp_server_advanced.py:147] - Connecting to Unreal at 127.0.0.1:55558 (attempt 3/4)...
2026-04-08 01:07:11,752 - UnrealMCP_Advanced - WARNING - [unreal_mcp_server_advanced.py:162] - Connection refused - is Unreal Engine running? (attempt 3)
2026-04-08 01:07:11,752 - UnrealMCP_Advanced - INFO - [unreal_mcp_server_advanced.py:176] - Retrying connection in 2.0s...
2026-04-08 01:07:13,753 - UnrealMCP_Advanced - INFO - [unreal_mcp_server_advanced.py:147] - Connecting to Unreal at 127.0.0.1:55558 (attempt 4/4)...
2026-04-08 01:07:15,790 - UnrealMCP_Advanced - WARNING - [unreal_mcp_server_advanced.py:162] - Connection refused - is Unreal Engine running? (attempt 4)
2026-04-08 01:07:15,790 - UnrealMCP_Advanced - ERROR - [unreal_mcp_server_advanced.py:179] - Failed to connect after 4 attempts. Last error: Connection refused: [WinError 10061] 由于目标计算机积极拒绝，无法连接。
2026-04-08 01:07:15,790 - UnrealMCP_Advanced - WARNING - [unreal_mcp_server_advanced.py:254] - Command failed (attempt 2/4): Failed to connect to Unreal Engine: Connection refused: [WinError 10061] 由于目标计算机积极拒绝，无法连接。
2026-04-08 01:07:15,790 - UnrealMCP_Advanced - DEBUG - [unreal_mcp_server_advanced.py:200] - Disconnected from Unreal Engine
2026-04-08 01:07:15,790 - UnrealMCP_Advanced - INFO - [unreal_mcp_server_advanced.py:261] - Retrying command in 1.0s...
2026-04-08 01:07:16,791 - UnrealMCP_Advanced - INFO - [unreal_mcp_server_advanced.py:147] - Connecting to Unreal at 127.0.0.1:55558 (attempt 1/4)...
2026-04-08 01:07:18,827 - UnrealMCP_Advanced - WARNING - [unreal_mcp_server_advanced.py:162] - Connection refused - is Unreal Engine running? (attempt 1)
2026-04-08 01:07:18,827 - UnrealMCP_Advanced - INFO - [unreal_mcp_server_advanced.py:176] - Retrying connection in 0.5s...
2026-04-08 01:07:19,328 - UnrealMCP_Advanced - INFO - [unreal_mcp_server_advanced.py:147] - Connecting to Unreal at 127.0.0.1:55558 (attempt 2/4)...
2026-04-08 01:07:21,365 - UnrealMCP_Advanced - WARNING - [unreal_mcp_server_advanced.py:162] - Connection refused - is Unreal Engine running? (attempt 2)
2026-04-08 01:07:21,365 - UnrealMCP_Advanced - INFO - [unreal_mcp_server_advanced.py:176] - Retrying connection in 1.0s...
2026-04-08 01:07:22,366 - UnrealMCP_Advanced - INFO - [unreal_mcp_server_advanced.py:147] - Connecting to Unreal at 127.0.0.1:55558 (attempt 3/4)...
2026-04-08 01:07:24,407 - UnrealMCP_Advanced - WARNING - [unreal_mcp_server_advanced.py:162] - Connection refused - is Unreal Engine running? (attempt 3)
2026-04-08 01:07:24,407 - UnrealMCP_Advanced - INFO - [unreal_mcp_server_advanced.py:176] - Retrying connection in 2.0s...
2026-04-08 01:07:26,408 - UnrealMCP_Advanced - INFO - [unreal_mcp_server_advanced.py:147] - Connecting to Unreal at 127.0.0.1:55558 (attempt 4/4)...
2026-04-08 01:07:28,444 - UnrealMCP_Advanced - WARNING - [unreal_mcp_server_advanced.py:162] - Connection refused - is Unreal Engine running? (attempt 4)
2026-04-08 01:07:28,444 - UnrealMCP_Advanced - ERROR - [unreal_mcp_server_advanced.py:179] - Failed to connect after 4 attempts. Last error: Connection refused: [WinError 10061] 由于目标计算机积极拒绝，无法连接。
2026-04-08 01:07:28,444 - UnrealMCP_Advanced - WARNING - [unreal_mcp_server_advanced.py:254] - Command failed (attempt 3/4): Failed to connect to Unreal Engine: Connection refused: [WinError 10061] 由于目标计算机积极拒绝，无法连接。
2026-04-08 01:07:28,444 - UnrealMCP_Advanced - DEBUG - [unreal_mcp_server_advanced.py:200] - Disconnected from Unreal Engine
2026-04-08 01:07:28,444 - UnrealMCP_Advanced - INFO - [unreal_mcp_server_advanced.py:261] - Retrying command in 2.0s...
2026-04-08 01:07:30,445 - UnrealMCP_Advanced - INFO - [unreal_mcp_server_advanced.py:147] - Connecting to Unreal at 127.0.0.1:55558 (attempt 1/4)...
2026-04-08 01:07:32,494 - UnrealMCP_Advanced - WARNING - [unreal_mcp_server_advanced.py:162] - Connection refused - is Unreal Engine running? (attempt 1)
2026-04-08 01:07:32,494 - UnrealMCP_Advanced - INFO - [unreal_mcp_server_advanced.py:176] - Retrying connection in 0.5s...
2026-04-08 01:07:32,995 - UnrealMCP_Advanced - INFO - [unreal_mcp_server_advanced.py:147] - Connecting to Unreal at 127.0.0.1:55558 (attempt 2/4)...
2026-04-08 01:07:35,046 - UnrealMCP_Advanced - WARNING - [unreal_mcp_server_advanced.py:162] - Connection refused - is Unreal Engine running? (attempt 2)
2026-04-08 01:07:35,046 - UnrealMCP_Advanced - INFO - [unreal_mcp_server_advanced.py:176] - Retrying connection in 1.0s...
2026-04-08 01:07:36,047 - UnrealMCP_Advanced - INFO - [unreal_mcp_server_advanced.py:147] - Connecting to Unreal at 127.0.0.1:55558 (attempt 3/4)...
2026-04-08 01:07:38,088 - UnrealMCP_Advanced - WARNING - [unreal_mcp_server_advanced.py:162] - Connection refused - is Unreal Engine running? (attempt 3)
2026-04-08 01:07:38,088 - UnrealMCP_Advanced - INFO - [unreal_mcp_server_advanced.py:176] - Retrying connection in 2.0s...
2026-04-08 01:07:40,088 - UnrealMCP_Advanced - INFO - [unreal_mcp_server_advanced.py:147] - Connecting to Unreal at 127.0.0.1:55558 (attempt 4/4)...
2026-04-08 01:07:42,157 - UnrealMCP_Advanced - WARNING - [unreal_mcp_server_advanced.py:162] - Connection refused - is Unreal Engine running? (attempt 4)
2026-04-08 01:07:42,157 - UnrealMCP_Advanced - ERROR - [unreal_mcp_server_advanced.py:179] - Failed to connect after 4 attempts. Last error: Connection refused: [WinError 10061] 由于目标计算机积极拒绝，无法连接。
2026-04-08 01:07:42,157 - UnrealMCP_Advanced - WARNING - [unreal_mcp_server_advanced.py:254] - Command failed (attempt 4/4): Failed to connect to Unreal Engine: Connection refused: [WinError 10061] 由于目标计算机积极拒绝，无法连接。
2026-04-08 01:07:42,158 - UnrealMCP_Advanced - DEBUG - [unreal_mcp_server_advanced.py:200] - Disconnected from Unreal Engine
2026-04-08 01:07:42,159 - mcp.server.lowlevel.server - DEBUG - [server.py:790] - Response sent
2026-04-08 01:21:52,849 - mcp.server.lowlevel.server - DEBUG - [server.py:162] - Initializing server 'UnrealMCP_Advanced'
2026-04-08 01:21:52,849 - mcp.server.lowlevel.server - DEBUG - [server.py:439] - Registering handler for ListToolsRequest
2026-04-08 01:21:52,849 - mcp.server.lowlevel.server - DEBUG - [server.py:519] - Registering handler for CallToolRequest
2026-04-08 01:21:52,849 - mcp.server.lowlevel.server - DEBUG - [server.py:301] - Registering handler for ListResourcesRequest
2026-04-08 01:21:52,849 - mcp.server.lowlevel.server - DEBUG - [server.py:336] - Registering handler for ReadResourceRequest
2026-04-08 01:21:52,849 - mcp.server.lowlevel.server - DEBUG - [server.py:263] - Registering handler for PromptListRequest
2026-04-08 01:21:52,849 - mcp.server.lowlevel.server - DEBUG - [server.py:285] - Registering handler for GetPromptRequest
2026-04-08 01:21:52,849 - mcp.server.lowlevel.server - DEBUG - [server.py:321] - Registering handler for ListResourceTemplatesRequest
2026-04-08 01:21:52,910 - UnrealMCP_Advanced - INFO - [unreal_mcp_server_advanced.py:2744] - Starting Advanced MCP server with stdio transport
2026-04-08 01:21:52,915 - asyncio - DEBUG - [proactor_events.py:633] - Using proactor: IocpProactor
2026-04-08 01:21:52,919 - UnrealMCP_Advanced - INFO - [unreal_mcp_server_advanced.py:376] - UnrealMCP Advanced server starting up
2026-04-08 01:21:52,919 - UnrealMCP_Advanced - INFO - [unreal_mcp_server_advanced.py:377] - Connection will be established lazily on first tool call
2026-04-08 01:21:52,923 - mcp.server.lowlevel.server - DEBUG - [server.py:675] - Received message: root=InitializedNotification(method='notifications/initialized', params=None, jsonrpc='2.0')
2026-04-08 01:21:52,924 - mcp.server.lowlevel.server - DEBUG - [server.py:675] - Received message: <mcp.shared.session.RequestResponder object at 0x00000151DD24B210>
2026-04-08 01:21:52,924 - mcp.server.lowlevel.server - INFO - [server.py:720] - Processing request of type ListToolsRequest
2026-04-08 01:21:52,924 - mcp.server.lowlevel.server - DEBUG - [server.py:723] - Dispatching request of type ListToolsRequest
2026-04-08 01:21:52,925 - mcp.server.lowlevel.server - DEBUG - [server.py:790] - Response sent
2026-04-08 01:21:52,925 - mcp.server.lowlevel.server - DEBUG - [server.py:675] - Received message: <mcp.shared.session.RequestResponder object at 0x00000151DCEE1490>
2026-04-08 01:21:52,926 - mcp.server.lowlevel.server - INFO - [server.py:720] - Processing request of type ListPromptsRequest
2026-04-08 01:21:52,926 - mcp.server.lowlevel.server - DEBUG - [server.py:723] - Dispatching request of type ListPromptsRequest
2026-04-08 01:21:52,927 - mcp.server.lowlevel.server - DEBUG - [server.py:675] - Received message: <mcp.shared.session.RequestResponder object at 0x00000151DD1EB450>
2026-04-08 01:21:52,927 - mcp.server.lowlevel.server - INFO - [server.py:720] - Processing request of type ListResourcesRequest
2026-04-08 01:21:52,927 - mcp.server.lowlevel.server - DEBUG - [server.py:723] - Dispatching request of type ListResourcesRequest
2026-04-08 01:21:52,927 - mcp.server.fastmcp.resources.resource_manager - DEBUG - [resource_manager.py:109] - Listing resources
2026-04-08 01:21:52,927 - mcp.server.lowlevel.server - DEBUG - [server.py:790] - Response sent
2026-04-08 01:21:52,927 - mcp.server.lowlevel.server - DEBUG - [server.py:790] - Response sent
2026-04-08 12:28:35,465 - mcp.server.lowlevel.server - DEBUG - [server.py:162] - Initializing server 'UnrealMCP_Advanced'
2026-04-08 12:28:35,466 - mcp.server.lowlevel.server - DEBUG - [server.py:439] - Registering handler for ListToolsRequest
2026-04-08 12:28:35,466 - mcp.server.lowlevel.server - DEBUG - [server.py:519] - Registering handler for CallToolRequest
2026-04-08 12:28:35,466 - mcp.server.lowlevel.server - DEBUG - [server.py:301] - Registering handler for ListResourcesRequest
2026-04-08 12:28:35,466 - mcp.server.lowlevel.server - DEBUG - [server.py:336] - Registering handler for ReadResourceRequest
2026-04-08 12:28:35,467 - mcp.server.lowlevel.server - DEBUG - [server.py:263] - Registering handler for PromptListRequest
2026-04-08 12:28:35,467 - mcp.server.lowlevel.server - DEBUG - [server.py:285] - Registering handler for GetPromptRequest
2026-04-08 12:28:35,467 - mcp.server.lowlevel.server - DEBUG - [server.py:321] - Registering handler for ListResourceTemplatesRequest
2026-04-08 12:28:35,589 - UnrealMCP_Advanced - INFO - [unreal_mcp_server_advanced.py:2744] - Starting Advanced MCP server with stdio transport
2026-04-08 12:28:35,597 - asyncio - DEBUG - [proactor_events.py:633] - Using proactor: IocpProactor
2026-04-08 12:28:35,603 - UnrealMCP_Advanced - INFO - [unreal_mcp_server_advanced.py:376] - UnrealMCP Advanced server starting up
2026-04-08 12:28:35,603 - UnrealMCP_Advanced - INFO - [unreal_mcp_server_advanced.py:377] - Connection will be established lazily on first tool call
2026-04-08 12:28:35,615 - mcp.server.lowlevel.server - DEBUG - [server.py:675] - Received message: root=InitializedNotification(method='notifications/initialized', params=None, jsonrpc='2.0')
2026-04-08 12:28:35,616 - mcp.server.lowlevel.server - DEBUG - [server.py:675] - Received message: <mcp.shared.session.RequestResponder object at 0x000001C02E48EB50>
2026-04-08 12:28:35,618 - mcp.server.lowlevel.server - INFO - [server.py:720] - Processing request of type ListToolsRequest
2026-04-08 12:28:35,618 - mcp.server.lowlevel.server - DEBUG - [server.py:723] - Dispatching request of type ListToolsRequest
2026-04-08 12:28:35,619 - mcp.server.lowlevel.server - DEBUG - [server.py:790] - Response sent
2026-04-08 12:28:35,620 - mcp.server.lowlevel.server - DEBUG - [server.py:675] - Received message: <mcp.shared.session.RequestResponder object at 0x000001C02E534210>
2026-04-08 12:28:35,621 - mcp.server.lowlevel.server - INFO - [server.py:720] - Processing request of type ListPromptsRequest
2026-04-08 12:28:35,621 - mcp.server.lowlevel.server - DEBUG - [server.py:723] - Dispatching request of type ListPromptsRequest
2026-04-08 12:28:35,623 - mcp.server.lowlevel.server - DEBUG - [server.py:675] - Received message: <mcp.shared.session.RequestResponder object at 0x000001C02E658D90>
2026-04-08 12:28:35,623 - mcp.server.lowlevel.server - INFO - [server.py:720] - Processing request of type ListResourcesRequest
2026-04-08 12:28:35,623 - mcp.server.lowlevel.server - DEBUG - [server.py:723] - Dispatching request of type ListResourcesRequest
2026-04-08 12:28:35,623 - mcp.server.fastmcp.resources.resource_manager - DEBUG - [resource_manager.py:109] - Listing resources
2026-04-08 12:28:35,624 - mcp.server.lowlevel.server - DEBUG - [server.py:790] - Response sent
2026-04-08 12:28:35,635 - mcp.server.lowlevel.server - DEBUG - [server.py:790] - Response sent
2026-04-08 12:30:09,398 - mcp.server.lowlevel.server - DEBUG - [server.py:162] - Initializing server 'UnrealMCP_Advanced'
2026-04-08 12:30:09,399 - mcp.server.lowlevel.server - DEBUG - [server.py:439] - Registering handler for ListToolsRequest
2026-04-08 12:30:09,399 - mcp.server.lowlevel.server - DEBUG - [server.py:519] - Registering handler for CallToolRequest
2026-04-08 12:30:09,399 - mcp.server.lowlevel.server - DEBUG - [server.py:301] - Registering handler for ListResourcesRequest
2026-04-08 12:30:09,399 - mcp.server.lowlevel.server - DEBUG - [server.py:336] - Registering handler for ReadResourceRequest
2026-04-08 12:30:09,399 - mcp.server.lowlevel.server - DEBUG - [server.py:263] - Registering handler for PromptListRequest
2026-04-08 12:30:09,399 - mcp.server.lowlevel.server - DEBUG - [server.py:285] - Registering handler for GetPromptRequest
2026-04-08 12:30:09,399 - mcp.server.lowlevel.server - DEBUG - [server.py:321] - Registering handler for ListResourceTemplatesRequest
2026-04-08 12:30:09,584 - UnrealMCP_Advanced - INFO - [unreal_mcp_server_advanced.py:2744] - Starting Advanced MCP server with stdio transport
2026-04-08 12:30:09,592 - asyncio - DEBUG - [proactor_events.py:633] - Using proactor: IocpProactor
2026-04-08 12:30:09,602 - UnrealMCP_Advanced - INFO - [unreal_mcp_server_advanced.py:376] - UnrealMCP Advanced server starting up
2026-04-08 12:30:09,602 - UnrealMCP_Advanced - INFO - [unreal_mcp_server_advanced.py:377] - Connection will be established lazily on first tool call
2026-04-08 12:30:09,613 - mcp.server.lowlevel.server - DEBUG - [server.py:675] - Received message: root=InitializedNotification(method='notifications/initialized', params=None, jsonrpc='2.0')
2026-04-08 12:30:09,615 - mcp.server.lowlevel.server - DEBUG - [server.py:675] - Received message: <mcp.shared.session.RequestResponder object at 0x000001A1DA305FD0>
2026-04-08 12:30:09,616 - mcp.server.lowlevel.server - INFO - [server.py:720] - Processing request of type ListToolsRequest
2026-04-08 12:30:09,616 - mcp.server.lowlevel.server - DEBUG - [server.py:723] - Dispatching request of type ListToolsRequest
2026-04-08 12:30:09,617 - mcp.server.lowlevel.server - DEBUG - [server.py:790] - Response sent
2026-04-08 12:30:09,618 - mcp.server.lowlevel.server - DEBUG - [server.py:675] - Received message: <mcp.shared.session.RequestResponder object at 0x000001A1DA35AF50>
2026-04-08 12:30:09,618 - mcp.server.lowlevel.server - INFO - [server.py:720] - Processing request of type ListPromptsRequest
2026-04-08 12:30:09,618 - mcp.server.lowlevel.server - DEBUG - [server.py:723] - Dispatching request of type ListPromptsRequest
2026-04-08 12:30:09,619 - mcp.server.lowlevel.server - DEBUG - [server.py:675] - Received message: <mcp.shared.session.RequestResponder object at 0x000001A1DA363090>
2026-04-08 12:30:09,619 - mcp.server.lowlevel.server - INFO - [server.py:720] - Processing request of type ListResourcesRequest
2026-04-08 12:30:09,619 - mcp.server.lowlevel.server - DEBUG - [server.py:723] - Dispatching request of type ListResourcesRequest
2026-04-08 12:30:09,620 - mcp.server.fastmcp.resources.resource_manager - DEBUG - [resource_manager.py:109] - Listing resources
2026-04-08 12:30:09,620 - mcp.server.lowlevel.server - DEBUG - [server.py:790] - Response sent
2026-04-08 12:30:09,621 - mcp.server.lowlevel.server - DEBUG - [server.py:790] - Response sent
2026-04-08 21:01:52,008 - mcp.server.lowlevel.server - DEBUG - [server.py:162] - Initializing server 'UnrealMCP_Advanced'
2026-04-08 21:01:52,009 - mcp.server.lowlevel.server - DEBUG - [server.py:439] - Registering handler for ListToolsRequest
2026-04-08 21:01:52,009 - mcp.server.lowlevel.server - DEBUG - [server.py:519] - Registering handler for CallToolRequest
2026-04-08 21:01:52,009 - mcp.server.lowlevel.server - DEBUG - [server.py:301] - Registering handler for ListResourcesRequest
2026-04-08 21:01:52,009 - mcp.server.lowlevel.server - DEBUG - [server.py:336] - Registering handler for ReadResourceRequest
2026-04-08 21:01:52,009 - mcp.server.lowlevel.server - DEBUG - [server.py:263] - Registering handler for PromptListRequest
2026-04-08 21:01:52,009 - mcp.server.lowlevel.server - DEBUG - [server.py:285] - Registering handler for GetPromptRequest
2026-04-08 21:01:52,009 - mcp.server.lowlevel.server - DEBUG - [server.py:321] - Registering handler for ListResourceTemplatesRequest
2026-04-08 21:01:52,148 - UnrealMCP_Advanced - INFO - [unreal_mcp_server_advanced.py:2744] - Starting Advanced MCP server with stdio transport
2026-04-08 21:01:52,153 - asyncio - DEBUG - [proactor_events.py:633] - Using proactor: IocpProactor
2026-04-08 21:01:52,158 - UnrealMCP_Advanced - INFO - [unreal_mcp_server_advanced.py:376] - UnrealMCP Advanced server starting up
2026-04-08 21:01:52,158 - UnrealMCP_Advanced - INFO - [unreal_mcp_server_advanced.py:377] - Connection will be established lazily on first tool call
2026-04-08 21:01:52,167 - mcp.server.lowlevel.server - DEBUG - [server.py:675] - Received message: root=InitializedNotification(method='notifications/initialized', params=None, jsonrpc='2.0')
2026-04-08 21:01:52,169 - mcp.server.lowlevel.server - DEBUG - [server.py:675] - Received message: <mcp.shared.session.RequestResponder object at 0x000001E00EEBA510>
2026-04-08 21:01:52,169 - mcp.server.lowlevel.server - INFO - [server.py:720] - Processing request of type ListToolsRequest
2026-04-08 21:01:52,169 - mcp.server.lowlevel.server - DEBUG - [server.py:723] - Dispatching request of type ListToolsRequest
2026-04-08 21:01:52,171 - mcp.server.lowlevel.server - DEBUG - [server.py:790] - Response sent
2026-04-08 21:01:52,173 - mcp.server.lowlevel.server - DEBUG - [server.py:675] - Received message: <mcp.shared.session.RequestResponder object at 0x000001E00EE78A50>
2026-04-08 21:01:52,173 - mcp.server.lowlevel.server - INFO - [server.py:720] - Processing request of type ListPromptsRequest
2026-04-08 21:01:52,173 - mcp.server.lowlevel.server - DEBUG - [server.py:723] - Dispatching request of type ListPromptsRequest
2026-04-08 21:01:52,174 - mcp.server.lowlevel.server - DEBUG - [server.py:675] - Received message: <mcp.shared.session.RequestResponder object at 0x000001E00EB75B50>
2026-04-08 21:01:52,174 - mcp.server.lowlevel.server - INFO - [server.py:720] - Processing request of type ListResourcesRequest
2026-04-08 21:01:52,174 - mcp.server.lowlevel.server - DEBUG - [server.py:723] - Dispatching request of type ListResourcesRequest
2026-04-08 21:01:52,175 - mcp.server.fastmcp.resources.resource_manager - DEBUG - [resource_manager.py:109] - Listing resources
2026-04-08 21:01:52,175 - mcp.server.lowlevel.server - DEBUG - [server.py:790] - Response sent
2026-04-08 21:01:52,176 - mcp.server.lowlevel.server - DEBUG - [server.py:790] - Response sent
2026-04-08 22:51:49,084 - mcp.server.lowlevel.server - DEBUG - [server.py:162] - Initializing server 'UnrealMCP_Advanced'
2026-04-08 22:51:49,084 - mcp.server.lowlevel.server - DEBUG - [server.py:439] - Registering handler for ListToolsRequest
2026-04-08 22:51:49,084 - mcp.server.lowlevel.server - DEBUG - [server.py:519] - Registering handler for CallToolRequest
2026-04-08 22:51:49,084 - mcp.server.lowlevel.server - DEBUG - [server.py:301] - Registering handler for ListResourcesRequest
2026-04-08 22:51:49,084 - mcp.server.lowlevel.server - DEBUG - [server.py:336] - Registering handler for ReadResourceRequest
2026-04-08 22:51:49,084 - mcp.server.lowlevel.server - DEBUG - [server.py:263] - Registering handler for PromptListRequest
2026-04-08 22:51:49,084 - mcp.server.lowlevel.server - DEBUG - [server.py:285] - Registering handler for GetPromptRequest
2026-04-08 22:51:49,084 - mcp.server.lowlevel.server - DEBUG - [server.py:321] - Registering handler for ListResourceTemplatesRequest
2026-04-08 22:51:49,151 - UnrealMCP_Advanced - INFO - [unreal_mcp_server_advanced.py:2744] - Starting Advanced MCP server with stdio transport
2026-04-08 22:51:49,156 - asyncio - DEBUG - [proactor_events.py:633] - Using proactor: IocpProactor
2026-04-08 22:51:49,159 - UnrealMCP_Advanced - INFO - [unreal_mcp_server_advanced.py:376] - UnrealMCP Advanced server starting up
2026-04-08 22:51:49,159 - UnrealMCP_Advanced - INFO - [unreal_mcp_server_advanced.py:377] - Connection will be established lazily on first tool call
2026-04-08 22:51:49,166 - mcp.server.lowlevel.server - DEBUG - [server.py:675] - Received message: root=InitializedNotification(method='notifications/initialized', params=None, jsonrpc='2.0')
2026-04-08 22:51:49,167 - mcp.server.lowlevel.server - DEBUG - [server.py:675] - Received message: <mcp.shared.session.RequestResponder object at 0x0000019FFE954C10>
2026-04-08 22:51:49,167 - mcp.server.lowlevel.server - INFO - [server.py:720] - Processing request of type ListToolsRequest
2026-04-08 22:51:49,167 - mcp.server.lowlevel.server - DEBUG - [server.py:723] - Dispatching request of type ListToolsRequest
2026-04-08 22:51:49,168 - mcp.server.lowlevel.server - DEBUG - [server.py:790] - Response sent
2026-04-08 22:51:49,169 - mcp.server.lowlevel.server - DEBUG - [server.py:675] - Received message: <mcp.shared.session.RequestResponder object at 0x0000019FFE961350>
2026-04-08 22:51:49,169 - mcp.server.lowlevel.server - INFO - [server.py:720] - Processing request of type ListPromptsRequest
2026-04-08 22:51:49,169 - mcp.server.lowlevel.server - DEBUG - [server.py:723] - Dispatching request of type ListPromptsRequest
2026-04-08 22:51:49,170 - mcp.server.lowlevel.server - DEBUG - [server.py:675] - Received message: <mcp.shared.session.RequestResponder object at 0x0000019FFE9FB490>
2026-04-08 22:51:49,170 - mcp.server.lowlevel.server - INFO - [server.py:720] - Processing request of type ListResourcesRequest
2026-04-08 22:51:49,170 - mcp.server.lowlevel.server - DEBUG - [server.py:723] - Dispatching request of type ListResourcesRequest
2026-04-08 22:51:49,170 - mcp.server.fastmcp.resources.resource_manager - DEBUG - [resource_manager.py:109] - Listing resources
2026-04-08 22:51:49,170 - mcp.server.lowlevel.server - DEBUG - [server.py:790] - Response sent
2026-04-08 22:51:49,171 - mcp.server.lowlevel.server - DEBUG - [server.py:790] - Response sent
2026-04-08 23:20:56,303 - mcp.server.lowlevel.server - DEBUG - [server.py:162] - Initializing server 'UnrealMCP_Advanced'
2026-04-08 23:20:56,304 - mcp.server.lowlevel.server - DEBUG - [server.py:439] - Registering handler for ListToolsRequest
2026-04-08 23:20:56,316 - mcp.server.lowlevel.server - DEBUG - [server.py:519] - Registering handler for CallToolRequest
2026-04-08 23:20:56,317 - mcp.server.lowlevel.server - DEBUG - [server.py:301] - Registering handler for ListResourcesRequest
2026-04-08 23:20:56,318 - mcp.server.lowlevel.server - DEBUG - [server.py:336] - Registering handler for ReadResourceRequest
2026-04-08 23:20:56,318 - mcp.server.lowlevel.server - DEBUG - [server.py:263] - Registering handler for PromptListRequest
2026-04-08 23:20:56,319 - mcp.server.lowlevel.server - DEBUG - [server.py:285] - Registering handler for GetPromptRequest
2026-04-08 23:20:56,320 - mcp.server.lowlevel.server - DEBUG - [server.py:321] - Registering handler for ListResourceTemplatesRequest
2026-04-08 23:20:56,490 - UnrealMCP_Advanced - INFO - [unreal_mcp_server_advanced.py:2744] - Starting Advanced MCP server with stdio transport
2026-04-08 23:20:56,504 - asyncio - DEBUG - [proactor_events.py:633] - Using proactor: IocpProactor
2026-04-08 23:20:56,510 - UnrealMCP_Advanced - INFO - [unreal_mcp_server_advanced.py:376] - UnrealMCP Advanced server starting up
2026-04-08 23:20:56,510 - UnrealMCP_Advanced - INFO - [unreal_mcp_server_advanced.py:377] - Connection will be established lazily on first tool call
2026-04-08 23:20:56,522 - mcp.server.lowlevel.server - DEBUG - [server.py:675] - Received message: root=InitializedNotification(method='notifications/initialized', params=None, jsonrpc='2.0')
2026-04-08 23:20:56,524 - mcp.server.lowlevel.server - DEBUG - [server.py:675] - Received message: <mcp.shared.session.RequestResponder object at 0x0000016DF50F6E10>
2026-04-08 23:20:56,524 - mcp.server.lowlevel.server - INFO - [server.py:720] - Processing request of type ListToolsRequest
2026-04-08 23:20:56,524 - mcp.server.lowlevel.server - DEBUG - [server.py:723] - Dispatching request of type ListToolsRequest
2026-04-08 23:20:56,527 - mcp.server.lowlevel.server - DEBUG - [server.py:790] - Response sent
2026-04-08 23:20:56,529 - mcp.server.lowlevel.server - DEBUG - [server.py:675] - Received message: <mcp.shared.session.RequestResponder object at 0x0000016DF50EC210>
2026-04-08 23:20:56,529 - mcp.server.lowlevel.server - INFO - [server.py:720] - Processing request of type ListPromptsRequest
2026-04-08 23:20:56,529 - mcp.server.lowlevel.server - DEBUG - [server.py:723] - Dispatching request of type ListPromptsRequest
2026-04-08 23:20:56,530 - mcp.server.lowlevel.server - DEBUG - [server.py:675] - Received message: <mcp.shared.session.RequestResponder object at 0x0000016DF50A76D0>
2026-04-08 23:20:56,530 - mcp.server.lowlevel.server - INFO - [server.py:720] - Processing request of type ListResourcesRequest
2026-04-08 23:20:56,530 - mcp.server.lowlevel.server - DEBUG - [server.py:723] - Dispatching request of type ListResourcesRequest
2026-04-08 23:20:56,530 - mcp.server.fastmcp.resources.resource_manager - DEBUG - [resource_manager.py:109] - Listing resources
2026-04-08 23:20:56,531 - mcp.server.lowlevel.server - DEBUG - [server.py:790] - Response sent
2026-04-08 23:20:56,531 - mcp.server.lowlevel.server - DEBUG - [server.py:790] - Response sent
2026-04-08 23:32:14,436 - mcp.server.lowlevel.server - DEBUG - [server.py:162] - Initializing server 'UnrealMCP_Advanced'
2026-04-08 23:32:14,436 - mcp.server.lowlevel.server - DEBUG - [server.py:439] - Registering handler for ListToolsRequest
2026-04-08 23:32:14,436 - mcp.server.lowlevel.server - DEBUG - [server.py:519] - Registering handler for CallToolRequest
2026-04-08 23:32:14,436 - mcp.server.lowlevel.server - DEBUG - [server.py:301] - Registering handler for ListResourcesRequest
2026-04-08 23:32:14,437 - mcp.server.lowlevel.server - DEBUG - [server.py:336] - Registering handler for ReadResourceRequest
2026-04-08 23:32:14,437 - mcp.server.lowlevel.server - DEBUG - [server.py:263] - Registering handler for PromptListRequest
2026-04-08 23:32:14,437 - mcp.server.lowlevel.server - DEBUG - [server.py:285] - Registering handler for GetPromptRequest
2026-04-08 23:32:14,437 - mcp.server.lowlevel.server - DEBUG - [server.py:321] - Registering handler for ListResourceTemplatesRequest
2026-04-08 23:32:14,530 - UnrealMCP_Advanced - INFO - [unreal_mcp_server_advanced.py:2744] - Starting Advanced MCP server with stdio transport
2026-04-08 23:32:14,533 - asyncio - DEBUG - [proactor_events.py:633] - Using proactor: IocpProactor
2026-04-08 23:32:14,537 - UnrealMCP_Advanced - INFO - [unreal_mcp_server_advanced.py:376] - UnrealMCP Advanced server starting up
2026-04-08 23:32:14,537 - UnrealMCP_Advanced - INFO - [unreal_mcp_server_advanced.py:377] - Connection will be established lazily on first tool call
2026-04-08 23:32:14,546 - mcp.server.lowlevel.server - DEBUG - [server.py:675] - Received message: root=InitializedNotification(method='notifications/initialized', params=None, jsonrpc='2.0')
2026-04-08 23:32:14,547 - mcp.server.lowlevel.server - DEBUG - [server.py:675] - Received message: <mcp.shared.session.RequestResponder object at 0x0000019002BE3210>
2026-04-08 23:32:14,547 - mcp.server.lowlevel.server - INFO - [server.py:720] - Processing request of type ListToolsRequest
2026-04-08 23:32:14,547 - mcp.server.lowlevel.server - DEBUG - [server.py:723] - Dispatching request of type ListToolsRequest
2026-04-08 23:32:14,548 - mcp.server.lowlevel.server - DEBUG - [server.py:790] - Response sent
2026-04-08 23:32:14,550 - mcp.server.lowlevel.server - DEBUG - [server.py:675] - Received message: <mcp.shared.session.RequestResponder object at 0x0000019002E13B50>
2026-04-08 23:32:14,551 - mcp.server.lowlevel.server - INFO - [server.py:720] - Processing request of type ListPromptsRequest
2026-04-08 23:32:14,551 - mcp.server.lowlevel.server - DEBUG - [server.py:723] - Dispatching request of type ListPromptsRequest
2026-04-08 23:32:14,551 - mcp.server.lowlevel.server - DEBUG - [server.py:675] - Received message: <mcp.shared.session.RequestResponder object at 0x0000019002EAFC10>
2026-04-08 23:32:14,551 - mcp.server.lowlevel.server - INFO - [server.py:720] - Processing request of type ListResourcesRequest
2026-04-08 23:32:14,551 - mcp.server.lowlevel.server - DEBUG - [server.py:723] - Dispatching request of type ListResourcesRequest
2026-04-08 23:32:14,551 - mcp.server.fastmcp.resources.resource_manager - DEBUG - [resource_manager.py:109] - Listing resources
2026-04-08 23:32:14,552 - mcp.server.lowlevel.server - DEBUG - [server.py:790] - Response sent
2026-04-08 23:32:14,552 - mcp.server.lowlevel.server - DEBUG - [server.py:790] - Response sent
2026-04-09 01:47:43,786 - mcp.server.lowlevel.server - DEBUG - [server.py:675] - Received message: <mcp.shared.session.RequestResponder object at 0x0000019002ED4090>
2026-04-09 01:47:43,790 - mcp.server.lowlevel.server - INFO - [server.py:720] - Processing request of type CallToolRequest
2026-04-09 01:47:43,790 - mcp.server.lowlevel.server - DEBUG - [server.py:723] - Dispatching request of type CallToolRequest
2026-04-09 01:47:43,793 - UnrealMCP_Advanced - INFO - [unreal_mcp_server_advanced.py:358] - Creating new UnrealConnection instance
2026-04-09 01:47:43,793 - UnrealMCP_Advanced - INFO - [unreal_mcp_server_advanced.py:147] - Connecting to Unreal at 127.0.0.1:55558 (attempt 1/4)...
2026-04-09 01:47:43,794 - UnrealMCP_Advanced - INFO - [unreal_mcp_server_advanced.py:154] - Successfully connected to Unreal Engine
2026-04-09 01:47:43,794 - UnrealMCP_Advanced - INFO - [unreal_mcp_server_advanced.py:302] - Sending command (attempt 1): get_actors_in_level
2026-04-09 01:47:43,795 - UnrealMCP_Advanced - DEBUG - [unreal_mcp_server_advanced.py:303] - Command payload: {"type": "get_actors_in_level", "params": {}}...
2026-04-09 01:47:43,979 - UnrealMCP_Advanced - INFO - [unreal_mcp_server_advanced.py:233] - Received response (2253 bytes) for get_actors_in_level
2026-04-09 01:47:43,980 - UnrealMCP_Advanced - INFO - [unreal_mcp_server_advanced.py:322] - Command get_actors_in_level completed successfully
2026-04-09 01:47:43,989 - mcp.server.lowlevel.server - DEBUG - [server.py:790] - Response sent
2026-04-09 20:37:42,047 - mcp.server.lowlevel.server - DEBUG - [server.py:162] - Initializing server 'UnrealMCP_Advanced'
2026-04-09 20:37:42,047 - mcp.server.lowlevel.server - DEBUG - [server.py:439] - Registering handler for ListToolsRequest
2026-04-09 20:37:42,047 - mcp.server.lowlevel.server - DEBUG - [server.py:519] - Registering handler for CallToolRequest
2026-04-09 20:37:42,048 - mcp.server.lowlevel.server - DEBUG - [server.py:301] - Registering handler for ListResourcesRequest
2026-04-09 20:37:42,048 - mcp.server.lowlevel.server - DEBUG - [server.py:336] - Registering handler for ReadResourceRequest
2026-04-09 20:37:42,048 - mcp.server.lowlevel.server - DEBUG - [server.py:263] - Registering handler for PromptListRequest
2026-04-09 20:37:42,048 - mcp.server.lowlevel.server - DEBUG - [server.py:285] - Registering handler for GetPromptRequest
2026-04-09 20:37:42,048 - mcp.server.lowlevel.server - DEBUG - [server.py:321] - Registering handler for ListResourceTemplatesRequest
2026-04-09 20:37:42,117 - UnrealMCP_Advanced - INFO - [unreal_mcp_server_advanced.py:2744] - Starting Advanced MCP server with stdio transport
2026-04-09 20:37:42,122 - asyncio - DEBUG - [proactor_events.py:633] - Using proactor: IocpProactor
2026-04-09 20:37:42,125 - UnrealMCP_Advanced - INFO - [unreal_mcp_server_advanced.py:376] - UnrealMCP Advanced server starting up
2026-04-09 20:37:42,125 - UnrealMCP_Advanced - INFO - [unreal_mcp_server_advanced.py:377] - Connection will be established lazily on first tool call
2026-04-09 20:37:42,134 - mcp.server.lowlevel.server - DEBUG - [server.py:675] - Received message: root=InitializedNotification(method='notifications/initialized', params=None, jsonrpc='2.0')
2026-04-09 20:37:42,135 - mcp.server.lowlevel.server - DEBUG - [server.py:675] - Received message: <mcp.shared.session.RequestResponder object at 0x000001B628A3D190>
2026-04-09 20:37:42,136 - mcp.server.lowlevel.server - INFO - [server.py:720] - Processing request of type ListToolsRequest
2026-04-09 20:37:42,136 - mcp.server.lowlevel.server - DEBUG - [server.py:723] - Dispatching request of type ListToolsRequest
2026-04-09 20:37:42,137 - mcp.server.lowlevel.server - DEBUG - [server.py:790] - Response sent
2026-04-09 20:37:42,138 - mcp.server.lowlevel.server - DEBUG - [server.py:675] - Received message: <mcp.shared.session.RequestResponder object at 0x000001B628A5C210>
2026-04-09 20:37:42,138 - mcp.server.lowlevel.server - INFO - [server.py:720] - Processing request of type ListPromptsRequest
2026-04-09 20:37:42,138 - mcp.server.lowlevel.server - DEBUG - [server.py:723] - Dispatching request of type ListPromptsRequest
2026-04-09 20:37:42,139 - mcp.server.lowlevel.server - DEBUG - [server.py:675] - Received message: <mcp.shared.session.RequestResponder object at 0x000001B628AB7710>
2026-04-09 20:37:42,139 - mcp.server.lowlevel.server - INFO - [server.py:720] - Processing request of type ListResourcesRequest
2026-04-09 20:37:42,139 - mcp.server.lowlevel.server - DEBUG - [server.py:723] - Dispatching request of type ListResourcesRequest
2026-04-09 20:37:42,139 - mcp.server.fastmcp.resources.resource_manager - DEBUG - [resource_manager.py:109] - Listing resources
2026-04-09 20:37:42,140 - mcp.server.lowlevel.server - DEBUG - [server.py:790] - Response sent
2026-04-09 20:37:42,140 - mcp.server.lowlevel.server - DEBUG - [server.py:790] - Response sent
2026-04-10 01:44:58,943 - mcp.server.lowlevel.server - DEBUG - [server.py:162] - Initializing server 'UnrealMCP_Advanced'
2026-04-10 01:44:58,944 - mcp.server.lowlevel.server - DEBUG - [server.py:439] - Registering handler for ListToolsRequest
2026-04-10 01:44:58,944 - mcp.server.lowlevel.server - DEBUG - [server.py:519] - Registering handler for CallToolRequest
2026-04-10 01:44:58,946 - mcp.server.lowlevel.server - DEBUG - [server.py:301] - Registering handler for ListResourcesRequest
2026-04-10 01:44:58,946 - mcp.server.lowlevel.server - DEBUG - [server.py:336] - Registering handler for ReadResourceRequest
2026-04-10 01:44:58,946 - mcp.server.lowlevel.server - DEBUG - [server.py:263] - Registering handler for PromptListRequest
2026-04-10 01:44:58,946 - mcp.server.lowlevel.server - DEBUG - [server.py:285] - Registering handler for GetPromptRequest
2026-04-10 01:44:58,946 - mcp.server.lowlevel.server - DEBUG - [server.py:321] - Registering handler for ListResourceTemplatesRequest
2026-04-10 01:44:59,217 - UnrealMCP_Advanced - INFO - [unreal_mcp_server_advanced.py:2744] - Starting Advanced MCP server with stdio transport
2026-04-10 01:44:59,233 - asyncio - DEBUG - [proactor_events.py:633] - Using proactor: IocpProactor
2026-04-10 01:44:59,245 - UnrealMCP_Advanced - INFO - [unreal_mcp_server_advanced.py:376] - UnrealMCP Advanced server starting up
2026-04-10 01:44:59,246 - UnrealMCP_Advanced - INFO - [unreal_mcp_server_advanced.py:377] - Connection will be established lazily on first tool call
2026-04-10 01:44:59,259 - mcp.server.lowlevel.server - DEBUG - [server.py:675] - Received message: root=InitializedNotification(method='notifications/initialized', params=None, jsonrpc='2.0')
2026-04-10 01:44:59,261 - mcp.server.lowlevel.server - DEBUG - [server.py:675] - Received message: <mcp.shared.session.RequestResponder object at 0x0000012F3F4E44D0>
2026-04-10 01:44:59,261 - mcp.server.lowlevel.server - INFO - [server.py:720] - Processing request of type ListToolsRequest
2026-04-10 01:44:59,261 - mcp.server.lowlevel.server - DEBUG - [server.py:723] - Dispatching request of type ListToolsRequest
2026-04-10 01:44:59,263 - mcp.server.lowlevel.server - DEBUG - [server.py:790] - Response sent
2026-04-10 01:44:59,264 - mcp.server.lowlevel.server - DEBUG - [server.py:675] - Received message: <mcp.shared.session.RequestResponder object at 0x0000012F3F564210>
2026-04-10 01:44:59,265 - mcp.server.lowlevel.server - INFO - [server.py:720] - Processing request of type ListPromptsRequest
2026-04-10 01:44:59,265 - mcp.server.lowlevel.server - DEBUG - [server.py:723] - Dispatching request of type ListPromptsRequest
2026-04-10 01:44:59,266 - mcp.server.lowlevel.server - DEBUG - [server.py:675] - Received message: <mcp.shared.session.RequestResponder object at 0x0000012F3F46D190>
2026-04-10 01:44:59,266 - mcp.server.lowlevel.server - INFO - [server.py:720] - Processing request of type ListResourcesRequest
2026-04-10 01:44:59,266 - mcp.server.lowlevel.server - DEBUG - [server.py:723] - Dispatching request of type ListResourcesRequest
2026-04-10 01:44:59,266 - mcp.server.fastmcp.resources.resource_manager - DEBUG - [resource_manager.py:109] - Listing resources
2026-04-10 01:44:59,267 - mcp.server.lowlevel.server - DEBUG - [server.py:790] - Response sent
2026-04-10 01:44:59,320 - mcp.server.lowlevel.server - DEBUG - [server.py:790] - Response sent
2026-04-10 19:17:40,763 - mcp.server.lowlevel.server - DEBUG - [server.py:162] - Initializing server 'UnrealMCP_Advanced'
2026-04-10 19:17:40,764 - mcp.server.lowlevel.server - DEBUG - [server.py:439] - Registering handler for ListToolsRequest
2026-04-10 19:17:40,764 - mcp.server.lowlevel.server - DEBUG - [server.py:519] - Registering handler for CallToolRequest
2026-04-10 19:17:40,764 - mcp.server.lowlevel.server - DEBUG - [server.py:301] - Registering handler for ListResourcesRequest
2026-04-10 19:17:40,764 - mcp.server.lowlevel.server - DEBUG - [server.py:336] - Registering handler for ReadResourceRequest
2026-04-10 19:17:40,764 - mcp.server.lowlevel.server - DEBUG - [server.py:263] - Registering handler for PromptListRequest
2026-04-10 19:17:40,764 - mcp.server.lowlevel.server - DEBUG - [server.py:285] - Registering handler for GetPromptRequest
2026-04-10 19:17:40,764 - mcp.server.lowlevel.server - DEBUG - [server.py:321] - Registering handler for ListResourceTemplatesRequest
2026-04-10 19:17:40,832 - UnrealMCP_Advanced - INFO - [unreal_mcp_server_advanced.py:2744] - Starting Advanced MCP server with stdio transport
2026-04-10 19:17:40,836 - asyncio - DEBUG - [proactor_events.py:633] - Using proactor: IocpProactor
2026-04-10 19:17:40,839 - UnrealMCP_Advanced - INFO - [unreal_mcp_server_advanced.py:376] - UnrealMCP Advanced server starting up
2026-04-10 19:17:40,839 - UnrealMCP_Advanced - INFO - [unreal_mcp_server_advanced.py:377] - Connection will be established lazily on first tool call
2026-04-10 19:17:40,847 - mcp.server.lowlevel.server - DEBUG - [server.py:675] - Received message: root=InitializedNotification(method='notifications/initialized', params=None, jsonrpc='2.0')
2026-04-10 19:17:40,847 - mcp.server.lowlevel.server - DEBUG - [server.py:675] - Received message: <mcp.shared.session.RequestResponder object at 0x000002269E140810>
2026-04-10 19:17:40,847 - mcp.server.lowlevel.server - INFO - [server.py:720] - Processing request of type ListToolsRequest
2026-04-10 19:17:40,847 - mcp.server.lowlevel.server - DEBUG - [server.py:723] - Dispatching request of type ListToolsRequest
2026-04-10 19:17:40,847 - mcp.server.lowlevel.server - DEBUG - [server.py:790] - Response sent
2026-04-10 19:17:40,851 - mcp.server.lowlevel.server - DEBUG - [server.py:675] - Received message: <mcp.shared.session.RequestResponder object at 0x000002269E194210>
2026-04-10 19:17:40,851 - mcp.server.lowlevel.server - INFO - [server.py:720] - Processing request of type ListPromptsRequest
2026-04-10 19:17:40,851 - mcp.server.lowlevel.server - DEBUG - [server.py:723] - Dispatching request of type ListPromptsRequest
2026-04-10 19:17:40,852 - mcp.server.lowlevel.server - DEBUG - [server.py:675] - Received message: <mcp.shared.session.RequestResponder object at 0x000002269E19B690>
2026-04-10 19:17:40,852 - mcp.server.lowlevel.server - INFO - [server.py:720] - Processing request of type ListResourcesRequest
2026-04-10 19:17:40,852 - mcp.server.lowlevel.server - DEBUG - [server.py:723] - Dispatching request of type ListResourcesRequest
2026-04-10 19:17:40,852 - mcp.server.fastmcp.resources.resource_manager - DEBUG - [resource_manager.py:109] - Listing resources
2026-04-10 19:17:40,852 - mcp.server.lowlevel.server - DEBUG - [server.py:790] - Response sent
2026-04-10 19:17:40,853 - mcp.server.lowlevel.server - DEBUG - [server.py:790] - Response sent
2026-04-10 20:10:41,666 - mcp.server.lowlevel.server - DEBUG - [server.py:675] - Received message: <mcp.shared.session.RequestResponder object at 0x000002269E262F90>
2026-04-10 20:10:41,668 - mcp.server.lowlevel.server - INFO - [server.py:720] - Processing request of type CallToolRequest
2026-04-10 20:10:41,668 - mcp.server.lowlevel.server - DEBUG - [server.py:723] - Dispatching request of type CallToolRequest
2026-04-10 20:10:41,670 - UnrealMCP_Advanced - INFO - [unreal_mcp_server_advanced.py:358] - Creating new UnrealConnection instance
2026-04-10 20:10:41,670 - UnrealMCP_Advanced - INFO - [unreal_mcp_server_advanced.py:147] - Connecting to Unreal at 127.0.0.1:55558 (attempt 1/4)...
2026-04-10 20:10:41,671 - UnrealMCP_Advanced - INFO - [unreal_mcp_server_advanced.py:154] - Successfully connected to Unreal Engine
2026-04-10 20:10:41,671 - UnrealMCP_Advanced - INFO - [unreal_mcp_server_advanced.py:302] - Sending command (attempt 1): list_assets
2026-04-10 20:10:41,671 - UnrealMCP_Advanced - DEBUG - [unreal_mcp_server_advanced.py:303] - Command payload: {"type": "list_assets", "params": {"path": "/Game/_UGC/", "filter": "Material"}}...
2026-04-10 20:10:41,866 - UnrealMCP_Advanced - INFO - [unreal_mcp_server_advanced.py:233] - Received response (4328 bytes) for list_assets
2026-04-10 20:10:41,866 - UnrealMCP_Advanced - INFO - [unreal_mcp_server_advanced.py:322] - Command list_assets completed successfully
2026-04-10 20:10:41,872 - mcp.server.lowlevel.server - DEBUG - [server.py:790] - Response sent
2026-04-10 20:10:41,880 - mcp.server.lowlevel.server - DEBUG - [server.py:675] - Received message: <mcp.shared.session.RequestResponder object at 0x000002269E177F90>
2026-04-10 20:10:41,880 - mcp.server.lowlevel.server - INFO - [server.py:720] - Processing request of type CallToolRequest
2026-04-10 20:10:41,880 - mcp.server.lowlevel.server - DEBUG - [server.py:723] - Dispatching request of type CallToolRequest
2026-04-10 20:10:41,881 - UnrealMCP_Advanced - INFO - [unreal_mcp_server_advanced.py:147] - Connecting to Unreal at 127.0.0.1:55558 (attempt 1/4)...
2026-04-10 20:10:41,881 - UnrealMCP_Advanced - INFO - [unreal_mcp_server_advanced.py:154] - Successfully connected to Unreal Engine
2026-04-10 20:10:41,881 - UnrealMCP_Advanced - INFO - [unreal_mcp_server_advanced.py:302] - Sending command (attempt 1): get_actors_in_level
2026-04-10 20:10:41,881 - UnrealMCP_Advanced - DEBUG - [unreal_mcp_server_advanced.py:303] - Command payload: {"type": "get_actors_in_level", "params": {}}...
2026-04-10 20:10:42,185 - UnrealMCP_Advanced - INFO - [unreal_mcp_server_advanced.py:233] - Received response (2253 bytes) for get_actors_in_level
2026-04-10 20:10:42,186 - UnrealMCP_Advanced - INFO - [unreal_mcp_server_advanced.py:322] - Command get_actors_in_level completed successfully
2026-04-10 20:10:42,188 - mcp.server.lowlevel.server - DEBUG - [server.py:790] - Response sent
2026-04-10 20:10:50,717 - mcp.server.lowlevel.server - DEBUG - [server.py:675] - Received message: <mcp.shared.session.RequestResponder object at 0x000002269E11D850>
2026-04-10 20:10:50,717 - mcp.server.lowlevel.server - INFO - [server.py:720] - Processing request of type CallToolRequest
2026-04-10 20:10:50,717 - mcp.server.lowlevel.server - DEBUG - [server.py:723] - Dispatching request of type CallToolRequest
2026-04-10 20:10:50,717 - UnrealMCP_Advanced - INFO - [unreal_mcp_server_advanced.py:621] - Reading Blueprint content for: /Game/_UGC/Editor/Actor/BP_GizmoArrow_X.BP_GizmoArrow_X
2026-04-10 20:10:50,717 - UnrealMCP_Advanced - INFO - [unreal_mcp_server_advanced.py:147] - Connecting to Unreal at 127.0.0.1:55558 (attempt 1/4)...
2026-04-10 20:10:50,718 - UnrealMCP_Advanced - INFO - [unreal_mcp_server_advanced.py:154] - Successfully connected to Unreal Engine
2026-04-10 20:10:50,718 - UnrealMCP_Advanced - INFO - [unreal_mcp_server_advanced.py:302] - Sending command (attempt 1): describe_blueprint_full
2026-04-10 20:10:50,718 - UnrealMCP_Advanced - DEBUG - [unreal_mcp_server_advanced.py:303] - Command payload: {"type": "describe_blueprint_full", "params": {"include_event_graph": true, "include_functions": true, "include_variables": true, "include_components": true, "include_interfaces": true, "blueprint_name": "BP_GizmoArrow_X.BP_GizmoArrow_X"}}...
2026-04-10 20:10:50,854 - UnrealMCP_Advanced - INFO - [unreal_mcp_server_advanced.py:233] - Received response (82 bytes) for describe_blueprint_full
2026-04-10 20:10:50,855 - UnrealMCP_Advanced - INFO - [unreal_mcp_server_advanced.py:322] - Command describe_blueprint_full completed successfully
2026-04-10 20:10:50,855 - UnrealMCP_Advanced - WARNING - [unreal_mcp_server_advanced.py:331] - Unreal returned failure: Blueprint not found
2026-04-10 20:10:50,856 - mcp.server.lowlevel.server - DEBUG - [server.py:790] - Response sent
2026-04-10 20:10:53,597 - mcp.server.lowlevel.server - DEBUG - [server.py:675] - Received message: <mcp.shared.session.RequestResponder object at 0x000002269E177F90>
2026-04-10 20:10:53,598 - mcp.server.lowlevel.server - INFO - [server.py:720] - Processing request of type CallToolRequest
2026-04-10 20:10:53,598 - mcp.server.lowlevel.server - DEBUG - [server.py:723] - Dispatching request of type CallToolRequest
2026-04-10 20:10:53,598 - UnrealMCP_Advanced - INFO - [unreal_mcp_server_advanced.py:621] - Reading Blueprint content for: /Game/_UGC/Editor/Actor/BP_GizmoArrow_X
2026-04-10 20:10:53,598 - UnrealMCP_Advanced - INFO - [unreal_mcp_server_advanced.py:147] - Connecting to Unreal at 127.0.0.1:55558 (attempt 1/4)...
2026-04-10 20:10:53,599 - UnrealMCP_Advanced - INFO - [unreal_mcp_server_advanced.py:154] - Successfully connected to Unreal Engine
2026-04-10 20:10:53,599 - UnrealMCP_Advanced - INFO - [unreal_mcp_server_advanced.py:302] - Sending command (attempt 1): describe_blueprint_full
2026-04-10 20:10:53,599 - UnrealMCP_Advanced - DEBUG - [unreal_mcp_server_advanced.py:303] - Command payload: {"type": "describe_blueprint_full", "params": {"include_event_graph": true, "include_functions": true, "include_variables": true, "include_components": true, "include_interfaces": true, "blueprint_name": "BP_GizmoArrow_X"}}...
2026-04-10 20:10:53,855 - UnrealMCP_Advanced - INFO - [unreal_mcp_server_advanced.py:233] - Received response (3207 bytes) for describe_blueprint_full
2026-04-10 20:10:53,855 - UnrealMCP_Advanced - INFO - [unreal_mcp_server_advanced.py:322] - Command describe_blueprint_full completed successfully
2026-04-10 20:10:53,855 - UnrealMCP_Advanced - INFO - [unreal_mcp_server_advanced.py:627] - Successfully read Blueprint content. Found:
2026-04-10 20:10:53,855 - UnrealMCP_Advanced - INFO - [unreal_mcp_server_advanced.py:635] -   - 4 components
2026-04-10 20:10:53,856 - mcp.server.lowlevel.server - DEBUG - [server.py:790] - Response sent
2026-04-10 20:20:18,118 - mcp.server.lowlevel.server - DEBUG - [server.py:675] - Received message: <mcp.shared.session.RequestResponder object at 0x000002269E11D850>
2026-04-10 20:20:18,118 - mcp.server.lowlevel.server - INFO - [server.py:720] - Processing request of type CallToolRequest
2026-04-10 20:20:18,118 - mcp.server.lowlevel.server - DEBUG - [server.py:723] - Dispatching request of type CallToolRequest
2026-04-10 20:20:18,118 - UnrealMCP_Advanced - INFO - [unreal_mcp_server_advanced.py:621] - Reading Blueprint content for: /Game/_UGC/Editor/Actor/BP_GizmoArrow_X
2026-04-10 20:20:18,119 - UnrealMCP_Advanced - INFO - [unreal_mcp_server_advanced.py:147] - Connecting to Unreal at 127.0.0.1:55558 (attempt 1/4)...
2026-04-10 20:20:18,119 - UnrealMCP_Advanced - INFO - [unreal_mcp_server_advanced.py:154] - Successfully connected to Unreal Engine
2026-04-10 20:20:18,119 - UnrealMCP_Advanced - INFO - [unreal_mcp_server_advanced.py:302] - Sending command (attempt 1): describe_blueprint_full
2026-04-10 20:20:18,119 - UnrealMCP_Advanced - DEBUG - [unreal_mcp_server_advanced.py:303] - Command payload: {"type": "describe_blueprint_full", "params": {"include_event_graph": false, "include_functions": false, "include_variables": false, "include_components": true, "include_interfaces": true, "blueprint_name": "BP_GizmoArrow_X"}}...
2026-04-10 20:20:18,273 - UnrealMCP_Advanced - INFO - [unreal_mcp_server_advanced.py:233] - Received response (3207 bytes) for describe_blueprint_full
2026-04-10 20:20:18,273 - UnrealMCP_Advanced - INFO - [unreal_mcp_server_advanced.py:322] - Command describe_blueprint_full completed successfully
2026-04-10 20:20:18,273 - UnrealMCP_Advanced - INFO - [unreal_mcp_server_advanced.py:627] - Successfully read Blueprint content. Found:
2026-04-10 20:20:18,273 - UnrealMCP_Advanced - INFO - [unreal_mcp_server_advanced.py:635] -   - 4 components
2026-04-10 20:20:18,273 - mcp.server.lowlevel.server - DEBUG - [server.py:790] - Response sent
2026-04-10 21:19:26,886 - mcp.server.lowlevel.server - DEBUG - [server.py:162] - Initializing server 'UnrealMCP_Advanced'
2026-04-10 21:19:26,886 - mcp.server.lowlevel.server - DEBUG - [server.py:439] - Registering handler for ListToolsRequest
2026-04-10 21:19:26,886 - mcp.server.lowlevel.server - DEBUG - [server.py:519] - Registering handler for CallToolRequest
2026-04-10 21:19:26,886 - mcp.server.lowlevel.server - DEBUG - [server.py:301] - Registering handler for ListResourcesRequest
2026-04-10 21:19:26,886 - mcp.server.lowlevel.server - DEBUG - [server.py:336] - Registering handler for ReadResourceRequest
2026-04-10 21:19:26,886 - mcp.server.lowlevel.server - DEBUG - [server.py:263] - Registering handler for PromptListRequest
2026-04-10 21:19:26,886 - mcp.server.lowlevel.server - DEBUG - [server.py:285] - Registering handler for GetPromptRequest
2026-04-10 21:19:26,886 - mcp.server.lowlevel.server - DEBUG - [server.py:321] - Registering handler for ListResourceTemplatesRequest
2026-04-10 21:19:26,958 - UnrealMCP_Advanced - INFO - [unreal_mcp_server_advanced.py:2744] - Starting Advanced MCP server with stdio transport
2026-04-10 21:19:26,961 - asyncio - DEBUG - [proactor_events.py:633] - Using proactor: IocpProactor
2026-04-10 21:19:26,964 - UnrealMCP_Advanced - INFO - [unreal_mcp_server_advanced.py:376] - UnrealMCP Advanced server starting up
2026-04-10 21:19:26,964 - UnrealMCP_Advanced - INFO - [unreal_mcp_server_advanced.py:377] - Connection will be established lazily on first tool call
2026-04-10 21:19:26,969 - mcp.server.lowlevel.server - DEBUG - [server.py:675] - Received message: root=InitializedNotification(method='notifications/initialized', params=None, jsonrpc='2.0')
2026-04-10 21:19:26,969 - mcp.server.lowlevel.server - DEBUG - [server.py:675] - Received message: <mcp.shared.session.RequestResponder object at 0x000002191F640690>
2026-04-10 21:19:26,970 - mcp.server.lowlevel.server - INFO - [server.py:720] - Processing request of type ListToolsRequest
2026-04-10 21:19:26,970 - mcp.server.lowlevel.server - DEBUG - [server.py:723] - Dispatching request of type ListToolsRequest
2026-04-10 21:19:26,971 - mcp.server.lowlevel.server - DEBUG - [server.py:790] - Response sent
2026-04-10 21:19:26,971 - mcp.server.lowlevel.server - DEBUG - [server.py:675] - Received message: <mcp.shared.session.RequestResponder object at 0x000002191F636250>
2026-04-10 21:19:26,971 - mcp.server.lowlevel.server - INFO - [server.py:720] - Processing request of type ListPromptsRequest
2026-04-10 21:19:26,972 - mcp.server.lowlevel.server - DEBUG - [server.py:723] - Dispatching request of type ListPromptsRequest
2026-04-10 21:19:26,972 - mcp.server.lowlevel.server - DEBUG - [server.py:675] - Received message: <mcp.shared.session.RequestResponder object at 0x000002191F92C990>
2026-04-10 21:19:26,972 - mcp.server.lowlevel.server - INFO - [server.py:720] - Processing request of type ListResourcesRequest
2026-04-10 21:19:26,972 - mcp.server.lowlevel.server - DEBUG - [server.py:723] - Dispatching request of type ListResourcesRequest
2026-04-10 21:19:26,973 - mcp.server.fastmcp.resources.resource_manager - DEBUG - [resource_manager.py:109] - Listing resources
2026-04-10 21:19:26,973 - mcp.server.lowlevel.server - DEBUG - [server.py:790] - Response sent
2026-04-10 21:19:26,973 - mcp.server.lowlevel.server - DEBUG - [server.py:675] - Received message: <mcp.shared.session.RequestResponder object at 0x000002191F8D48D0>
2026-04-10 21:19:26,974 - mcp.server.lowlevel.server - INFO - [server.py:720] - Processing request of type ListResourceTemplatesRequest
2026-04-10 21:19:26,974 - mcp.server.lowlevel.server - DEBUG - [server.py:723] - Dispatching request of type ListResourceTemplatesRequest
2026-04-10 21:19:26,974 - mcp.server.fastmcp.resources.resource_manager - DEBUG - [resource_manager.py:114] - Listing templates
2026-04-10 21:19:26,974 - mcp.server.lowlevel.server - DEBUG - [server.py:790] - Response sent
2026-04-10 21:19:26,974 - mcp.server.lowlevel.server - DEBUG - [server.py:790] - Response sent
2026-04-11 00:06:21,678 - mcp.server.lowlevel.server - DEBUG - [server.py:675] - Received message: <mcp.shared.session.RequestResponder object at 0x000002191F967550>
2026-04-11 00:06:21,682 - mcp.server.lowlevel.server - INFO - [server.py:720] - Processing request of type CallToolRequest
2026-04-11 00:06:21,682 - mcp.server.lowlevel.server - DEBUG - [server.py:723] - Dispatching request of type CallToolRequest
2026-04-11 00:06:21,686 - UnrealMCP_Advanced - INFO - [unreal_mcp_server_advanced.py:358] - Creating new UnrealConnection instance
2026-04-11 00:06:21,687 - UnrealMCP_Advanced - INFO - [unreal_mcp_server_advanced.py:621] - Reading Blueprint content for: /Game/_UGC/Materials/M_SelectionOutline
2026-04-11 00:06:21,687 - UnrealMCP_Advanced - INFO - [unreal_mcp_server_advanced.py:147] - Connecting to Unreal at 127.0.0.1:55558 (attempt 1/4)...
2026-04-11 00:06:21,689 - UnrealMCP_Advanced - INFO - [unreal_mcp_server_advanced.py:154] - Successfully connected to Unreal Engine
2026-04-11 00:06:21,690 - UnrealMCP_Advanced - INFO - [unreal_mcp_server_advanced.py:302] - Sending command (attempt 1): describe_blueprint_full
2026-04-11 00:06:21,690 - UnrealMCP_Advanced - DEBUG - [unreal_mcp_server_advanced.py:303] - Command payload: {"type": "describe_blueprint_full", "params": {"include_event_graph": true, "include_functions": true, "include_variables": true, "include_components": true, "include_interfaces": true, "blueprint_name": "M_SelectionOutline"}}...
2026-04-11 00:06:21,914 - UnrealMCP_Advanced - INFO - [unreal_mcp_server_advanced.py:233] - Received response (82 bytes) for describe_blueprint_full
2026-04-11 00:06:21,914 - UnrealMCP_Advanced - INFO - [unreal_mcp_server_advanced.py:322] - Command describe_blueprint_full completed successfully
2026-04-11 00:06:21,914 - UnrealMCP_Advanced - WARNING - [unreal_mcp_server_advanced.py:331] - Unreal returned failure: Blueprint not found
2026-04-11 00:06:21,924 - mcp.server.lowlevel.server - DEBUG - [server.py:790] - Response sent
2026-04-11 00:07:09,989 - mcp.server.lowlevel.server - DEBUG - [server.py:675] - Received message: <mcp.shared.session.RequestResponder object at 0x000002191F89D010>
2026-04-11 00:07:09,989 - mcp.server.lowlevel.server - INFO - [server.py:720] - Processing request of type CallToolRequest
2026-04-11 00:07:09,990 - mcp.server.lowlevel.server - DEBUG - [server.py:723] - Dispatching request of type CallToolRequest
2026-04-11 00:07:09,990 - UnrealMCP_Advanced - INFO - [unreal_mcp_server_advanced.py:621] - Reading Blueprint content for: /Game/_UGC/Editor/Material/M_SelectionOutline
2026-04-11 00:07:09,990 - UnrealMCP_Advanced - INFO - [unreal_mcp_server_advanced.py:147] - Connecting to Unreal at 127.0.0.1:55558 (attempt 1/4)...
2026-04-11 00:07:09,990 - UnrealMCP_Advanced - INFO - [unreal_mcp_server_advanced.py:154] - Successfully connected to Unreal Engine
2026-04-11 00:07:09,990 - UnrealMCP_Advanced - INFO - [unreal_mcp_server_advanced.py:302] - Sending command (attempt 1): describe_blueprint_full
2026-04-11 00:07:09,990 - UnrealMCP_Advanced - DEBUG - [unreal_mcp_server_advanced.py:303] - Command payload: {"type": "describe_blueprint_full", "params": {"include_event_graph": true, "include_functions": true, "include_variables": true, "include_components": true, "include_interfaces": true, "blueprint_name": "M_SelectionOutline"}}...
2026-04-11 00:07:10,115 - UnrealMCP_Advanced - INFO - [unreal_mcp_server_advanced.py:233] - Received response (82 bytes) for describe_blueprint_full
2026-04-11 00:07:10,115 - UnrealMCP_Advanced - INFO - [unreal_mcp_server_advanced.py:322] - Command describe_blueprint_full completed successfully
2026-04-11 00:07:10,115 - UnrealMCP_Advanced - WARNING - [unreal_mcp_server_advanced.py:331] - Unreal returned failure: Blueprint not found
2026-04-11 00:07:10,117 - mcp.server.lowlevel.server - DEBUG - [server.py:790] - Response sent
2026-04-11 01:05:31,134 - mcp.server.lowlevel.server - DEBUG - [server.py:675] - Received message: <mcp.shared.session.RequestResponder object at 0x000002191F568810>
2026-04-11 01:05:31,136 - mcp.server.lowlevel.server - INFO - [server.py:720] - Processing request of type CallToolRequest
2026-04-11 01:05:31,137 - mcp.server.lowlevel.server - DEBUG - [server.py:723] - Dispatching request of type CallToolRequest
2026-04-11 01:05:31,138 - UnrealMCP_Advanced - INFO - [unreal_mcp_server_advanced.py:147] - Connecting to Unreal at 127.0.0.1:55558 (attempt 1/4)...
2026-04-11 01:05:31,139 - UnrealMCP_Advanced - INFO - [unreal_mcp_server_advanced.py:154] - Successfully connected to Unreal Engine
2026-04-11 01:05:31,139 - UnrealMCP_Advanced - INFO - [unreal_mcp_server_advanced.py:302] - Sending command (attempt 1): get_actors_in_level
2026-04-11 01:05:31,139 - UnrealMCP_Advanced - DEBUG - [unreal_mcp_server_advanced.py:303] - Command payload: {"type": "get_actors_in_level", "params": {}}...
2026-04-11 01:05:31,366 - UnrealMCP_Advanced - INFO - [unreal_mcp_server_advanced.py:233] - Received response (2592 bytes) for get_actors_in_level
2026-04-11 01:05:31,366 - UnrealMCP_Advanced - INFO - [unreal_mcp_server_advanced.py:322] - Command get_actors_in_level completed successfully
2026-04-11 01:05:31,372 - mcp.server.lowlevel.server - DEBUG - [server.py:790] - Response sent
2026-04-11 03:00:14,734 - mcp.server.lowlevel.server - DEBUG - [server.py:162] - Initializing server 'UnrealMCP_Advanced'
2026-04-11 03:00:14,734 - mcp.server.lowlevel.server - DEBUG - [server.py:439] - Registering handler for ListToolsRequest
2026-04-11 03:00:14,734 - mcp.server.lowlevel.server - DEBUG - [server.py:519] - Registering handler for CallToolRequest
2026-04-11 03:00:14,734 - mcp.server.lowlevel.server - DEBUG - [server.py:301] - Registering handler for ListResourcesRequest
2026-04-11 03:00:14,734 - mcp.server.lowlevel.server - DEBUG - [server.py:336] - Registering handler for ReadResourceRequest
2026-04-11 03:00:14,735 - mcp.server.lowlevel.server - DEBUG - [server.py:263] - Registering handler for PromptListRequest
2026-04-11 03:00:14,735 - mcp.server.lowlevel.server - DEBUG - [server.py:285] - Registering handler for GetPromptRequest
2026-04-11 03:00:14,735 - mcp.server.lowlevel.server - DEBUG - [server.py:321] - Registering handler for ListResourceTemplatesRequest
2026-04-11 03:00:14,887 - UnrealMCP_Advanced - INFO - [unreal_mcp_server_advanced.py:2744] - Starting Advanced MCP server with stdio transport
2026-04-11 03:00:14,893 - asyncio - DEBUG - [proactor_events.py:633] - Using proactor: IocpProactor
2026-04-11 03:00:14,897 - UnrealMCP_Advanced - INFO - [unreal_mcp_server_advanced.py:376] - UnrealMCP Advanced server starting up
2026-04-11 03:00:14,897 - UnrealMCP_Advanced - INFO - [unreal_mcp_server_advanced.py:377] - Connection will be established lazily on first tool call
2026-04-11 03:00:14,906 - mcp.server.lowlevel.server - DEBUG - [server.py:675] - Received message: root=InitializedNotification(method='notifications/initialized', params=None, jsonrpc='2.0')
2026-04-11 03:00:14,910 - mcp.server.lowlevel.server - DEBUG - [server.py:675] - Received message: <mcp.shared.session.RequestResponder object at 0x0000029EC7A5AD10>
2026-04-11 03:00:14,910 - mcp.server.lowlevel.server - INFO - [server.py:720] - Processing request of type ListToolsRequest
2026-04-11 03:00:14,910 - mcp.server.lowlevel.server - DEBUG - [server.py:723] - Dispatching request of type ListToolsRequest
2026-04-11 03:00:14,911 - mcp.server.lowlevel.server - DEBUG - [server.py:790] - Response sent
2026-04-11 03:00:14,913 - mcp.server.lowlevel.server - DEBUG - [server.py:675] - Received message: <mcp.shared.session.RequestResponder object at 0x0000029EC78EEC10>
2026-04-11 03:00:14,913 - mcp.server.lowlevel.server - INFO - [server.py:720] - Processing request of type ListPromptsRequest
2026-04-11 03:00:14,913 - mcp.server.lowlevel.server - DEBUG - [server.py:723] - Dispatching request of type ListPromptsRequest
2026-04-11 03:00:14,914 - mcp.server.lowlevel.server - DEBUG - [server.py:675] - Received message: <mcp.shared.session.RequestResponder object at 0x0000029EC792BB50>
2026-04-11 03:00:14,914 - mcp.server.lowlevel.server - INFO - [server.py:720] - Processing request of type ListResourcesRequest
2026-04-11 03:00:14,914 - mcp.server.lowlevel.server - DEBUG - [server.py:723] - Dispatching request of type ListResourcesRequest
2026-04-11 03:00:14,914 - mcp.server.fastmcp.resources.resource_manager - DEBUG - [resource_manager.py:109] - Listing resources
2026-04-11 03:00:14,914 - mcp.server.lowlevel.server - DEBUG - [server.py:790] - Response sent
2026-04-11 03:00:14,915 - mcp.server.lowlevel.server - DEBUG - [server.py:675] - Received message: <mcp.shared.session.RequestResponder object at 0x0000029EC7A70FD0>
2026-04-11 03:00:14,915 - mcp.server.lowlevel.server - INFO - [server.py:720] - Processing request of type ListResourceTemplatesRequest
2026-04-11 03:00:14,915 - mcp.server.lowlevel.server - DEBUG - [server.py:723] - Dispatching request of type ListResourceTemplatesRequest
2026-04-11 03:00:14,915 - mcp.server.fastmcp.resources.resource_manager - DEBUG - [resource_manager.py:114] - Listing templates
2026-04-11 03:00:14,916 - mcp.server.lowlevel.server - DEBUG - [server.py:790] - Response sent
2026-04-11 03:00:14,916 - mcp.server.lowlevel.server - DEBUG - [server.py:790] - Response sent
2026-04-11 09:38:22,363 - mcp.server.lowlevel.server - DEBUG - [server.py:162] - Initializing server 'UnrealMCP_Advanced'
2026-04-11 09:38:22,363 - mcp.server.lowlevel.server - DEBUG - [server.py:439] - Registering handler for ListToolsRequest
2026-04-11 09:38:22,363 - mcp.server.lowlevel.server - DEBUG - [server.py:519] - Registering handler for CallToolRequest
2026-04-11 09:38:22,364 - mcp.server.lowlevel.server - DEBUG - [server.py:301] - Registering handler for ListResourcesRequest
2026-04-11 09:38:22,364 - mcp.server.lowlevel.server - DEBUG - [server.py:336] - Registering handler for ReadResourceRequest
2026-04-11 09:38:22,364 - mcp.server.lowlevel.server - DEBUG - [server.py:263] - Registering handler for PromptListRequest
2026-04-11 09:38:22,364 - mcp.server.lowlevel.server - DEBUG - [server.py:285] - Registering handler for GetPromptRequest
2026-04-11 09:38:22,364 - mcp.server.lowlevel.server - DEBUG - [server.py:321] - Registering handler for ListResourceTemplatesRequest
2026-04-11 09:38:22,498 - UnrealMCP_Advanced - INFO - [unreal_mcp_server_advanced.py:2744] - Starting Advanced MCP server with stdio transport
2026-04-11 09:38:22,505 - asyncio - DEBUG - [proactor_events.py:633] - Using proactor: IocpProactor
2026-04-11 09:38:22,510 - UnrealMCP_Advanced - INFO - [unreal_mcp_server_advanced.py:376] - UnrealMCP Advanced server starting up
2026-04-11 09:38:22,510 - UnrealMCP_Advanced - INFO - [unreal_mcp_server_advanced.py:377] - Connection will be established lazily on first tool call
2026-04-11 09:38:22,519 - mcp.server.lowlevel.server - DEBUG - [server.py:675] - Received message: root=InitializedNotification(method='notifications/initialized', params=None, jsonrpc='2.0')
2026-04-11 09:38:22,521 - mcp.server.lowlevel.server - DEBUG - [server.py:675] - Received message: <mcp.shared.session.RequestResponder object at 0x0000026BFAD1D750>
2026-04-11 09:38:22,521 - mcp.server.lowlevel.server - INFO - [server.py:720] - Processing request of type ListToolsRequest
2026-04-11 09:38:22,521 - mcp.server.lowlevel.server - DEBUG - [server.py:723] - Dispatching request of type ListToolsRequest
2026-04-11 09:38:22,522 - mcp.server.lowlevel.server - DEBUG - [server.py:790] - Response sent
2026-04-11 09:38:22,523 - mcp.server.lowlevel.server - DEBUG - [server.py:675] - Received message: <mcp.shared.session.RequestResponder object at 0x0000026BFAC47850>
2026-04-11 09:38:22,524 - mcp.server.lowlevel.server - INFO - [server.py:720] - Processing request of type ListPromptsRequest
2026-04-11 09:38:22,524 - mcp.server.lowlevel.server - DEBUG - [server.py:723] - Dispatching request of type ListPromptsRequest
2026-04-11 09:38:22,525 - mcp.server.lowlevel.server - DEBUG - [server.py:675] - Received message: <mcp.shared.session.RequestResponder object at 0x0000026BFAD0A510>
2026-04-11 09:38:22,525 - mcp.server.lowlevel.server - INFO - [server.py:720] - Processing request of type ListResourcesRequest
2026-04-11 09:38:22,526 - mcp.server.lowlevel.server - DEBUG - [server.py:723] - Dispatching request of type ListResourcesRequest
2026-04-11 09:38:22,526 - mcp.server.fastmcp.resources.resource_manager - DEBUG - [resource_manager.py:109] - Listing resources
2026-04-11 09:38:22,526 - mcp.server.lowlevel.server - DEBUG - [server.py:790] - Response sent
2026-04-11 09:38:22,526 - mcp.server.lowlevel.server - DEBUG - [server.py:675] - Received message: <mcp.shared.session.RequestResponder object at 0x0000026BFACCC8D0>
2026-04-11 09:38:22,526 - mcp.server.lowlevel.server - INFO - [server.py:720] - Processing request of type ListResourceTemplatesRequest
2026-04-11 09:38:22,526 - mcp.server.lowlevel.server - DEBUG - [server.py:723] - Dispatching request of type ListResourceTemplatesRequest
2026-04-11 09:38:22,526 - mcp.server.fastmcp.resources.resource_manager - DEBUG - [resource_manager.py:114] - Listing templates
2026-04-11 09:38:22,527 - mcp.server.lowlevel.server - DEBUG - [server.py:790] - Response sent
2026-04-11 09:38:22,527 - mcp.server.lowlevel.server - DEBUG - [server.py:790] - Response sent
2026-04-11 09:41:55,257 - UnrealMCP_Advanced - INFO - [unreal_mcp_server_advanced.py:371] - Unreal connection reset
2026-04-11 09:41:55,257 - UnrealMCP_Advanced - INFO - [unreal_mcp_server_advanced.py:383] - Unreal MCP Advanced server shut down
2026-04-11 09:42:43,335 - mcp.server.lowlevel.server - DEBUG - [server.py:162] - Initializing server 'UnrealMCP_Advanced'
2026-04-11 09:42:43,336 - mcp.server.lowlevel.server - DEBUG - [server.py:439] - Registering handler for ListToolsRequest
2026-04-11 09:42:43,336 - mcp.server.lowlevel.server - DEBUG - [server.py:519] - Registering handler for CallToolRequest
2026-04-11 09:42:43,336 - mcp.server.lowlevel.server - DEBUG - [server.py:301] - Registering handler for ListResourcesRequest
2026-04-11 09:42:43,336 - mcp.server.lowlevel.server - DEBUG - [server.py:336] - Registering handler for ReadResourceRequest
2026-04-11 09:42:43,336 - mcp.server.lowlevel.server - DEBUG - [server.py:263] - Registering handler for PromptListRequest
2026-04-11 09:42:43,336 - mcp.server.lowlevel.server - DEBUG - [server.py:285] - Registering handler for GetPromptRequest
2026-04-11 09:42:43,336 - mcp.server.lowlevel.server - DEBUG - [server.py:321] - Registering handler for ListResourceTemplatesRequest
2026-04-11 09:42:43,584 - UnrealMCP_Advanced - INFO - [unreal_mcp_server_advanced.py:2744] - Starting Advanced MCP server with stdio transport
2026-04-11 09:42:43,590 - asyncio - DEBUG - [proactor_events.py:633] - Using proactor: IocpProactor
2026-04-11 09:42:43,595 - UnrealMCP_Advanced - INFO - [unreal_mcp_server_advanced.py:376] - UnrealMCP Advanced server starting up
2026-04-11 09:42:43,595 - UnrealMCP_Advanced - INFO - [unreal_mcp_server_advanced.py:377] - Connection will be established lazily on first tool call
2026-04-11 09:42:43,607 - mcp.server.lowlevel.server - DEBUG - [server.py:675] - Received message: root=InitializedNotification(method='notifications/initialized', params=None, jsonrpc='2.0')
2026-04-11 09:42:43,609 - mcp.server.lowlevel.server - DEBUG - [server.py:675] - Received message: <mcp.shared.session.RequestResponder object at 0x000001EACAD16D90>
2026-04-11 09:42:43,609 - mcp.server.lowlevel.server - INFO - [server.py:720] - Processing request of type ListToolsRequest
2026-04-11 09:42:43,610 - mcp.server.lowlevel.server - DEBUG - [server.py:723] - Dispatching request of type ListToolsRequest
2026-04-11 09:42:43,611 - mcp.server.lowlevel.server - DEBUG - [server.py:790] - Response sent
2026-04-11 09:42:43,613 - mcp.server.lowlevel.server - DEBUG - [server.py:675] - Received message: <mcp.shared.session.RequestResponder object at 0x000001EACA95B450>
2026-04-11 09:42:43,613 - mcp.server.lowlevel.server - INFO - [server.py:720] - Processing request of type ListPromptsRequest
2026-04-11 09:42:43,613 - mcp.server.lowlevel.server - DEBUG - [server.py:723] - Dispatching request of type ListPromptsRequest
2026-04-11 09:42:43,613 - mcp.server.lowlevel.server - DEBUG - [server.py:675] - Received message: <mcp.shared.session.RequestResponder object at 0x000001EACAD25750>
2026-04-11 09:42:43,613 - mcp.server.lowlevel.server - INFO - [server.py:720] - Processing request of type ListResourcesRequest
2026-04-11 09:42:43,615 - mcp.server.lowlevel.server - DEBUG - [server.py:723] - Dispatching request of type ListResourcesRequest
2026-04-11 09:42:43,615 - mcp.server.fastmcp.resources.resource_manager - DEBUG - [resource_manager.py:109] - Listing resources
2026-04-11 09:42:43,615 - mcp.server.lowlevel.server - DEBUG - [server.py:790] - Response sent
2026-04-11 09:42:43,615 - mcp.server.lowlevel.server - DEBUG - [server.py:675] - Received message: <mcp.shared.session.RequestResponder object at 0x000001EACACE48D0>
2026-04-11 09:42:43,617 - mcp.server.lowlevel.server - INFO - [server.py:720] - Processing request of type ListResourceTemplatesRequest
2026-04-11 09:42:43,617 - mcp.server.lowlevel.server - DEBUG - [server.py:723] - Dispatching request of type ListResourceTemplatesRequest
2026-04-11 09:42:43,617 - mcp.server.fastmcp.resources.resource_manager - DEBUG - [resource_manager.py:114] - Listing templates
2026-04-11 09:42:43,618 - mcp.server.lowlevel.server - DEBUG - [server.py:790] - Response sent
2026-04-11 09:42:43,618 - mcp.server.lowlevel.server - DEBUG - [server.py:790] - Response sent
2026-04-12 00:04:59,653 - mcp.server.lowlevel.server - DEBUG - [server.py:675] - Received message: <mcp.shared.session.RequestResponder object at 0x000001EACAD1A3D0>
2026-04-12 00:04:59,658 - mcp.server.lowlevel.server - INFO - [server.py:720] - Processing request of type CallToolRequest
2026-04-12 00:04:59,658 - mcp.server.lowlevel.server - DEBUG - [server.py:723] - Dispatching request of type CallToolRequest
2026-04-12 00:04:59,661 - UnrealMCP_Advanced - INFO - [unreal_mcp_server_advanced.py:358] - Creating new UnrealConnection instance
2026-04-12 00:04:59,661 - UnrealMCP_Advanced - INFO - [unreal_mcp_server_advanced.py:621] - Reading Blueprint content for: /Game/_UGC/UI/WBP_UGCBlueprintEditor
2026-04-12 00:04:59,662 - UnrealMCP_Advanced - INFO - [unreal_mcp_server_advanced.py:147] - Connecting to Unreal at 127.0.0.1:55558 (attempt 1/4)...
2026-04-12 00:04:59,662 - UnrealMCP_Advanced - INFO - [unreal_mcp_server_advanced.py:154] - Successfully connected to Unreal Engine
2026-04-12 00:04:59,664 - UnrealMCP_Advanced - INFO - [unreal_mcp_server_advanced.py:302] - Sending command (attempt 1): describe_blueprint_full
2026-04-12 00:04:59,665 - UnrealMCP_Advanced - DEBUG - [unreal_mcp_server_advanced.py:303] - Command payload: {"type": "describe_blueprint_full", "params": {"include_event_graph": true, "include_functions": true, "include_variables": true, "include_components": true, "include_interfaces": true, "blueprint_name": "WBP_UGCBlueprintEditor"}}...
2026-04-12 00:04:59,794 - UnrealMCP_Advanced - INFO - [unreal_mcp_server_advanced.py:233] - Received response (2637 bytes) for describe_blueprint_full
2026-04-12 00:04:59,794 - UnrealMCP_Advanced - INFO - [unreal_mcp_server_advanced.py:322] - Command describe_blueprint_full completed successfully
2026-04-12 00:04:59,794 - UnrealMCP_Advanced - INFO - [unreal_mcp_server_advanced.py:627] - Successfully read Blueprint content. Found:
2026-04-12 00:04:59,806 - mcp.server.lowlevel.server - DEBUG - [server.py:790] - Response sent
2026-04-12 00:05:00,512 - mcp.server.lowlevel.server - DEBUG - [server.py:675] - Received message: <mcp.shared.session.RequestResponder object at 0x000001EACACE4510>
2026-04-12 00:05:00,512 - mcp.server.lowlevel.server - INFO - [server.py:720] - Processing request of type CallToolRequest
2026-04-12 00:05:00,512 - mcp.server.lowlevel.server - DEBUG - [server.py:723] - Dispatching request of type CallToolRequest
2026-04-12 00:05:00,512 - UnrealMCP_Advanced - INFO - [unreal_mcp_server_advanced.py:621] - Reading Blueprint content for: /Game/_UGC/UI/WBP_UGCNode
2026-04-12 00:05:00,512 - UnrealMCP_Advanced - INFO - [unreal_mcp_server_advanced.py:147] - Connecting to Unreal at 127.0.0.1:55558 (attempt 1/4)...
2026-04-12 00:05:00,513 - UnrealMCP_Advanced - INFO - [unreal_mcp_server_advanced.py:154] - Successfully connected to Unreal Engine
2026-04-12 00:05:00,513 - UnrealMCP_Advanced - INFO - [unreal_mcp_server_advanced.py:302] - Sending command (attempt 1): describe_blueprint_full
2026-04-12 00:05:00,513 - UnrealMCP_Advanced - DEBUG - [unreal_mcp_server_advanced.py:303] - Command payload: {"type": "describe_blueprint_full", "params": {"include_event_graph": true, "include_functions": true, "include_variables": true, "include_components": true, "include_interfaces": true, "blueprint_name": "WBP_UGCNode"}}...
2026-04-12 00:05:00,792 - UnrealMCP_Advanced - INFO - [unreal_mcp_server_advanced.py:233] - Received response (2604 bytes) for describe_blueprint_full
2026-04-12 00:05:00,793 - UnrealMCP_Advanced - INFO - [unreal_mcp_server_advanced.py:322] - Command describe_blueprint_full completed successfully
2026-04-12 00:05:00,793 - UnrealMCP_Advanced - INFO - [unreal_mcp_server_advanced.py:627] - Successfully read Blueprint content. Found:
2026-04-12 00:05:00,796 - mcp.server.lowlevel.server - DEBUG - [server.py:790] - Response sent
2026-04-12 00:05:00,940 - mcp.server.lowlevel.server - DEBUG - [server.py:675] - Received message: <mcp.shared.session.RequestResponder object at 0x000001EACAD1A910>
2026-04-12 00:05:00,940 - mcp.server.lowlevel.server - INFO - [server.py:720] - Processing request of type CallToolRequest
2026-04-12 00:05:00,941 - mcp.server.lowlevel.server - DEBUG - [server.py:723] - Dispatching request of type CallToolRequest
2026-04-12 00:05:00,941 - UnrealMCP_Advanced - INFO - [unreal_mcp_server_advanced.py:621] - Reading Blueprint content for: /Game/_UGC/UI/WBP_UGCNodePinRow
2026-04-12 00:05:00,941 - UnrealMCP_Advanced - INFO - [unreal_mcp_server_advanced.py:147] - Connecting to Unreal at 127.0.0.1:55558 (attempt 1/4)...
2026-04-12 00:05:00,951 - UnrealMCP_Advanced - INFO - [unreal_mcp_server_advanced.py:154] - Successfully connected to Unreal Engine
2026-04-12 00:05:00,951 - UnrealMCP_Advanced - INFO - [unreal_mcp_server_advanced.py:302] - Sending command (attempt 1): describe_blueprint_full
2026-04-12 00:05:00,951 - UnrealMCP_Advanced - DEBUG - [unreal_mcp_server_advanced.py:303] - Command payload: {"type": "describe_blueprint_full", "params": {"include_event_graph": true, "include_functions": true, "include_variables": true, "include_components": true, "include_interfaces": true, "blueprint_name": "WBP_UGCNodePinRow"}}...
2026-04-12 00:05:01,123 - UnrealMCP_Advanced - INFO - [unreal_mcp_server_advanced.py:233] - Received response (2622 bytes) for describe_blueprint_full
2026-04-12 00:05:01,124 - UnrealMCP_Advanced - INFO - [unreal_mcp_server_advanced.py:322] - Command describe_blueprint_full completed successfully
2026-04-12 00:05:01,124 - UnrealMCP_Advanced - INFO - [unreal_mcp_server_advanced.py:627] - Successfully read Blueprint content. Found:
2026-04-12 00:05:01,125 - mcp.server.lowlevel.server - DEBUG - [server.py:790] - Response sent
2026-04-12 00:05:01,129 - mcp.server.lowlevel.server - DEBUG - [server.py:675] - Received message: <mcp.shared.session.RequestResponder object at 0x000001EACAC47590>
2026-04-12 00:05:01,129 - mcp.server.lowlevel.server - INFO - [server.py:720] - Processing request of type CallToolRequest
2026-04-12 00:05:01,129 - mcp.server.lowlevel.server - DEBUG - [server.py:723] - Dispatching request of type CallToolRequest
2026-04-12 00:05:01,130 - UnrealMCP_Advanced - INFO - [unreal_mcp_server_advanced.py:621] - Reading Blueprint content for: /Game/_UGC/UI/WBP_UGCNodeLibBtn
2026-04-12 00:05:01,130 - UnrealMCP_Advanced - INFO - [unreal_mcp_server_advanced.py:147] - Connecting to Unreal at 127.0.0.1:55558 (attempt 1/4)...
2026-04-12 00:05:01,130 - UnrealMCP_Advanced - INFO - [unreal_mcp_server_advanced.py:154] - Successfully connected to Unreal Engine
2026-04-12 00:05:01,130 - UnrealMCP_Advanced - INFO - [unreal_mcp_server_advanced.py:302] - Sending command (attempt 1): describe_blueprint_full
2026-04-12 00:05:01,130 - UnrealMCP_Advanced - DEBUG - [unreal_mcp_server_advanced.py:303] - Command payload: {"type": "describe_blueprint_full", "params": {"include_event_graph": true, "include_functions": true, "include_variables": true, "include_components": true, "include_interfaces": true, "blueprint_name": "WBP_UGCNodeLibBtn"}}...
2026-04-12 00:05:01,456 - UnrealMCP_Advanced - INFO - [unreal_mcp_server_advanced.py:233] - Received response (2622 bytes) for describe_blueprint_full
2026-04-12 00:05:01,456 - UnrealMCP_Advanced - INFO - [unreal_mcp_server_advanced.py:322] - Command describe_blueprint_full completed successfully
2026-04-12 00:05:01,456 - UnrealMCP_Advanced - INFO - [unreal_mcp_server_advanced.py:627] - Successfully read Blueprint content. Found:
2026-04-12 00:05:01,459 - mcp.server.lowlevel.server - DEBUG - [server.py:790] - Response sent
2026-04-12 00:25:06,393 - mcp.server.lowlevel.server - DEBUG - [server.py:675] - Received message: <mcp.shared.session.RequestResponder object at 0x000001EACAD1A910>
2026-04-12 00:25:06,394 - mcp.server.lowlevel.server - INFO - [server.py:720] - Processing request of type CallToolRequest
2026-04-12 00:25:06,394 - mcp.server.lowlevel.server - DEBUG - [server.py:723] - Dispatching request of type CallToolRequest
2026-04-12 00:25:06,394 - UnrealMCP_Advanced - INFO - [unreal_mcp_server_advanced.py:621] - Reading Blueprint content for: /Game/_UGC/UI/WBP_UGCBlueprintEditor
2026-04-12 00:25:06,394 - UnrealMCP_Advanced - INFO - [unreal_mcp_server_advanced.py:147] - Connecting to Unreal at 127.0.0.1:55558 (attempt 1/4)...
2026-04-12 00:25:06,395 - UnrealMCP_Advanced - INFO - [unreal_mcp_server_advanced.py:154] - Successfully connected to Unreal Engine
2026-04-12 00:25:06,395 - UnrealMCP_Advanced - INFO - [unreal_mcp_server_advanced.py:302] - Sending command (attempt 1): describe_blueprint_full
2026-04-12 00:25:06,395 - UnrealMCP_Advanced - DEBUG - [unreal_mcp_server_advanced.py:303] - Command payload: {"type": "describe_blueprint_full", "params": {"include_event_graph": false, "include_functions": false, "include_variables": false, "include_components": true, "include_interfaces": false, "blueprint_name": "WBP_UGCBlueprintEditor"}}...
2026-04-12 00:25:06,636 - UnrealMCP_Advanced - INFO - [unreal_mcp_server_advanced.py:233] - Received response (2637 bytes) for describe_blueprint_full
2026-04-12 00:25:06,636 - UnrealMCP_Advanced - INFO - [unreal_mcp_server_advanced.py:322] - Command describe_blueprint_full completed successfully
2026-04-12 00:25:06,636 - UnrealMCP_Advanced - INFO - [unreal_mcp_server_advanced.py:627] - Successfully read Blueprint content. Found:
2026-04-12 00:25:06,638 - mcp.server.lowlevel.server - DEBUG - [server.py:790] - Response sent
2026-04-12 00:25:07,474 - mcp.server.lowlevel.server - DEBUG - [server.py:675] - Received message: <mcp.shared.session.RequestResponder object at 0x000001EACAD19350>
2026-04-12 00:25:07,475 - mcp.server.lowlevel.server - INFO - [server.py:720] - Processing request of type CallToolRequest
2026-04-12 00:25:07,475 - mcp.server.lowlevel.server - DEBUG - [server.py:723] - Dispatching request of type CallToolRequest
2026-04-12 00:25:07,475 - UnrealMCP_Advanced - INFO - [unreal_mcp_server_advanced.py:621] - Reading Blueprint content for: /Game/_UGC/UI/WBP_UGCNodePinRow
2026-04-12 00:25:07,476 - UnrealMCP_Advanced - INFO - [unreal_mcp_server_advanced.py:147] - Connecting to Unreal at 127.0.0.1:55558 (attempt 1/4)...
2026-04-12 00:25:07,477 - UnrealMCP_Advanced - INFO - [unreal_mcp_server_advanced.py:154] - Successfully connected to Unreal Engine
2026-04-12 00:25:07,477 - UnrealMCP_Advanced - INFO - [unreal_mcp_server_advanced.py:302] - Sending command (attempt 1): describe_blueprint_full
2026-04-12 00:25:07,477 - UnrealMCP_Advanced - DEBUG - [unreal_mcp_server_advanced.py:303] - Command payload: {"type": "describe_blueprint_full", "params": {"include_event_graph": false, "include_functions": false, "include_variables": false, "include_components": true, "include_interfaces": false, "blueprint_name": "WBP_UGCNodePinRow"}}...
2026-04-12 00:25:07,640 - UnrealMCP_Advanced - INFO - [unreal_mcp_server_advanced.py:233] - Received response (2622 bytes) for describe_blueprint_full
2026-04-12 00:25:07,640 - UnrealMCP_Advanced - INFO - [unreal_mcp_server_advanced.py:322] - Command describe_blueprint_full completed successfully
2026-04-12 00:25:07,641 - UnrealMCP_Advanced - INFO - [unreal_mcp_server_advanced.py:627] - Successfully read Blueprint content. Found:
2026-04-12 00:25:07,644 - mcp.server.lowlevel.server - DEBUG - [server.py:790] - Response sent
2026-04-12 01:10:28,340 - mcp.server.lowlevel.server - DEBUG - [server.py:675] - Received message: <mcp.shared.session.RequestResponder object at 0x000001EACAD1A3D0>
2026-04-12 01:10:28,342 - mcp.server.lowlevel.server - INFO - [server.py:720] - Processing request of type CallToolRequest
2026-04-12 01:10:28,342 - mcp.server.lowlevel.server - DEBUG - [server.py:723] - Dispatching request of type CallToolRequest
2026-04-12 01:10:28,344 - UnrealMCP_Advanced - INFO - [unreal_mcp_server_advanced.py:621] - Reading Blueprint content for: /Game/_UGC/UI/WBP_UGCNodeLibBtn
2026-04-12 01:10:28,344 - UnrealMCP_Advanced - INFO - [unreal_mcp_server_advanced.py:147] - Connecting to Unreal at 127.0.0.1:55558 (attempt 1/4)...
2026-04-12 01:10:28,344 - UnrealMCP_Advanced - INFO - [unreal_mcp_server_advanced.py:154] - Successfully connected to Unreal Engine
2026-04-12 01:10:28,344 - UnrealMCP_Advanced - INFO - [unreal_mcp_server_advanced.py:302] - Sending command (attempt 1): describe_blueprint_full
2026-04-12 01:10:28,344 - UnrealMCP_Advanced - DEBUG - [unreal_mcp_server_advanced.py:303] - Command payload: {"type": "describe_blueprint_full", "params": {"include_event_graph": false, "include_functions": false, "include_variables": true, "include_components": true, "include_interfaces": false, "blueprint_name": "WBP_UGCNodeLibBtn"}}...
2026-04-12 01:10:28,615 - UnrealMCP_Advanced - INFO - [unreal_mcp_server_advanced.py:233] - Received response (2622 bytes) for describe_blueprint_full
2026-04-12 01:10:28,616 - UnrealMCP_Advanced - INFO - [unreal_mcp_server_advanced.py:322] - Command describe_blueprint_full completed successfully
2026-04-12 01:10:28,616 - UnrealMCP_Advanced - INFO - [unreal_mcp_server_advanced.py:627] - Successfully read Blueprint content. Found:
2026-04-12 01:10:28,621 - mcp.server.lowlevel.server - DEBUG - [server.py:790] - Response sent
2026-04-12 01:32:44,439 - mcp.server.lowlevel.server - DEBUG - [server.py:675] - Received message: <mcp.shared.session.RequestResponder object at 0x000001EACAC92650>
2026-04-12 01:32:44,440 - mcp.server.lowlevel.server - INFO - [server.py:720] - Processing request of type CallToolRequest
2026-04-12 01:32:44,440 - mcp.server.lowlevel.server - DEBUG - [server.py:723] - Dispatching request of type CallToolRequest
2026-04-12 01:32:44,440 - UnrealMCP_Advanced - INFO - [unreal_mcp_server_advanced.py:621] - Reading Blueprint content for: /Game/_UGC/UI/WBP_UGCNodeLibBtn
2026-04-12 01:32:44,440 - UnrealMCP_Advanced - INFO - [unreal_mcp_server_advanced.py:147] - Connecting to Unreal at 127.0.0.1:55558 (attempt 1/4)...
2026-04-12 01:32:44,440 - UnrealMCP_Advanced - INFO - [unreal_mcp_server_advanced.py:154] - Successfully connected to Unreal Engine
2026-04-12 01:32:44,441 - UnrealMCP_Advanced - INFO - [unreal_mcp_server_advanced.py:302] - Sending command (attempt 1): describe_blueprint_full
2026-04-12 01:32:44,441 - UnrealMCP_Advanced - DEBUG - [unreal_mcp_server_advanced.py:303] - Command payload: {"type": "describe_blueprint_full", "params": {"include_event_graph": false, "include_functions": false, "include_variables": true, "include_components": true, "include_interfaces": false, "blueprint_name": "WBP_UGCNodeLibBtn"}}...
2026-04-12 01:32:44,445 - UnrealMCP_Advanced - INFO - [unreal_mcp_server_advanced.py:233] - Received response (2622 bytes) for describe_blueprint_full
2026-04-12 01:32:44,445 - UnrealMCP_Advanced - INFO - [unreal_mcp_server_advanced.py:322] - Command describe_blueprint_full completed successfully
2026-04-12 01:32:44,446 - UnrealMCP_Advanced - INFO - [unreal_mcp_server_advanced.py:627] - Successfully read Blueprint content. Found:
2026-04-12 01:32:44,448 - mcp.server.lowlevel.server - DEBUG - [server.py:790] - Response sent
2026-04-12 05:37:24,204 - UnrealMCP_Advanced - DEBUG - [unreal_mcp_server_advanced.py:200] - Disconnected from Unreal Engine
2026-04-12 05:37:24,205 - UnrealMCP_Advanced - INFO - [unreal_mcp_server_advanced.py:371] - Unreal connection reset
2026-04-12 05:37:24,205 - UnrealMCP_Advanced - INFO - [unreal_mcp_server_advanced.py:383] - Unreal MCP Advanced server shut down
2026-04-12 05:37:29,459 - mcp.server.lowlevel.server - DEBUG - [server.py:162] - Initializing server 'UnrealMCP_Advanced'
2026-04-12 05:37:29,460 - mcp.server.lowlevel.server - DEBUG - [server.py:439] - Registering handler for ListToolsRequest
2026-04-12 05:37:29,460 - mcp.server.lowlevel.server - DEBUG - [server.py:519] - Registering handler for CallToolRequest
2026-04-12 05:37:29,460 - mcp.server.lowlevel.server - DEBUG - [server.py:301] - Registering handler for ListResourcesRequest
2026-04-12 05:37:29,460 - mcp.server.lowlevel.server - DEBUG - [server.py:336] - Registering handler for ReadResourceRequest
2026-04-12 05:37:29,460 - mcp.server.lowlevel.server - DEBUG - [server.py:263] - Registering handler for PromptListRequest
2026-04-12 05:37:29,460 - mcp.server.lowlevel.server - DEBUG - [server.py:285] - Registering handler for GetPromptRequest
2026-04-12 05:37:29,460 - mcp.server.lowlevel.server - DEBUG - [server.py:321] - Registering handler for ListResourceTemplatesRequest
2026-04-12 05:37:29,542 - UnrealMCP_Advanced - INFO - [unreal_mcp_server_advanced.py:2744] - Starting Advanced MCP server with stdio transport
2026-04-12 05:37:29,547 - asyncio - DEBUG - [proactor_events.py:633] - Using proactor: IocpProactor
2026-04-12 05:37:29,551 - UnrealMCP_Advanced - INFO - [unreal_mcp_server_advanced.py:376] - UnrealMCP Advanced server starting up
2026-04-12 05:37:29,551 - UnrealMCP_Advanced - INFO - [unreal_mcp_server_advanced.py:377] - Connection will be established lazily on first tool call
2026-04-12 05:37:29,555 - mcp.server.lowlevel.server - DEBUG - [server.py:675] - Received message: root=InitializedNotification(method='notifications/initialized', params=None, jsonrpc='2.0')
2026-04-12 05:37:29,556 - mcp.server.lowlevel.server - DEBUG - [server.py:675] - Received message: <mcp.shared.session.RequestResponder object at 0x000001327F145850>
2026-04-12 05:37:29,557 - mcp.server.lowlevel.server - INFO - [server.py:720] - Processing request of type ListToolsRequest
2026-04-12 05:37:29,557 - mcp.server.lowlevel.server - DEBUG - [server.py:723] - Dispatching request of type ListToolsRequest
2026-04-12 05:37:29,558 - mcp.server.lowlevel.server - DEBUG - [server.py:790] - Response sent
2026-04-12 05:37:29,558 - mcp.server.lowlevel.server - DEBUG - [server.py:675] - Received message: <mcp.shared.session.RequestResponder object at 0x000001327F087C10>
2026-04-12 05:37:29,559 - mcp.server.lowlevel.server - INFO - [server.py:720] - Processing request of type ListPromptsRequest
2026-04-12 05:37:29,559 - mcp.server.lowlevel.server - DEBUG - [server.py:723] - Dispatching request of type ListPromptsRequest
2026-04-12 05:37:29,560 - mcp.server.lowlevel.server - DEBUG - [server.py:675] - Received message: <mcp.shared.session.RequestResponder object at 0x000001327F138650>
2026-04-12 05:37:29,560 - mcp.server.lowlevel.server - INFO - [server.py:720] - Processing request of type ListResourcesRequest
2026-04-12 05:37:29,560 - mcp.server.lowlevel.server - DEBUG - [server.py:723] - Dispatching request of type ListResourcesRequest
2026-04-12 05:37:29,560 - mcp.server.fastmcp.resources.resource_manager - DEBUG - [resource_manager.py:109] - Listing resources
2026-04-12 05:37:29,561 - mcp.server.lowlevel.server - DEBUG - [server.py:790] - Response sent
2026-04-12 05:37:29,561 - mcp.server.lowlevel.server - DEBUG - [server.py:675] - Received message: <mcp.shared.session.RequestResponder object at 0x000001327F0E4BD0>
2026-04-12 05:37:29,561 - mcp.server.lowlevel.server - INFO - [server.py:720] - Processing request of type ListResourceTemplatesRequest
2026-04-12 05:37:29,561 - mcp.server.lowlevel.server - DEBUG - [server.py:723] - Dispatching request of type ListResourceTemplatesRequest
2026-04-12 05:37:29,561 - mcp.server.fastmcp.resources.resource_manager - DEBUG - [resource_manager.py:114] - Listing templates
2026-04-12 05:37:29,562 - mcp.server.lowlevel.server - DEBUG - [server.py:790] - Response sent
2026-04-12 05:37:29,562 - mcp.server.lowlevel.server - DEBUG - [server.py:790] - Response sent
2026-04-12 05:40:37,954 - UnrealMCP_Advanced - INFO - [unreal_mcp_server_advanced.py:371] - Unreal connection reset
2026-04-12 05:40:37,954 - UnrealMCP_Advanced - INFO - [unreal_mcp_server_advanced.py:383] - Unreal MCP Advanced server shut down
2026-04-12 05:40:49,016 - mcp.server.lowlevel.server - DEBUG - [server.py:162] - Initializing server 'UnrealMCP_Advanced'
2026-04-12 05:40:49,016 - mcp.server.lowlevel.server - DEBUG - [server.py:439] - Registering handler for ListToolsRequest
2026-04-12 05:40:49,017 - mcp.server.lowlevel.server - DEBUG - [server.py:519] - Registering handler for CallToolRequest
2026-04-12 05:40:49,017 - mcp.server.lowlevel.server - DEBUG - [server.py:301] - Registering handler for ListResourcesRequest
2026-04-12 05:40:49,017 - mcp.server.lowlevel.server - DEBUG - [server.py:336] - Registering handler for ReadResourceRequest
2026-04-12 05:40:49,017 - mcp.server.lowlevel.server - DEBUG - [server.py:263] - Registering handler for PromptListRequest
2026-04-12 05:40:49,017 - mcp.server.lowlevel.server - DEBUG - [server.py:285] - Registering handler for GetPromptRequest
2026-04-12 05:40:49,017 - mcp.server.lowlevel.server - DEBUG - [server.py:321] - Registering handler for ListResourceTemplatesRequest
2026-04-12 05:40:49,103 - UnrealMCP_Advanced - INFO - [unreal_mcp_server_advanced.py:2744] - Starting Advanced MCP server with stdio transport
2026-04-12 05:40:49,107 - asyncio - DEBUG - [proactor_events.py:633] - Using proactor: IocpProactor
2026-04-12 05:40:49,110 - UnrealMCP_Advanced - INFO - [unreal_mcp_server_advanced.py:376] - UnrealMCP Advanced server starting up
2026-04-12 05:40:49,110 - UnrealMCP_Advanced - INFO - [unreal_mcp_server_advanced.py:377] - Connection will be established lazily on first tool call
2026-04-12 05:40:49,117 - mcp.server.lowlevel.server - DEBUG - [server.py:675] - Received message: root=InitializedNotification(method='notifications/initialized', params=None, jsonrpc='2.0')
2026-04-12 05:40:49,118 - mcp.server.lowlevel.server - DEBUG - [server.py:675] - Received message: <mcp.shared.session.RequestResponder object at 0x000001CB99E8A190>
2026-04-12 05:40:49,118 - mcp.server.lowlevel.server - INFO - [server.py:720] - Processing request of type ListToolsRequest
2026-04-12 05:40:49,119 - mcp.server.lowlevel.server - DEBUG - [server.py:723] - Dispatching request of type ListToolsRequest
2026-04-12 05:40:49,119 - mcp.server.lowlevel.server - DEBUG - [server.py:790] - Response sent
2026-04-12 05:40:49,120 - mcp.server.lowlevel.server - DEBUG - [server.py:675] - Received message: <mcp.shared.session.RequestResponder object at 0x000001CB99B4B450>
2026-04-12 05:40:49,121 - mcp.server.lowlevel.server - INFO - [server.py:720] - Processing request of type ListPromptsRequest
2026-04-12 05:40:49,121 - mcp.server.lowlevel.server - DEBUG - [server.py:723] - Dispatching request of type ListPromptsRequest
2026-04-12 05:40:49,122 - mcp.server.lowlevel.server - DEBUG - [server.py:675] - Received message: <mcp.shared.session.RequestResponder object at 0x000001CB99EA7AD0>
2026-04-12 05:40:49,122 - mcp.server.lowlevel.server - INFO - [server.py:720] - Processing request of type ListResourcesRequest
2026-04-12 05:40:49,122 - mcp.server.lowlevel.server - DEBUG - [server.py:723] - Dispatching request of type ListResourcesRequest
2026-04-12 05:40:49,122 - mcp.server.fastmcp.resources.resource_manager - DEBUG - [resource_manager.py:109] - Listing resources
2026-04-12 05:40:49,122 - mcp.server.lowlevel.server - DEBUG - [server.py:790] - Response sent
2026-04-12 05:40:49,123 - mcp.server.lowlevel.server - DEBUG - [server.py:675] - Received message: <mcp.shared.session.RequestResponder object at 0x000001CB99E67DD0>
2026-04-12 05:40:49,123 - mcp.server.lowlevel.server - INFO - [server.py:720] - Processing request of type ListResourceTemplatesRequest
2026-04-12 05:40:49,123 - mcp.server.lowlevel.server - DEBUG - [server.py:723] - Dispatching request of type ListResourceTemplatesRequest
2026-04-12 05:40:49,123 - mcp.server.fastmcp.resources.resource_manager - DEBUG - [resource_manager.py:114] - Listing templates
2026-04-12 05:40:49,123 - mcp.server.lowlevel.server - DEBUG - [server.py:790] - Response sent
2026-04-12 05:40:49,124 - mcp.server.lowlevel.server - DEBUG - [server.py:790] - Response sent
2026-04-12 22:07:15,404 - mcp.server.lowlevel.server - DEBUG - [server.py:162] - Initializing server 'UnrealMCP_Advanced'
2026-04-12 22:07:15,404 - mcp.server.lowlevel.server - DEBUG - [server.py:439] - Registering handler for ListToolsRequest
2026-04-12 22:07:15,405 - mcp.server.lowlevel.server - DEBUG - [server.py:519] - Registering handler for CallToolRequest
2026-04-12 22:07:15,405 - mcp.server.lowlevel.server - DEBUG - [server.py:301] - Registering handler for ListResourcesRequest
2026-04-12 22:07:15,405 - mcp.server.lowlevel.server - DEBUG - [server.py:336] - Registering handler for ReadResourceRequest
2026-04-12 22:07:15,406 - mcp.server.lowlevel.server - DEBUG - [server.py:263] - Registering handler for PromptListRequest
2026-04-12 22:07:15,406 - mcp.server.lowlevel.server - DEBUG - [server.py:285] - Registering handler for GetPromptRequest
2026-04-12 22:07:15,406 - mcp.server.lowlevel.server - DEBUG - [server.py:321] - Registering handler for ListResourceTemplatesRequest
2026-04-12 22:07:15,743 - UnrealMCP_Advanced - INFO - [unreal_mcp_server_advanced.py:2744] - Starting Advanced MCP server with stdio transport
2026-04-12 22:07:15,751 - asyncio - DEBUG - [proactor_events.py:633] - Using proactor: IocpProactor
2026-04-12 22:07:15,762 - UnrealMCP_Advanced - INFO - [unreal_mcp_server_advanced.py:376] - UnrealMCP Advanced server starting up
2026-04-12 22:07:15,762 - UnrealMCP_Advanced - INFO - [unreal_mcp_server_advanced.py:377] - Connection will be established lazily on first tool call
2026-04-12 22:07:15,773 - mcp.server.lowlevel.server - DEBUG - [server.py:675] - Received message: root=InitializedNotification(method='notifications/initialized', params=None, jsonrpc='2.0')
2026-04-12 22:07:15,775 - mcp.server.lowlevel.server - DEBUG - [server.py:675] - Received message: <mcp.shared.session.RequestResponder object at 0x000001A8F95ABAD0>
2026-04-12 22:07:15,775 - mcp.server.lowlevel.server - INFO - [server.py:720] - Processing request of type ListToolsRequest
2026-04-12 22:07:15,775 - mcp.server.lowlevel.server - DEBUG - [server.py:723] - Dispatching request of type ListToolsRequest
2026-04-12 22:07:15,778 - mcp.server.lowlevel.server - DEBUG - [server.py:790] - Response sent
2026-04-12 22:07:15,779 - mcp.server.lowlevel.server - DEBUG - [server.py:675] - Received message: <mcp.shared.session.RequestResponder object at 0x000001A8F95D5750>
2026-04-12 22:07:15,780 - mcp.server.lowlevel.server - INFO - [server.py:720] - Processing request of type ListPromptsRequest
2026-04-12 22:07:15,780 - mcp.server.lowlevel.server - DEBUG - [server.py:723] - Dispatching request of type ListPromptsRequest
2026-04-12 22:07:15,781 - mcp.server.lowlevel.server - DEBUG - [server.py:675] - Received message: <mcp.shared.session.RequestResponder object at 0x000001A8F96B1350>
2026-04-12 22:07:15,781 - mcp.server.lowlevel.server - INFO - [server.py:720] - Processing request of type ListResourcesRequest
2026-04-12 22:07:15,781 - mcp.server.lowlevel.server - DEBUG - [server.py:723] - Dispatching request of type ListResourcesRequest
2026-04-12 22:07:15,781 - mcp.server.fastmcp.resources.resource_manager - DEBUG - [resource_manager.py:109] - Listing resources
2026-04-12 22:07:15,782 - mcp.server.lowlevel.server - DEBUG - [server.py:790] - Response sent
2026-04-12 22:07:15,782 - mcp.server.lowlevel.server - DEBUG - [server.py:675] - Received message: <mcp.shared.session.RequestResponder object at 0x000001A8F969B050>
2026-04-12 22:07:15,783 - mcp.server.lowlevel.server - INFO - [server.py:720] - Processing request of type ListResourceTemplatesRequest
2026-04-12 22:07:15,783 - mcp.server.lowlevel.server - DEBUG - [server.py:723] - Dispatching request of type ListResourceTemplatesRequest
2026-04-12 22:07:15,783 - mcp.server.fastmcp.resources.resource_manager - DEBUG - [resource_manager.py:114] - Listing templates
2026-04-12 22:07:15,783 - mcp.server.lowlevel.server - DEBUG - [server.py:790] - Response sent
2026-04-12 22:07:15,784 - mcp.server.lowlevel.server - DEBUG - [server.py:790] - Response sent
2026-04-12 22:08:21,079 - UnrealMCP_Advanced - INFO - [unreal_mcp_server_advanced.py:371] - Unreal connection reset
2026-04-12 22:08:21,079 - UnrealMCP_Advanced - INFO - [unreal_mcp_server_advanced.py:383] - Unreal MCP Advanced server shut down
2026-04-12 22:18:30,959 - mcp.server.lowlevel.server - DEBUG - [server.py:162] - Initializing server 'UnrealMCP_Advanced'
2026-04-12 22:18:30,959 - mcp.server.lowlevel.server - DEBUG - [server.py:439] - Registering handler for ListToolsRequest
2026-04-12 22:18:30,959 - mcp.server.lowlevel.server - DEBUG - [server.py:519] - Registering handler for CallToolRequest
2026-04-12 22:18:30,959 - mcp.server.lowlevel.server - DEBUG - [server.py:301] - Registering handler for ListResourcesRequest
2026-04-12 22:18:30,959 - mcp.server.lowlevel.server - DEBUG - [server.py:336] - Registering handler for ReadResourceRequest
2026-04-12 22:18:30,959 - mcp.server.lowlevel.server - DEBUG - [server.py:263] - Registering handler for PromptListRequest
2026-04-12 22:18:30,959 - mcp.server.lowlevel.server - DEBUG - [server.py:285] - Registering handler for GetPromptRequest
2026-04-12 22:18:30,959 - mcp.server.lowlevel.server - DEBUG - [server.py:321] - Registering handler for ListResourceTemplatesRequest
2026-04-12 22:18:31,026 - UnrealMCP_Advanced - INFO - [unreal_mcp_server_advanced.py:2744] - Starting Advanced MCP server with stdio transport
2026-04-12 22:18:31,030 - asyncio - DEBUG - [proactor_events.py:633] - Using proactor: IocpProactor
2026-04-12 22:18:31,033 - UnrealMCP_Advanced - INFO - [unreal_mcp_server_advanced.py:376] - UnrealMCP Advanced server starting up
2026-04-12 22:18:31,033 - UnrealMCP_Advanced - INFO - [unreal_mcp_server_advanced.py:377] - Connection will be established lazily on first tool call
2026-04-12 22:18:31,036 - mcp.server.lowlevel.server - DEBUG - [server.py:675] - Received message: root=InitializedNotification(method='notifications/initialized', params=None, jsonrpc='2.0')
2026-04-12 22:18:31,037 - mcp.server.lowlevel.server - DEBUG - [server.py:675] - Received message: <mcp.shared.session.RequestResponder object at 0x000001FB5924AF50>
2026-04-12 22:18:31,037 - mcp.server.lowlevel.server - INFO - [server.py:720] - Processing request of type ListToolsRequest
2026-04-12 22:18:31,037 - mcp.server.lowlevel.server - DEBUG - [server.py:723] - Dispatching request of type ListToolsRequest
2026-04-12 22:18:31,038 - mcp.server.lowlevel.server - DEBUG - [server.py:790] - Response sent
2026-04-12 22:18:31,040 - mcp.server.lowlevel.server - DEBUG - [server.py:675] - Received message: <mcp.shared.session.RequestResponder object at 0x000001FB592486D0>
2026-04-12 22:18:31,040 - mcp.server.lowlevel.server - INFO - [server.py:720] - Processing request of type ListPromptsRequest
2026-04-12 22:18:31,040 - mcp.server.lowlevel.server - DEBUG - [server.py:723] - Dispatching request of type ListPromptsRequest
2026-04-12 22:18:31,041 - mcp.server.lowlevel.server - DEBUG - [server.py:675] - Received message: <mcp.shared.session.RequestResponder object at 0x000001FB59327FD0>
2026-04-12 22:18:31,041 - mcp.server.lowlevel.server - INFO - [server.py:720] - Processing request of type ListResourcesRequest
2026-04-12 22:18:31,041 - mcp.server.lowlevel.server - DEBUG - [server.py:723] - Dispatching request of type ListResourcesRequest
2026-04-12 22:18:31,041 - mcp.server.fastmcp.resources.resource_manager - DEBUG - [resource_manager.py:109] - Listing resources
2026-04-12 22:18:31,042 - mcp.server.lowlevel.server - DEBUG - [server.py:790] - Response sent
2026-04-12 22:18:31,042 - mcp.server.lowlevel.server - DEBUG - [server.py:675] - Received message: <mcp.shared.session.RequestResponder object at 0x000001FB58DB2710>
2026-04-12 22:18:31,042 - mcp.server.lowlevel.server - INFO - [server.py:720] - Processing request of type ListResourceTemplatesRequest
2026-04-12 22:18:31,042 - mcp.server.lowlevel.server - DEBUG - [server.py:723] - Dispatching request of type ListResourceTemplatesRequest
2026-04-12 22:18:31,042 - mcp.server.fastmcp.resources.resource_manager - DEBUG - [resource_manager.py:114] - Listing templates
2026-04-12 22:18:31,042 - mcp.server.lowlevel.server - DEBUG - [server.py:790] - Response sent
2026-04-12 22:18:31,043 - mcp.server.lowlevel.server - DEBUG - [server.py:790] - Response sent
2026-04-12 22:19:53,078 - UnrealMCP_Advanced - INFO - [unreal_mcp_server_advanced.py:371] - Unreal connection reset
2026-04-12 22:19:53,078 - UnrealMCP_Advanced - INFO - [unreal_mcp_server_advanced.py:383] - Unreal MCP Advanced server shut down
2026-04-12 22:20:02,074 - mcp.server.lowlevel.server - DEBUG - [server.py:162] - Initializing server 'UnrealMCP_Advanced'
2026-04-12 22:20:02,074 - mcp.server.lowlevel.server - DEBUG - [server.py:439] - Registering handler for ListToolsRequest
2026-04-12 22:20:02,074 - mcp.server.lowlevel.server - DEBUG - [server.py:519] - Registering handler for CallToolRequest
2026-04-12 22:20:02,074 - mcp.server.lowlevel.server - DEBUG - [server.py:301] - Registering handler for ListResourcesRequest
2026-04-12 22:20:02,074 - mcp.server.lowlevel.server - DEBUG - [server.py:336] - Registering handler for ReadResourceRequest
2026-04-12 22:20:02,074 - mcp.server.lowlevel.server - DEBUG - [server.py:263] - Registering handler for PromptListRequest
2026-04-12 22:20:02,074 - mcp.server.lowlevel.server - DEBUG - [server.py:285] - Registering handler for GetPromptRequest
2026-04-12 22:20:02,074 - mcp.server.lowlevel.server - DEBUG - [server.py:321] - Registering handler for ListResourceTemplatesRequest
2026-04-12 22:20:02,139 - UnrealMCP_Advanced - INFO - [unreal_mcp_server_advanced.py:2744] - Starting Advanced MCP server with stdio transport
2026-04-12 22:20:02,143 - asyncio - DEBUG - [proactor_events.py:633] - Using proactor: IocpProactor
2026-04-12 22:20:02,148 - UnrealMCP_Advanced - INFO - [unreal_mcp_server_advanced.py:376] - UnrealMCP Advanced server starting up
2026-04-12 22:20:02,148 - UnrealMCP_Advanced - INFO - [unreal_mcp_server_advanced.py:377] - Connection will be established lazily on first tool call
2026-04-12 22:20:02,154 - mcp.server.lowlevel.server - DEBUG - [server.py:675] - Received message: root=InitializedNotification(method='notifications/initialized', params=None, jsonrpc='2.0')
2026-04-12 22:20:02,155 - mcp.server.lowlevel.server - DEBUG - [server.py:675] - Received message: <mcp.shared.session.RequestResponder object at 0x000002E841033150>
2026-04-12 22:20:02,155 - mcp.server.lowlevel.server - INFO - [server.py:720] - Processing request of type ListToolsRequest
2026-04-12 22:20:02,156 - mcp.server.lowlevel.server - DEBUG - [server.py:723] - Dispatching request of type ListToolsRequest
2026-04-12 22:20:02,156 - mcp.server.lowlevel.server - DEBUG - [server.py:790] - Response sent
2026-04-12 22:20:02,158 - mcp.server.lowlevel.server - DEBUG - [server.py:675] - Received message: <mcp.shared.session.RequestResponder object at 0x000002E840DE3450>
2026-04-12 22:20:02,158 - mcp.server.lowlevel.server - INFO - [server.py:720] - Processing request of type ListPromptsRequest
2026-04-12 22:20:02,158 - mcp.server.lowlevel.server - DEBUG - [server.py:723] - Dispatching request of type ListPromptsRequest
2026-04-12 22:20:02,160 - mcp.server.lowlevel.server - DEBUG - [server.py:675] - Received message: <mcp.shared.session.RequestResponder object at 0x000002E8411AB5D0>
2026-04-12 22:20:02,160 - mcp.server.lowlevel.server - INFO - [server.py:720] - Processing request of type ListResourcesRequest
2026-04-12 22:20:02,160 - mcp.server.lowlevel.server - DEBUG - [server.py:723] - Dispatching request of type ListResourcesRequest
2026-04-12 22:20:02,160 - mcp.server.fastmcp.resources.resource_manager - DEBUG - [resource_manager.py:109] - Listing resources
2026-04-12 22:20:02,161 - mcp.server.lowlevel.server - DEBUG - [server.py:790] - Response sent
2026-04-12 22:20:02,161 - mcp.server.lowlevel.server - DEBUG - [server.py:675] - Received message: <mcp.shared.session.RequestResponder object at 0x000002E84115D750>
2026-04-12 22:20:02,161 - mcp.server.lowlevel.server - INFO - [server.py:720] - Processing request of type ListResourceTemplatesRequest
2026-04-12 22:20:02,161 - mcp.server.lowlevel.server - DEBUG - [server.py:723] - Dispatching request of type ListResourceTemplatesRequest
2026-04-12 22:20:02,161 - mcp.server.fastmcp.resources.resource_manager - DEBUG - [resource_manager.py:114] - Listing templates
2026-04-12 22:20:02,162 - mcp.server.lowlevel.server - DEBUG - [server.py:790] - Response sent
2026-04-12 22:20:02,162 - mcp.server.lowlevel.server - DEBUG - [server.py:790] - Response sent
2026-04-13 00:00:05,416 - UnrealMCP_Advanced - INFO - [unreal_mcp_server_advanced.py:371] - Unreal connection reset
2026-04-13 00:00:05,418 - UnrealMCP_Advanced - INFO - [unreal_mcp_server_advanced.py:383] - Unreal MCP Advanced server shut down
2026-04-13 22:30:39,968 - mcp.server.lowlevel.server - DEBUG - [server.py:162] - Initializing server 'UnrealMCP_Advanced'
2026-04-13 22:30:39,968 - mcp.server.lowlevel.server - DEBUG - [server.py:439] - Registering handler for ListToolsRequest
2026-04-13 22:30:39,969 - mcp.server.lowlevel.server - DEBUG - [server.py:519] - Registering handler for CallToolRequest
2026-04-13 22:30:39,969 - mcp.server.lowlevel.server - DEBUG - [server.py:301] - Registering handler for ListResourcesRequest
2026-04-13 22:30:39,969 - mcp.server.lowlevel.server - DEBUG - [server.py:336] - Registering handler for ReadResourceRequest
2026-04-13 22:30:39,969 - mcp.server.lowlevel.server - DEBUG - [server.py:263] - Registering handler for PromptListRequest
2026-04-13 22:30:39,969 - mcp.server.lowlevel.server - DEBUG - [server.py:285] - Registering handler for GetPromptRequest
2026-04-13 22:30:39,969 - mcp.server.lowlevel.server - DEBUG - [server.py:321] - Registering handler for ListResourceTemplatesRequest
2026-04-13 22:30:40,047 - UnrealMCP_Advanced - INFO - [unreal_mcp_server_advanced.py:2744] - Starting Advanced MCP server with stdio transport
2026-04-13 22:30:40,054 - asyncio - DEBUG - [proactor_events.py:633] - Using proactor: IocpProactor
2026-04-13 22:30:40,057 - UnrealMCP_Advanced - INFO - [unreal_mcp_server_advanced.py:376] - UnrealMCP Advanced server starting up
2026-04-13 22:30:40,057 - UnrealMCP_Advanced - INFO - [unreal_mcp_server_advanced.py:377] - Connection will be established lazily on first tool call
2026-04-13 22:30:40,065 - mcp.server.lowlevel.server - DEBUG - [server.py:675] - Received message: root=InitializedNotification(method='notifications/initialized', params=None, jsonrpc='2.0')
2026-04-13 22:30:40,067 - mcp.server.lowlevel.server - DEBUG - [server.py:675] - Received message: <mcp.shared.session.RequestResponder object at 0x0000021996405F50>
2026-04-13 22:30:40,067 - mcp.server.lowlevel.server - INFO - [server.py:720] - Processing request of type ListToolsRequest
2026-04-13 22:30:40,067 - mcp.server.lowlevel.server - DEBUG - [server.py:723] - Dispatching request of type ListToolsRequest
2026-04-13 22:30:40,068 - mcp.server.lowlevel.server - DEBUG - [server.py:790] - Response sent
2026-04-13 22:30:40,069 - mcp.server.lowlevel.server - DEBUG - [server.py:675] - Received message: <mcp.shared.session.RequestResponder object at 0x0000021996764210>
2026-04-13 22:30:40,069 - mcp.server.lowlevel.server - INFO - [server.py:720] - Processing request of type ListPromptsRequest
2026-04-13 22:30:40,069 - mcp.server.lowlevel.server - DEBUG - [server.py:723] - Dispatching request of type ListPromptsRequest
2026-04-13 22:30:40,069 - mcp.server.lowlevel.server - DEBUG - [server.py:675] - Received message: <mcp.shared.session.RequestResponder object at 0x000002199670B490>
2026-04-13 22:30:40,070 - mcp.server.lowlevel.server - INFO - [server.py:720] - Processing request of type ListResourcesRequest
2026-04-13 22:30:40,070 - mcp.server.lowlevel.server - DEBUG - [server.py:723] - Dispatching request of type ListResourcesRequest
2026-04-13 22:30:40,070 - mcp.server.fastmcp.resources.resource_manager - DEBUG - [resource_manager.py:109] - Listing resources
2026-04-13 22:30:40,070 - mcp.server.lowlevel.server - DEBUG - [server.py:790] - Response sent
2026-04-13 22:30:40,070 - mcp.server.lowlevel.server - DEBUG - [server.py:675] - Received message: <mcp.shared.session.RequestResponder object at 0x00000219967648D0>
2026-04-13 22:30:40,070 - mcp.server.lowlevel.server - INFO - [server.py:720] - Processing request of type ListResourceTemplatesRequest
2026-04-13 22:30:40,070 - mcp.server.lowlevel.server - DEBUG - [server.py:723] - Dispatching request of type ListResourceTemplatesRequest
2026-04-13 22:30:40,071 - mcp.server.fastmcp.resources.resource_manager - DEBUG - [resource_manager.py:114] - Listing templates
2026-04-13 22:30:40,071 - mcp.server.lowlevel.server - DEBUG - [server.py:790] - Response sent
2026-04-13 22:30:40,071 - mcp.server.lowlevel.server - DEBUG - [server.py:790] - Response sent
2026-04-13 22:34:22,921 - mcp.server.lowlevel.server - DEBUG - [server.py:675] - Received message: <mcp.shared.session.RequestResponder object at 0x0000021996693410>
2026-04-13 22:34:22,921 - mcp.server.lowlevel.server - INFO - [server.py:720] - Processing request of type CallToolRequest
2026-04-13 22:34:22,921 - mcp.server.lowlevel.server - DEBUG - [server.py:723] - Dispatching request of type CallToolRequest
2026-04-13 22:34:22,921 - UnrealMCP_Advanced - INFO - [unreal_mcp_server_advanced.py:358] - Creating new UnrealConnection instance
2026-04-13 22:34:22,921 - UnrealMCP_Advanced - INFO - [unreal_mcp_server_advanced.py:621] - Reading Blueprint content for: /Game/_UGC/UI/WBP_UGCNodePinRow
2026-04-13 22:34:22,921 - UnrealMCP_Advanced - INFO - [unreal_mcp_server_advanced.py:147] - Connecting to Unreal at 127.0.0.1:55558 (attempt 1/4)...
2026-04-13 22:34:22,922 - UnrealMCP_Advanced - INFO - [unreal_mcp_server_advanced.py:154] - Successfully connected to Unreal Engine
2026-04-13 22:34:22,922 - UnrealMCP_Advanced - INFO - [unreal_mcp_server_advanced.py:302] - Sending command (attempt 1): describe_blueprint_full
2026-04-13 22:34:22,922 - UnrealMCP_Advanced - DEBUG - [unreal_mcp_server_advanced.py:303] - Command payload: {"type": "describe_blueprint_full", "params": {"include_event_graph": false, "include_functions": false, "include_variables": true, "include_components": true, "include_interfaces": true, "blueprint_name": "WBP_UGCNodePinRow"}}...
2026-04-13 22:34:23,043 - UnrealMCP_Advanced - INFO - [unreal_mcp_server_advanced.py:233] - Received response (2622 bytes) for describe_blueprint_full
2026-04-13 22:34:23,043 - UnrealMCP_Advanced - INFO - [unreal_mcp_server_advanced.py:322] - Command describe_blueprint_full completed successfully
2026-04-13 22:34:23,043 - UnrealMCP_Advanced - INFO - [unreal_mcp_server_advanced.py:627] - Successfully read Blueprint content. Found:
2026-04-13 22:34:23,046 - mcp.server.lowlevel.server - DEBUG - [server.py:790] - Response sent
2026-04-13 23:00:50,624 - UnrealMCP_Advanced - DEBUG - [unreal_mcp_server_advanced.py:200] - Disconnected from Unreal Engine
2026-04-13 23:00:50,624 - UnrealMCP_Advanced - INFO - [unreal_mcp_server_advanced.py:371] - Unreal connection reset
2026-04-13 23:00:50,624 - UnrealMCP_Advanced - INFO - [unreal_mcp_server_advanced.py:383] - Unreal MCP Advanced server shut down
2026-04-13 23:01:37,089 - mcp.server.lowlevel.server - DEBUG - [server.py:162] - Initializing server 'UnrealMCP_Advanced'
2026-04-13 23:01:37,089 - mcp.server.lowlevel.server - DEBUG - [server.py:439] - Registering handler for ListToolsRequest
2026-04-13 23:01:37,090 - mcp.server.lowlevel.server - DEBUG - [server.py:519] - Registering handler for CallToolRequest
2026-04-13 23:01:37,090 - mcp.server.lowlevel.server - DEBUG - [server.py:301] - Registering handler for ListResourcesRequest
2026-04-13 23:01:37,090 - mcp.server.lowlevel.server - DEBUG - [server.py:336] - Registering handler for ReadResourceRequest
2026-04-13 23:01:37,090 - mcp.server.lowlevel.server - DEBUG - [server.py:263] - Registering handler for PromptListRequest
2026-04-13 23:01:37,090 - mcp.server.lowlevel.server - DEBUG - [server.py:285] - Registering handler for GetPromptRequest
2026-04-13 23:01:37,090 - mcp.server.lowlevel.server - DEBUG - [server.py:321] - Registering handler for ListResourceTemplatesRequest
2026-04-13 23:01:37,176 - UnrealMCP_Advanced - INFO - [unreal_mcp_server_advanced.py:2744] - Starting Advanced MCP server with stdio transport
2026-04-13 23:01:37,179 - asyncio - DEBUG - [proactor_events.py:633] - Using proactor: IocpProactor
2026-04-13 23:01:37,183 - UnrealMCP_Advanced - INFO - [unreal_mcp_server_advanced.py:376] - UnrealMCP Advanced server starting up
2026-04-13 23:01:37,183 - UnrealMCP_Advanced - INFO - [unreal_mcp_server_advanced.py:377] - Connection will be established lazily on first tool call
2026-04-13 23:01:37,192 - mcp.server.lowlevel.server - DEBUG - [server.py:675] - Received message: root=InitializedNotification(method='notifications/initialized', params=None, jsonrpc='2.0')
2026-04-13 23:01:37,193 - mcp.server.lowlevel.server - DEBUG - [server.py:675] - Received message: <mcp.shared.session.RequestResponder object at 0x00000239C0C52DD0>
2026-04-13 23:01:37,193 - mcp.server.lowlevel.server - INFO - [server.py:720] - Processing request of type ListToolsRequest
2026-04-13 23:01:37,193 - mcp.server.lowlevel.server - DEBUG - [server.py:723] - Dispatching request of type ListToolsRequest
2026-04-13 23:01:37,194 - mcp.server.lowlevel.server - DEBUG - [server.py:790] - Response sent
2026-04-13 23:01:37,195 - mcp.server.lowlevel.server - DEBUG - [server.py:675] - Received message: <mcp.shared.session.RequestResponder object at 0x00000239C0D040D0>
2026-04-13 23:01:37,195 - mcp.server.lowlevel.server - INFO - [server.py:720] - Processing request of type ListPromptsRequest
2026-04-13 23:01:37,195 - mcp.server.lowlevel.server - DEBUG - [server.py:723] - Dispatching request of type ListPromptsRequest
2026-04-13 23:01:37,196 - mcp.server.lowlevel.server - DEBUG - [server.py:675] - Received message: <mcp.shared.session.RequestResponder object at 0x00000239C0DF3590>
2026-04-13 23:01:37,196 - mcp.server.lowlevel.server - INFO - [server.py:720] - Processing request of type ListResourcesRequest
2026-04-13 23:01:37,196 - mcp.server.lowlevel.server - DEBUG - [server.py:723] - Dispatching request of type ListResourcesRequest
2026-04-13 23:01:37,196 - mcp.server.fastmcp.resources.resource_manager - DEBUG - [resource_manager.py:109] - Listing resources
2026-04-13 23:01:37,196 - mcp.server.lowlevel.server - DEBUG - [server.py:790] - Response sent
2026-04-13 23:01:37,197 - mcp.server.lowlevel.server - DEBUG - [server.py:675] - Received message: <mcp.shared.session.RequestResponder object at 0x00000239C0D0C8D0>
2026-04-13 23:01:37,197 - mcp.server.lowlevel.server - INFO - [server.py:720] - Processing request of type ListResourceTemplatesRequest
2026-04-13 23:01:37,197 - mcp.server.lowlevel.server - DEBUG - [server.py:723] - Dispatching request of type ListResourceTemplatesRequest
2026-04-13 23:01:37,197 - mcp.server.fastmcp.resources.resource_manager - DEBUG - [resource_manager.py:114] - Listing templates
2026-04-13 23:01:37,197 - mcp.server.lowlevel.server - DEBUG - [server.py:790] - Response sent
2026-04-13 23:01:37,197 - mcp.server.lowlevel.server - DEBUG - [server.py:790] - Response sent
2026-04-13 23:34:48,619 - UnrealMCP_Advanced - INFO - [unreal_mcp_server_advanced.py:371] - Unreal connection reset
2026-04-13 23:34:48,620 - UnrealMCP_Advanced - INFO - [unreal_mcp_server_advanced.py:383] - Unreal MCP Advanced server shut down
2026-04-13 23:35:28,877 - mcp.server.lowlevel.server - DEBUG - [server.py:162] - Initializing server 'UnrealMCP_Advanced'
2026-04-13 23:35:28,877 - mcp.server.lowlevel.server - DEBUG - [server.py:439] - Registering handler for ListToolsRequest
2026-04-13 23:35:28,877 - mcp.server.lowlevel.server - DEBUG - [server.py:519] - Registering handler for CallToolRequest
2026-04-13 23:35:28,877 - mcp.server.lowlevel.server - DEBUG - [server.py:301] - Registering handler for ListResourcesRequest
2026-04-13 23:35:28,878 - mcp.server.lowlevel.server - DEBUG - [server.py:336] - Registering handler for ReadResourceRequest
2026-04-13 23:35:28,878 - mcp.server.lowlevel.server - DEBUG - [server.py:263] - Registering handler for PromptListRequest
2026-04-13 23:35:28,878 - mcp.server.lowlevel.server - DEBUG - [server.py:285] - Registering handler for GetPromptRequest
2026-04-13 23:35:28,878 - mcp.server.lowlevel.server - DEBUG - [server.py:321] - Registering handler for ListResourceTemplatesRequest
2026-04-13 23:35:28,978 - UnrealMCP_Advanced - INFO - [unreal_mcp_server_advanced.py:2744] - Starting Advanced MCP server with stdio transport
2026-04-13 23:35:28,990 - asyncio - DEBUG - [proactor_events.py:633] - Using proactor: IocpProactor
2026-04-13 23:35:28,992 - UnrealMCP_Advanced - INFO - [unreal_mcp_server_advanced.py:376] - UnrealMCP Advanced server starting up
2026-04-13 23:35:28,992 - UnrealMCP_Advanced - INFO - [unreal_mcp_server_advanced.py:377] - Connection will be established lazily on first tool call
2026-04-13 23:35:29,003 - mcp.server.lowlevel.server - DEBUG - [server.py:675] - Received message: root=InitializedNotification(method='notifications/initialized', params=None, jsonrpc='2.0')
2026-04-13 23:35:29,005 - mcp.server.lowlevel.server - DEBUG - [server.py:675] - Received message: <mcp.shared.session.RequestResponder object at 0x000001B142472DD0>
2026-04-13 23:35:29,005 - mcp.server.lowlevel.server - INFO - [server.py:720] - Processing request of type ListToolsRequest
2026-04-13 23:35:29,005 - mcp.server.lowlevel.server - DEBUG - [server.py:723] - Dispatching request of type ListToolsRequest
2026-04-13 23:35:29,006 - mcp.server.lowlevel.server - DEBUG - [server.py:790] - Response sent
2026-04-13 23:35:29,007 - mcp.server.lowlevel.server - DEBUG - [server.py:675] - Received message: <mcp.shared.session.RequestResponder object at 0x000001B142408A50>
2026-04-13 23:35:29,008 - mcp.server.lowlevel.server - INFO - [server.py:720] - Processing request of type ListPromptsRequest
2026-04-13 23:35:29,008 - mcp.server.lowlevel.server - DEBUG - [server.py:723] - Dispatching request of type ListPromptsRequest
2026-04-13 23:35:29,009 - mcp.server.lowlevel.server - DEBUG - [server.py:675] - Received message: <mcp.shared.session.RequestResponder object at 0x000001B14236FFD0>
2026-04-13 23:35:29,009 - mcp.server.lowlevel.server - INFO - [server.py:720] - Processing request of type ListResourcesRequest
2026-04-13 23:35:29,009 - mcp.server.lowlevel.server - DEBUG - [server.py:723] - Dispatching request of type ListResourcesRequest
2026-04-13 23:35:29,009 - mcp.server.fastmcp.resources.resource_manager - DEBUG - [resource_manager.py:109] - Listing resources
2026-04-13 23:35:29,009 - mcp.server.lowlevel.server - DEBUG - [server.py:790] - Response sent
2026-04-13 23:35:29,010 - mcp.server.lowlevel.server - DEBUG - [server.py:675] - Received message: <mcp.shared.session.RequestResponder object at 0x000001B14244A190>
2026-04-13 23:35:29,011 - mcp.server.lowlevel.server - INFO - [server.py:720] - Processing request of type ListResourceTemplatesRequest
2026-04-13 23:35:29,011 - mcp.server.lowlevel.server - DEBUG - [server.py:723] - Dispatching request of type ListResourceTemplatesRequest
2026-04-13 23:35:29,011 - mcp.server.fastmcp.resources.resource_manager - DEBUG - [resource_manager.py:114] - Listing templates
2026-04-13 23:35:29,011 - mcp.server.lowlevel.server - DEBUG - [server.py:790] - Response sent
2026-04-13 23:35:29,011 - mcp.server.lowlevel.server - DEBUG - [server.py:790] - Response sent
2026-04-14 23:19:15,458 - mcp.server.lowlevel.server - DEBUG - [server.py:162] - Initializing server 'UnrealMCP_Advanced'
2026-04-14 23:19:15,458 - mcp.server.lowlevel.server - DEBUG - [server.py:439] - Registering handler for ListToolsRequest
2026-04-14 23:19:15,458 - mcp.server.lowlevel.server - DEBUG - [server.py:519] - Registering handler for CallToolRequest
2026-04-14 23:19:15,458 - mcp.server.lowlevel.server - DEBUG - [server.py:301] - Registering handler for ListResourcesRequest
2026-04-14 23:19:15,458 - mcp.server.lowlevel.server - DEBUG - [server.py:336] - Registering handler for ReadResourceRequest
2026-04-14 23:19:15,459 - mcp.server.lowlevel.server - DEBUG - [server.py:263] - Registering handler for PromptListRequest
2026-04-14 23:19:15,459 - mcp.server.lowlevel.server - DEBUG - [server.py:285] - Registering handler for GetPromptRequest
2026-04-14 23:19:15,459 - mcp.server.lowlevel.server - DEBUG - [server.py:321] - Registering handler for ListResourceTemplatesRequest
2026-04-14 23:19:15,523 - UnrealMCP_Advanced - INFO - [unreal_mcp_server_advanced.py:2744] - Starting Advanced MCP server with stdio transport
2026-04-14 23:19:15,529 - asyncio - DEBUG - [proactor_events.py:633] - Using proactor: IocpProactor
2026-04-14 23:19:15,532 - UnrealMCP_Advanced - INFO - [unreal_mcp_server_advanced.py:376] - UnrealMCP Advanced server starting up
2026-04-14 23:19:15,532 - UnrealMCP_Advanced - INFO - [unreal_mcp_server_advanced.py:377] - Connection will be established lazily on first tool call
2026-04-14 23:19:15,541 - mcp.server.lowlevel.server - DEBUG - [server.py:675] - Received message: root=InitializedNotification(method='notifications/initialized', params=None, jsonrpc='2.0')
2026-04-14 23:19:15,543 - mcp.server.lowlevel.server - DEBUG - [server.py:675] - Received message: <mcp.shared.session.RequestResponder object at 0x000001576B11EB50>
2026-04-14 23:19:15,543 - mcp.server.lowlevel.server - INFO - [server.py:720] - Processing request of type ListToolsRequest
2026-04-14 23:19:15,543 - mcp.server.lowlevel.server - DEBUG - [server.py:723] - Dispatching request of type ListToolsRequest
2026-04-14 23:19:15,544 - mcp.server.lowlevel.server - DEBUG - [server.py:790] - Response sent
2026-04-14 23:19:15,545 - mcp.server.lowlevel.server - DEBUG - [server.py:675] - Received message: <mcp.shared.session.RequestResponder object at 0x000001576B164FD0>
2026-04-14 23:19:15,545 - mcp.server.lowlevel.server - INFO - [server.py:720] - Processing request of type ListPromptsRequest
2026-04-14 23:19:15,546 - mcp.server.lowlevel.server - DEBUG - [server.py:723] - Dispatching request of type ListPromptsRequest
2026-04-14 23:19:15,546 - mcp.server.lowlevel.server - DEBUG - [server.py:675] - Received message: <mcp.shared.session.RequestResponder object at 0x000001576B0F34D0>
2026-04-14 23:19:15,546 - mcp.server.lowlevel.server - INFO - [server.py:720] - Processing request of type ListResourcesRequest
2026-04-14 23:19:15,546 - mcp.server.lowlevel.server - DEBUG - [server.py:723] - Dispatching request of type ListResourcesRequest
2026-04-14 23:19:15,546 - mcp.server.fastmcp.resources.resource_manager - DEBUG - [resource_manager.py:109] - Listing resources
2026-04-14 23:19:15,547 - mcp.server.lowlevel.server - DEBUG - [server.py:790] - Response sent
2026-04-14 23:19:15,547 - mcp.server.lowlevel.server - DEBUG - [server.py:675] - Received message: <mcp.shared.session.RequestResponder object at 0x000001576B2278D0>
2026-04-14 23:19:15,547 - mcp.server.lowlevel.server - INFO - [server.py:720] - Processing request of type ListResourceTemplatesRequest
2026-04-14 23:19:15,547 - mcp.server.lowlevel.server - DEBUG - [server.py:723] - Dispatching request of type ListResourceTemplatesRequest
2026-04-14 23:19:15,547 - mcp.server.fastmcp.resources.resource_manager - DEBUG - [resource_manager.py:114] - Listing templates
2026-04-14 23:19:15,548 - mcp.server.lowlevel.server - DEBUG - [server.py:790] - Response sent
2026-04-14 23:19:15,549 - mcp.server.lowlevel.server - DEBUG - [server.py:790] - Response sent
2026-04-15 20:11:53,396 - mcp.server.lowlevel.server - DEBUG - [server.py:162] - Initializing server 'UnrealMCP_Advanced'
2026-04-15 20:11:53,397 - mcp.server.lowlevel.server - DEBUG - [server.py:439] - Registering handler for ListToolsRequest
2026-04-15 20:11:53,397 - mcp.server.lowlevel.server - DEBUG - [server.py:519] - Registering handler for CallToolRequest
2026-04-15 20:11:53,397 - mcp.server.lowlevel.server - DEBUG - [server.py:301] - Registering handler for ListResourcesRequest
2026-04-15 20:11:53,397 - mcp.server.lowlevel.server - DEBUG - [server.py:336] - Registering handler for ReadResourceRequest
2026-04-15 20:11:53,397 - mcp.server.lowlevel.server - DEBUG - [server.py:263] - Registering handler for PromptListRequest
2026-04-15 20:11:53,397 - mcp.server.lowlevel.server - DEBUG - [server.py:285] - Registering handler for GetPromptRequest
2026-04-15 20:11:53,397 - mcp.server.lowlevel.server - DEBUG - [server.py:321] - Registering handler for ListResourceTemplatesRequest
2026-04-15 20:11:53,488 - UnrealMCP_Advanced - INFO - [unreal_mcp_server_advanced.py:2744] - Starting Advanced MCP server with stdio transport
2026-04-15 20:11:53,495 - asyncio - DEBUG - [proactor_events.py:633] - Using proactor: IocpProactor
2026-04-15 20:11:53,498 - UnrealMCP_Advanced - INFO - [unreal_mcp_server_advanced.py:376] - UnrealMCP Advanced server starting up
2026-04-15 20:11:53,498 - UnrealMCP_Advanced - INFO - [unreal_mcp_server_advanced.py:377] - Connection will be established lazily on first tool call
2026-04-15 20:11:53,506 - mcp.server.lowlevel.server - DEBUG - [server.py:675] - Received message: root=InitializedNotification(method='notifications/initialized', params=None, jsonrpc='2.0')
2026-04-15 20:11:53,511 - mcp.server.lowlevel.server - DEBUG - [server.py:675] - Received message: <mcp.shared.session.RequestResponder object at 0x00000259CD4E6ED0>
2026-04-15 20:11:53,511 - mcp.server.lowlevel.server - INFO - [server.py:720] - Processing request of type ListToolsRequest
2026-04-15 20:11:53,511 - mcp.server.lowlevel.server - DEBUG - [server.py:723] - Dispatching request of type ListToolsRequest
2026-04-15 20:11:53,512 - mcp.server.lowlevel.server - DEBUG - [server.py:790] - Response sent
2026-04-15 20:11:53,513 - mcp.server.lowlevel.server - DEBUG - [server.py:675] - Received message: <mcp.shared.session.RequestResponder object at 0x00000259CD208710>
2026-04-15 20:11:53,514 - mcp.server.lowlevel.server - INFO - [server.py:720] - Processing request of type ListPromptsRequest
2026-04-15 20:11:53,514 - mcp.server.lowlevel.server - DEBUG - [server.py:723] - Dispatching request of type ListPromptsRequest
2026-04-15 20:11:53,515 - mcp.server.lowlevel.server - DEBUG - [server.py:675] - Received message: <mcp.shared.session.RequestResponder object at 0x00000259CD6034D0>
2026-04-15 20:11:53,515 - mcp.server.lowlevel.server - INFO - [server.py:720] - Processing request of type ListResourcesRequest
2026-04-15 20:11:53,515 - mcp.server.lowlevel.server - DEBUG - [server.py:723] - Dispatching request of type ListResourcesRequest
2026-04-15 20:11:53,515 - mcp.server.fastmcp.resources.resource_manager - DEBUG - [resource_manager.py:109] - Listing resources
2026-04-15 20:11:53,516 - mcp.server.lowlevel.server - DEBUG - [server.py:790] - Response sent
2026-04-15 20:11:53,516 - mcp.server.lowlevel.server - DEBUG - [server.py:675] - Received message: <mcp.shared.session.RequestResponder object at 0x00000259CD631750>
2026-04-15 20:11:53,517 - mcp.server.lowlevel.server - INFO - [server.py:720] - Processing request of type ListResourceTemplatesRequest
2026-04-15 20:11:53,517 - mcp.server.lowlevel.server - DEBUG - [server.py:723] - Dispatching request of type ListResourceTemplatesRequest
2026-04-15 20:11:53,517 - mcp.server.fastmcp.resources.resource_manager - DEBUG - [resource_manager.py:114] - Listing templates
2026-04-15 20:11:53,518 - mcp.server.lowlevel.server - DEBUG - [server.py:790] - Response sent
2026-04-15 20:11:53,518 - mcp.server.lowlevel.server - DEBUG - [server.py:790] - Response sent
2026-04-15 23:22:25,354 - mcp.server.lowlevel.server - DEBUG - [server.py:162] - Initializing server 'UnrealMCP_Advanced'
2026-04-15 23:22:25,354 - mcp.server.lowlevel.server - DEBUG - [server.py:439] - Registering handler for ListToolsRequest
2026-04-15 23:22:25,354 - mcp.server.lowlevel.server - DEBUG - [server.py:519] - Registering handler for CallToolRequest
2026-04-15 23:22:25,354 - mcp.server.lowlevel.server - DEBUG - [server.py:301] - Registering handler for ListResourcesRequest
2026-04-15 23:22:25,355 - mcp.server.lowlevel.server - DEBUG - [server.py:336] - Registering handler for ReadResourceRequest
2026-04-15 23:22:25,355 - mcp.server.lowlevel.server - DEBUG - [server.py:263] - Registering handler for PromptListRequest
2026-04-15 23:22:25,355 - mcp.server.lowlevel.server - DEBUG - [server.py:285] - Registering handler for GetPromptRequest
2026-04-15 23:22:25,355 - mcp.server.lowlevel.server - DEBUG - [server.py:321] - Registering handler for ListResourceTemplatesRequest
2026-04-15 23:22:25,441 - UnrealMCP_Advanced - INFO - [unreal_mcp_server_advanced.py:2744] - Starting Advanced MCP server with stdio transport
2026-04-15 23:22:25,447 - asyncio - DEBUG - [proactor_events.py:633] - Using proactor: IocpProactor
2026-04-15 23:22:25,451 - UnrealMCP_Advanced - INFO - [unreal_mcp_server_advanced.py:376] - UnrealMCP Advanced server starting up
2026-04-15 23:22:25,451 - UnrealMCP_Advanced - INFO - [unreal_mcp_server_advanced.py:377] - Connection will be established lazily on first tool call
2026-04-15 23:22:25,458 - mcp.server.lowlevel.server - DEBUG - [server.py:675] - Received message: root=InitializedNotification(method='notifications/initialized', params=None, jsonrpc='2.0')
2026-04-15 23:22:25,460 - mcp.server.lowlevel.server - DEBUG - [server.py:675] - Received message: <mcp.shared.session.RequestResponder object at 0x0000018EE5777190>
2026-04-15 23:22:25,460 - mcp.server.lowlevel.server - INFO - [server.py:720] - Processing request of type ListToolsRequest
2026-04-15 23:22:25,460 - mcp.server.lowlevel.server - DEBUG - [server.py:723] - Dispatching request of type ListToolsRequest
2026-04-15 23:22:25,461 - mcp.server.lowlevel.server - DEBUG - [server.py:790] - Response sent
2026-04-15 23:22:25,461 - mcp.server.lowlevel.server - DEBUG - [server.py:675] - Received message: <mcp.shared.session.RequestResponder object at 0x0000018EE56C4210>
2026-04-15 23:22:25,462 - mcp.server.lowlevel.server - INFO - [server.py:720] - Processing request of type ListPromptsRequest
2026-04-15 23:22:25,462 - mcp.server.lowlevel.server - DEBUG - [server.py:723] - Dispatching request of type ListPromptsRequest
2026-04-15 23:22:25,462 - mcp.server.lowlevel.server - DEBUG - [server.py:675] - Received message: <mcp.shared.session.RequestResponder object at 0x0000018EE56BB4D0>
2026-04-15 23:22:25,462 - mcp.server.lowlevel.server - INFO - [server.py:720] - Processing request of type ListResourcesRequest
2026-04-15 23:22:25,462 - mcp.server.lowlevel.server - DEBUG - [server.py:723] - Dispatching request of type ListResourcesRequest
2026-04-15 23:22:25,462 - mcp.server.fastmcp.resources.resource_manager - DEBUG - [resource_manager.py:109] - Listing resources
2026-04-15 23:22:25,463 - mcp.server.lowlevel.server - DEBUG - [server.py:790] - Response sent
2026-04-15 23:22:25,463 - mcp.server.lowlevel.server - DEBUG - [server.py:675] - Received message: <mcp.shared.session.RequestResponder object at 0x0000018EE571B090>
2026-04-15 23:22:25,463 - mcp.server.lowlevel.server - INFO - [server.py:720] - Processing request of type ListResourceTemplatesRequest
2026-04-15 23:22:25,463 - mcp.server.lowlevel.server - DEBUG - [server.py:723] - Dispatching request of type ListResourceTemplatesRequest
2026-04-15 23:22:25,463 - mcp.server.fastmcp.resources.resource_manager - DEBUG - [resource_manager.py:114] - Listing templates
2026-04-15 23:22:25,463 - mcp.server.lowlevel.server - DEBUG - [server.py:790] - Response sent
2026-04-15 23:22:25,464 - mcp.server.lowlevel.server - DEBUG - [server.py:790] - Response sent
2026-04-15 23:27:37,155 - UnrealMCP_Advanced - INFO - [unreal_mcp_server_advanced.py:371] - Unreal connection reset
2026-04-15 23:27:37,155 - UnrealMCP_Advanced - INFO - [unreal_mcp_server_advanced.py:383] - Unreal MCP Advanced server shut down
2026-04-16 00:49:53,329 - mcp.server.lowlevel.server - DEBUG - [server.py:162] - Initializing server 'UnrealMCP_Advanced'
2026-04-16 00:49:53,329 - mcp.server.lowlevel.server - DEBUG - [server.py:439] - Registering handler for ListToolsRequest
2026-04-16 00:49:53,330 - mcp.server.lowlevel.server - DEBUG - [server.py:519] - Registering handler for CallToolRequest
2026-04-16 00:49:53,330 - mcp.server.lowlevel.server - DEBUG - [server.py:301] - Registering handler for ListResourcesRequest
2026-04-16 00:49:53,330 - mcp.server.lowlevel.server - DEBUG - [server.py:336] - Registering handler for ReadResourceRequest
2026-04-16 00:49:53,330 - mcp.server.lowlevel.server - DEBUG - [server.py:263] - Registering handler for PromptListRequest
2026-04-16 00:49:53,330 - mcp.server.lowlevel.server - DEBUG - [server.py:285] - Registering handler for GetPromptRequest
2026-04-16 00:49:53,330 - mcp.server.lowlevel.server - DEBUG - [server.py:321] - Registering handler for ListResourceTemplatesRequest
2026-04-16 00:49:53,397 - UnrealMCP_Advanced - INFO - [unreal_mcp_server_advanced.py:2744] - Starting Advanced MCP server with stdio transport
2026-04-16 00:49:53,399 - asyncio - DEBUG - [proactor_events.py:633] - Using proactor: IocpProactor
2026-04-16 00:49:53,403 - UnrealMCP_Advanced - INFO - [unreal_mcp_server_advanced.py:376] - UnrealMCP Advanced server starting up
2026-04-16 00:49:53,403 - UnrealMCP_Advanced - INFO - [unreal_mcp_server_advanced.py:377] - Connection will be established lazily on first tool call
2026-04-16 00:49:53,411 - mcp.server.lowlevel.server - DEBUG - [server.py:675] - Received message: root=InitializedNotification(method='notifications/initialized', params=None, jsonrpc='2.0')
2026-04-16 00:49:53,413 - mcp.server.lowlevel.server - DEBUG - [server.py:675] - Received message: <mcp.shared.session.RequestResponder object at 0x000001CA4682AF50>
2026-04-16 00:49:53,413 - mcp.server.lowlevel.server - INFO - [server.py:720] - Processing request of type ListToolsRequest
2026-04-16 00:49:53,413 - mcp.server.lowlevel.server - DEBUG - [server.py:723] - Dispatching request of type ListToolsRequest
2026-04-16 00:49:53,414 - mcp.server.lowlevel.server - DEBUG - [server.py:790] - Response sent
2026-04-16 00:49:53,415 - mcp.server.lowlevel.server - DEBUG - [server.py:675] - Received message: <mcp.shared.session.RequestResponder object at 0x000001CA4677CFD0>
2026-04-16 00:49:53,415 - mcp.server.lowlevel.server - INFO - [server.py:720] - Processing request of type ListPromptsRequest
2026-04-16 00:49:53,415 - mcp.server.lowlevel.server - DEBUG - [server.py:723] - Dispatching request of type ListPromptsRequest
2026-04-16 00:49:53,416 - mcp.server.lowlevel.server - DEBUG - [server.py:675] - Received message: <mcp.shared.session.RequestResponder object at 0x000001CA467FD250>
2026-04-16 00:49:53,417 - mcp.server.lowlevel.server - INFO - [server.py:720] - Processing request of type ListResourcesRequest
2026-04-16 00:49:53,417 - mcp.server.lowlevel.server - DEBUG - [server.py:723] - Dispatching request of type ListResourcesRequest
2026-04-16 00:49:53,417 - mcp.server.fastmcp.resources.resource_manager - DEBUG - [resource_manager.py:109] - Listing resources
2026-04-16 00:49:53,417 - mcp.server.lowlevel.server - DEBUG - [server.py:790] - Response sent
2026-04-16 00:49:53,418 - mcp.server.lowlevel.server - DEBUG - [server.py:675] - Received message: <mcp.shared.session.RequestResponder object at 0x000001CA46765750>
2026-04-16 00:49:53,418 - mcp.server.lowlevel.server - INFO - [server.py:720] - Processing request of type ListResourceTemplatesRequest
2026-04-16 00:49:53,418 - mcp.server.lowlevel.server - DEBUG - [server.py:723] - Dispatching request of type ListResourceTemplatesRequest
2026-04-16 00:49:53,418 - mcp.server.fastmcp.resources.resource_manager - DEBUG - [resource_manager.py:114] - Listing templates
2026-04-16 00:49:53,419 - mcp.server.lowlevel.server - DEBUG - [server.py:790] - Response sent
2026-04-16 00:49:53,419 - mcp.server.lowlevel.server - DEBUG - [server.py:790] - Response sent
2026-04-16 21:59:19,021 - mcp.server.lowlevel.server - DEBUG - [server.py:162] - Initializing server 'UnrealMCP_Advanced'
2026-04-16 21:59:19,021 - mcp.server.lowlevel.server - DEBUG - [server.py:439] - Registering handler for ListToolsRequest
2026-04-16 21:59:19,021 - mcp.server.lowlevel.server - DEBUG - [server.py:519] - Registering handler for CallToolRequest
2026-04-16 21:59:19,021 - mcp.server.lowlevel.server - DEBUG - [server.py:301] - Registering handler for ListResourcesRequest
2026-04-16 21:59:19,021 - mcp.server.lowlevel.server - DEBUG - [server.py:336] - Registering handler for ReadResourceRequest
2026-04-16 21:59:19,021 - mcp.server.lowlevel.server - DEBUG - [server.py:263] - Registering handler for PromptListRequest
2026-04-16 21:59:19,021 - mcp.server.lowlevel.server - DEBUG - [server.py:285] - Registering handler for GetPromptRequest
2026-04-16 21:59:19,021 - mcp.server.lowlevel.server - DEBUG - [server.py:321] - Registering handler for ListResourceTemplatesRequest
2026-04-16 21:59:19,117 - UnrealMCP_Advanced - INFO - [unreal_mcp_server_advanced.py:2744] - Starting Advanced MCP server with stdio transport
2026-04-16 21:59:19,120 - asyncio - DEBUG - [proactor_events.py:633] - Using proactor: IocpProactor
2026-04-16 21:59:19,123 - UnrealMCP_Advanced - INFO - [unreal_mcp_server_advanced.py:376] - UnrealMCP Advanced server starting up
2026-04-16 21:59:19,123 - UnrealMCP_Advanced - INFO - [unreal_mcp_server_advanced.py:377] - Connection will be established lazily on first tool call
2026-04-16 21:59:19,131 - mcp.server.lowlevel.server - DEBUG - [server.py:675] - Received message: root=InitializedNotification(method='notifications/initialized', params=None, jsonrpc='2.0')
2026-04-16 21:59:19,133 - mcp.server.lowlevel.server - DEBUG - [server.py:675] - Received message: <mcp.shared.session.RequestResponder object at 0x000001C721097350>
2026-04-16 21:59:19,133 - mcp.server.lowlevel.server - INFO - [server.py:720] - Processing request of type ListToolsRequest
2026-04-16 21:59:19,133 - mcp.server.lowlevel.server - DEBUG - [server.py:723] - Dispatching request of type ListToolsRequest
2026-04-16 21:59:19,134 - mcp.server.lowlevel.server - DEBUG - [server.py:790] - Response sent
2026-04-16 21:59:19,135 - mcp.server.lowlevel.server - DEBUG - [server.py:675] - Received message: <mcp.shared.session.RequestResponder object at 0x000001C721008610>
2026-04-16 21:59:19,135 - mcp.server.lowlevel.server - INFO - [server.py:720] - Processing request of type ListPromptsRequest
2026-04-16 21:59:19,135 - mcp.server.lowlevel.server - DEBUG - [server.py:723] - Dispatching request of type ListPromptsRequest
2026-04-16 21:59:19,136 - mcp.server.lowlevel.server - DEBUG - [server.py:675] - Received message: <mcp.shared.session.RequestResponder object at 0x000001C720FA5B50>
2026-04-16 21:59:19,136 - mcp.server.lowlevel.server - INFO - [server.py:720] - Processing request of type ListResourcesRequest
2026-04-16 21:59:19,137 - mcp.server.lowlevel.server - DEBUG - [server.py:723] - Dispatching request of type ListResourcesRequest
2026-04-16 21:59:19,137 - mcp.server.fastmcp.resources.resource_manager - DEBUG - [resource_manager.py:109] - Listing resources
2026-04-16 21:59:19,137 - mcp.server.lowlevel.server - DEBUG - [server.py:790] - Response sent
2026-04-16 21:59:19,137 - mcp.server.lowlevel.server - DEBUG - [server.py:675] - Received message: <mcp.shared.session.RequestResponder object at 0x000001C72109B6D0>
2026-04-16 21:59:19,138 - mcp.server.lowlevel.server - INFO - [server.py:720] - Processing request of type ListResourceTemplatesRequest
2026-04-16 21:59:19,138 - mcp.server.lowlevel.server - DEBUG - [server.py:723] - Dispatching request of type ListResourceTemplatesRequest
2026-04-16 21:59:19,138 - mcp.server.fastmcp.resources.resource_manager - DEBUG - [resource_manager.py:114] - Listing templates
2026-04-16 21:59:19,139 - mcp.server.lowlevel.server - DEBUG - [server.py:790] - Response sent
2026-04-16 21:59:19,139 - mcp.server.lowlevel.server - DEBUG - [server.py:790] - Response sent
2026-04-16 22:21:23,642 - UnrealMCP_Advanced - INFO - [unreal_mcp_server_advanced.py:371] - Unreal connection reset
2026-04-16 22:21:23,642 - UnrealMCP_Advanced - INFO - [unreal_mcp_server_advanced.py:383] - Unreal MCP Advanced server shut down
2026-04-16 22:21:28,055 - mcp.server.lowlevel.server - DEBUG - [server.py:162] - Initializing server 'UnrealMCP_Advanced'
2026-04-16 22:21:28,056 - mcp.server.lowlevel.server - DEBUG - [server.py:439] - Registering handler for ListToolsRequest
2026-04-16 22:21:28,056 - mcp.server.lowlevel.server - DEBUG - [server.py:519] - Registering handler for CallToolRequest
2026-04-16 22:21:28,056 - mcp.server.lowlevel.server - DEBUG - [server.py:301] - Registering handler for ListResourcesRequest
2026-04-16 22:21:28,056 - mcp.server.lowlevel.server - DEBUG - [server.py:336] - Registering handler for ReadResourceRequest
2026-04-16 22:21:28,056 - mcp.server.lowlevel.server - DEBUG - [server.py:263] - Registering handler for PromptListRequest
2026-04-16 22:21:28,056 - mcp.server.lowlevel.server - DEBUG - [server.py:285] - Registering handler for GetPromptRequest
2026-04-16 22:21:28,056 - mcp.server.lowlevel.server - DEBUG - [server.py:321] - Registering handler for ListResourceTemplatesRequest
2026-04-16 22:21:28,125 - UnrealMCP_Advanced - INFO - [unreal_mcp_server_advanced.py:2744] - Starting Advanced MCP server with stdio transport
2026-04-16 22:21:28,128 - asyncio - DEBUG - [proactor_events.py:633] - Using proactor: IocpProactor
2026-04-16 22:21:28,131 - UnrealMCP_Advanced - INFO - [unreal_mcp_server_advanced.py:376] - UnrealMCP Advanced server starting up
2026-04-16 22:21:28,131 - UnrealMCP_Advanced - INFO - [unreal_mcp_server_advanced.py:377] - Connection will be established lazily on first tool call
2026-04-16 22:21:28,135 - mcp.server.lowlevel.server - DEBUG - [server.py:675] - Received message: root=InitializedNotification(method='notifications/initialized', params=None, jsonrpc='2.0')
2026-04-16 22:21:28,136 - mcp.server.lowlevel.server - DEBUG - [server.py:675] - Received message: <mcp.shared.session.RequestResponder object at 0x000001FC6380E2D0>
2026-04-16 22:21:28,136 - mcp.server.lowlevel.server - INFO - [server.py:720] - Processing request of type ListToolsRequest
2026-04-16 22:21:28,136 - mcp.server.lowlevel.server - DEBUG - [server.py:723] - Dispatching request of type ListToolsRequest
2026-04-16 22:21:28,137 - mcp.server.lowlevel.server - DEBUG - [server.py:790] - Response sent
2026-04-16 22:21:28,138 - mcp.server.lowlevel.server - DEBUG - [server.py:675] - Received message: <mcp.shared.session.RequestResponder object at 0x000001FC6380D050>
2026-04-16 22:21:28,138 - mcp.server.lowlevel.server - INFO - [server.py:720] - Processing request of type ListPromptsRequest
2026-04-16 22:21:28,138 - mcp.server.lowlevel.server - DEBUG - [server.py:723] - Dispatching request of type ListPromptsRequest
2026-04-16 22:21:28,139 - mcp.server.lowlevel.server - DEBUG - [server.py:675] - Received message: <mcp.shared.session.RequestResponder object at 0x000001FC637AA890>
2026-04-16 22:21:28,139 - mcp.server.lowlevel.server - INFO - [server.py:720] - Processing request of type ListResourcesRequest
2026-04-16 22:21:28,139 - mcp.server.lowlevel.server - DEBUG - [server.py:723] - Dispatching request of type ListResourcesRequest
2026-04-16 22:21:28,139 - mcp.server.fastmcp.resources.resource_manager - DEBUG - [resource_manager.py:109] - Listing resources
2026-04-16 22:21:28,139 - mcp.server.lowlevel.server - DEBUG - [server.py:790] - Response sent
2026-04-16 22:21:28,139 - mcp.server.lowlevel.server - DEBUG - [server.py:675] - Received message: <mcp.shared.session.RequestResponder object at 0x000001FC637736D0>
2026-04-16 22:21:28,139 - mcp.server.lowlevel.server - INFO - [server.py:720] - Processing request of type ListResourceTemplatesRequest
2026-04-16 22:21:28,139 - mcp.server.lowlevel.server - DEBUG - [server.py:723] - Dispatching request of type ListResourceTemplatesRequest
2026-04-16 22:21:28,139 - mcp.server.fastmcp.resources.resource_manager - DEBUG - [resource_manager.py:114] - Listing templates
2026-04-16 22:21:28,141 - mcp.server.lowlevel.server - DEBUG - [server.py:790] - Response sent
2026-04-16 22:21:28,141 - mcp.server.lowlevel.server - DEBUG - [server.py:790] - Response sent
2026-04-16 23:34:40,344 - mcp.server.lowlevel.server - DEBUG - [server.py:162] - Initializing server 'UnrealMCP_Advanced'
2026-04-16 23:34:40,345 - mcp.server.lowlevel.server - DEBUG - [server.py:439] - Registering handler for ListToolsRequest
2026-04-16 23:34:40,345 - mcp.server.lowlevel.server - DEBUG - [server.py:519] - Registering handler for CallToolRequest
2026-04-16 23:34:40,345 - mcp.server.lowlevel.server - DEBUG - [server.py:301] - Registering handler for ListResourcesRequest
2026-04-16 23:34:40,345 - mcp.server.lowlevel.server - DEBUG - [server.py:336] - Registering handler for ReadResourceRequest
2026-04-16 23:34:40,345 - mcp.server.lowlevel.server - DEBUG - [server.py:263] - Registering handler for PromptListRequest
2026-04-16 23:34:40,345 - mcp.server.lowlevel.server - DEBUG - [server.py:285] - Registering handler for GetPromptRequest
2026-04-16 23:34:40,345 - mcp.server.lowlevel.server - DEBUG - [server.py:321] - Registering handler for ListResourceTemplatesRequest
2026-04-16 23:34:40,408 - UnrealMCP_Advanced - INFO - [unreal_mcp_server_advanced.py:2744] - Starting Advanced MCP server with stdio transport
2026-04-16 23:34:40,412 - asyncio - DEBUG - [proactor_events.py:633] - Using proactor: IocpProactor
2026-04-16 23:34:40,415 - UnrealMCP_Advanced - INFO - [unreal_mcp_server_advanced.py:376] - UnrealMCP Advanced server starting up
2026-04-16 23:34:40,415 - UnrealMCP_Advanced - INFO - [unreal_mcp_server_advanced.py:377] - Connection will be established lazily on first tool call
2026-04-16 23:34:40,419 - mcp.server.lowlevel.server - DEBUG - [server.py:675] - Received message: root=InitializedNotification(method='notifications/initialized', params=None, jsonrpc='2.0')
2026-04-16 23:34:40,419 - mcp.server.lowlevel.server - DEBUG - [server.py:675] - Received message: <mcp.shared.session.RequestResponder object at 0x000002A0F8BE9850>
2026-04-16 23:34:40,420 - mcp.server.lowlevel.server - INFO - [server.py:720] - Processing request of type ListToolsRequest
2026-04-16 23:34:40,420 - mcp.server.lowlevel.server - DEBUG - [server.py:723] - Dispatching request of type ListToolsRequest
2026-04-16 23:34:40,420 - mcp.server.lowlevel.server - DEBUG - [server.py:790] - Response sent
2026-04-16 23:34:40,421 - mcp.server.lowlevel.server - DEBUG - [server.py:675] - Received message: <mcp.shared.session.RequestResponder object at 0x000002A0F8C1AD50>
2026-04-16 23:34:40,421 - mcp.server.lowlevel.server - INFO - [server.py:720] - Processing request of type ListPromptsRequest
2026-04-16 23:34:40,422 - mcp.server.lowlevel.server - DEBUG - [server.py:723] - Dispatching request of type ListPromptsRequest
2026-04-16 23:34:40,422 - mcp.server.lowlevel.server - DEBUG - [server.py:675] - Received message: <mcp.shared.session.RequestResponder object at 0x000002A0F8C1B450>
2026-04-16 23:34:40,422 - mcp.server.lowlevel.server - INFO - [server.py:720] - Processing request of type ListResourcesRequest
2026-04-16 23:34:40,422 - mcp.server.lowlevel.server - DEBUG - [server.py:723] - Dispatching request of type ListResourcesRequest
2026-04-16 23:34:40,422 - mcp.server.fastmcp.resources.resource_manager - DEBUG - [resource_manager.py:109] - Listing resources
2026-04-16 23:34:40,422 - mcp.server.lowlevel.server - DEBUG - [server.py:790] - Response sent
2026-04-16 23:34:40,423 - mcp.server.lowlevel.server - DEBUG - [server.py:675] - Received message: <mcp.shared.session.RequestResponder object at 0x000002A0F8C4B0D0>
2026-04-16 23:34:40,423 - mcp.server.lowlevel.server - INFO - [server.py:720] - Processing request of type ListResourceTemplatesRequest
2026-04-16 23:34:40,423 - mcp.server.lowlevel.server - DEBUG - [server.py:723] - Dispatching request of type ListResourceTemplatesRequest
2026-04-16 23:34:40,423 - mcp.server.fastmcp.resources.resource_manager - DEBUG - [resource_manager.py:114] - Listing templates
2026-04-16 23:34:40,423 - mcp.server.lowlevel.server - DEBUG - [server.py:790] - Response sent
2026-04-16 23:34:40,424 - mcp.server.lowlevel.server - DEBUG - [server.py:790] - Response sent
2026-04-16 23:47:39,967 - UnrealMCP_Advanced - INFO - [unreal_mcp_server_advanced.py:371] - Unreal connection reset
2026-04-16 23:47:39,967 - UnrealMCP_Advanced - INFO - [unreal_mcp_server_advanced.py:383] - Unreal MCP Advanced server shut down
2026-04-17 02:30:04,010 - mcp.server.lowlevel.server - DEBUG - [server.py:162] - Initializing server 'UnrealMCP_Advanced'
2026-04-17 02:30:04,011 - mcp.server.lowlevel.server - DEBUG - [server.py:439] - Registering handler for ListToolsRequest
2026-04-17 02:30:04,011 - mcp.server.lowlevel.server - DEBUG - [server.py:519] - Registering handler for CallToolRequest
2026-04-17 02:30:04,011 - mcp.server.lowlevel.server - DEBUG - [server.py:301] - Registering handler for ListResourcesRequest
2026-04-17 02:30:04,011 - mcp.server.lowlevel.server - DEBUG - [server.py:336] - Registering handler for ReadResourceRequest
2026-04-17 02:30:04,011 - mcp.server.lowlevel.server - DEBUG - [server.py:263] - Registering handler for PromptListRequest
2026-04-17 02:30:04,011 - mcp.server.lowlevel.server - DEBUG - [server.py:285] - Registering handler for GetPromptRequest
2026-04-17 02:30:04,011 - mcp.server.lowlevel.server - DEBUG - [server.py:321] - Registering handler for ListResourceTemplatesRequest
2026-04-17 02:30:04,096 - UnrealMCP_Advanced - INFO - [unreal_mcp_server_advanced.py:2744] - Starting Advanced MCP server with stdio transport
2026-04-17 02:30:04,099 - asyncio - DEBUG - [proactor_events.py:633] - Using proactor: IocpProactor
2026-04-17 02:30:04,103 - UnrealMCP_Advanced - INFO - [unreal_mcp_server_advanced.py:376] - UnrealMCP Advanced server starting up
2026-04-17 02:30:04,103 - UnrealMCP_Advanced - INFO - [unreal_mcp_server_advanced.py:377] - Connection will be established lazily on first tool call
2026-04-17 02:30:04,109 - mcp.server.lowlevel.server - DEBUG - [server.py:675] - Received message: root=InitializedNotification(method='notifications/initialized', params=None, jsonrpc='2.0')
2026-04-17 02:30:04,110 - mcp.server.lowlevel.server - DEBUG - [server.py:675] - Received message: <mcp.shared.session.RequestResponder object at 0x000001B3DB922F90>
2026-04-17 02:30:04,110 - mcp.server.lowlevel.server - INFO - [server.py:720] - Processing request of type ListToolsRequest
2026-04-17 02:30:04,110 - mcp.server.lowlevel.server - DEBUG - [server.py:723] - Dispatching request of type ListToolsRequest
2026-04-17 02:30:04,111 - mcp.server.lowlevel.server - DEBUG - [server.py:790] - Response sent
2026-04-17 02:30:04,112 - mcp.server.lowlevel.server - DEBUG - [server.py:675] - Received message: <mcp.shared.session.RequestResponder object at 0x000001B3DB6CCCD0>
2026-04-17 02:30:04,112 - mcp.server.lowlevel.server - INFO - [server.py:720] - Processing request of type ListPromptsRequest
2026-04-17 02:30:04,113 - mcp.server.lowlevel.server - DEBUG - [server.py:723] - Dispatching request of type ListPromptsRequest
2026-04-17 02:30:04,113 - mcp.server.lowlevel.server - DEBUG - [server.py:675] - Received message: <mcp.shared.session.RequestResponder object at 0x000001B3DBA23450>
2026-04-17 02:30:04,113 - mcp.server.lowlevel.server - INFO - [server.py:720] - Processing request of type ListResourcesRequest
2026-04-17 02:30:04,113 - mcp.server.lowlevel.server - DEBUG - [server.py:723] - Dispatching request of type ListResourcesRequest
2026-04-17 02:30:04,113 - mcp.server.fastmcp.resources.resource_manager - DEBUG - [resource_manager.py:109] - Listing resources
2026-04-17 02:30:04,114 - mcp.server.lowlevel.server - DEBUG - [server.py:790] - Response sent
2026-04-17 02:30:04,114 - mcp.server.lowlevel.server - DEBUG - [server.py:675] - Received message: <mcp.shared.session.RequestResponder object at 0x000001B3DB5F8650>
2026-04-17 02:30:04,114 - mcp.server.lowlevel.server - INFO - [server.py:720] - Processing request of type ListResourceTemplatesRequest
2026-04-17 02:30:04,114 - mcp.server.lowlevel.server - DEBUG - [server.py:723] - Dispatching request of type ListResourceTemplatesRequest
2026-04-17 02:30:04,114 - mcp.server.fastmcp.resources.resource_manager - DEBUG - [resource_manager.py:114] - Listing templates
2026-04-17 02:30:04,115 - mcp.server.lowlevel.server - DEBUG - [server.py:790] - Response sent
2026-04-17 02:30:04,115 - mcp.server.lowlevel.server - DEBUG - [server.py:790] - Response sent
2026-04-17 02:31:27,471 - UnrealMCP_Advanced - INFO - [unreal_mcp_server_advanced.py:371] - Unreal connection reset
2026-04-17 02:31:27,471 - UnrealMCP_Advanced - INFO - [unreal_mcp_server_advanced.py:383] - Unreal MCP Advanced server shut down
2026-04-17 02:31:50,139 - mcp.server.lowlevel.server - DEBUG - [server.py:162] - Initializing server 'UnrealMCP_Advanced'
2026-04-17 02:31:50,140 - mcp.server.lowlevel.server - DEBUG - [server.py:439] - Registering handler for ListToolsRequest
2026-04-17 02:31:50,140 - mcp.server.lowlevel.server - DEBUG - [server.py:519] - Registering handler for CallToolRequest
2026-04-17 02:31:50,140 - mcp.server.lowlevel.server - DEBUG - [server.py:301] - Registering handler for ListResourcesRequest
2026-04-17 02:31:50,140 - mcp.server.lowlevel.server - DEBUG - [server.py:336] - Registering handler for ReadResourceRequest
2026-04-17 02:31:50,140 - mcp.server.lowlevel.server - DEBUG - [server.py:263] - Registering handler for PromptListRequest
2026-04-17 02:31:50,140 - mcp.server.lowlevel.server - DEBUG - [server.py:285] - Registering handler for GetPromptRequest
2026-04-17 02:31:50,140 - mcp.server.lowlevel.server - DEBUG - [server.py:321] - Registering handler for ListResourceTemplatesRequest
2026-04-17 02:31:50,397 - UnrealMCP_Advanced - INFO - [unreal_mcp_server_advanced.py:2744] - Starting Advanced MCP server with stdio transport
2026-04-17 02:31:50,407 - asyncio - DEBUG - [proactor_events.py:633] - Using proactor: IocpProactor
2026-04-17 02:31:50,414 - UnrealMCP_Advanced - INFO - [unreal_mcp_server_advanced.py:376] - UnrealMCP Advanced server starting up
2026-04-17 02:31:50,416 - UnrealMCP_Advanced - INFO - [unreal_mcp_server_advanced.py:377] - Connection will be established lazily on first tool call
2026-04-17 02:31:50,452 - mcp.server.lowlevel.server - DEBUG - [server.py:675] - Received message: root=InitializedNotification(method='notifications/initialized', params=None, jsonrpc='2.0')
2026-04-17 02:31:50,454 - mcp.server.lowlevel.server - DEBUG - [server.py:675] - Received message: <mcp.shared.session.RequestResponder object at 0x00000153B4F2C050>
2026-04-17 02:31:50,456 - mcp.server.lowlevel.server - INFO - [server.py:720] - Processing request of type ListToolsRequest
2026-04-17 02:31:50,456 - mcp.server.lowlevel.server - DEBUG - [server.py:723] - Dispatching request of type ListToolsRequest
2026-04-17 02:31:50,457 - mcp.server.lowlevel.server - DEBUG - [server.py:790] - Response sent
2026-04-17 02:31:50,458 - mcp.server.lowlevel.server - DEBUG - [server.py:675] - Received message: <mcp.shared.session.RequestResponder object at 0x00000153B4E48150>
2026-04-17 02:31:50,459 - mcp.server.lowlevel.server - INFO - [server.py:720] - Processing request of type ListPromptsRequest
2026-04-17 02:31:50,459 - mcp.server.lowlevel.server - DEBUG - [server.py:723] - Dispatching request of type ListPromptsRequest
2026-04-17 02:31:50,460 - mcp.server.lowlevel.server - DEBUG - [server.py:675] - Received message: <mcp.shared.session.RequestResponder object at 0x00000153B4F17350>
2026-04-17 02:31:50,460 - mcp.server.lowlevel.server - INFO - [server.py:720] - Processing request of type ListResourcesRequest
2026-04-17 02:31:50,461 - mcp.server.lowlevel.server - DEBUG - [server.py:723] - Dispatching request of type ListResourcesRequest
2026-04-17 02:31:50,461 - mcp.server.fastmcp.resources.resource_manager - DEBUG - [resource_manager.py:109] - Listing resources
2026-04-17 02:31:50,461 - mcp.server.lowlevel.server - DEBUG - [server.py:790] - Response sent
2026-04-17 02:31:50,461 - mcp.server.lowlevel.server - DEBUG - [server.py:675] - Received message: <mcp.shared.session.RequestResponder object at 0x00000153B4F81750>
2026-04-17 02:31:50,462 - mcp.server.lowlevel.server - INFO - [server.py:720] - Processing request of type ListResourceTemplatesRequest
2026-04-17 02:31:50,462 - mcp.server.lowlevel.server - DEBUG - [server.py:723] - Dispatching request of type ListResourceTemplatesRequest
2026-04-17 02:31:50,462 - mcp.server.fastmcp.resources.resource_manager - DEBUG - [resource_manager.py:114] - Listing templates
2026-04-17 02:31:50,463 - mcp.server.lowlevel.server - DEBUG - [server.py:790] - Response sent
2026-04-17 02:31:50,463 - mcp.server.lowlevel.server - DEBUG - [server.py:790] - Response sent
2026-04-17 02:33:06,663 - UnrealMCP_Advanced - INFO - [unreal_mcp_server_advanced.py:371] - Unreal connection reset
2026-04-17 02:33:06,663 - UnrealMCP_Advanced - INFO - [unreal_mcp_server_advanced.py:383] - Unreal MCP Advanced server shut down
2026-04-17 02:34:12,241 - mcp.server.lowlevel.server - DEBUG - [server.py:162] - Initializing server 'UnrealMCP_Advanced'
2026-04-17 02:34:12,241 - mcp.server.lowlevel.server - DEBUG - [server.py:439] - Registering handler for ListToolsRequest
2026-04-17 02:34:12,242 - mcp.server.lowlevel.server - DEBUG - [server.py:519] - Registering handler for CallToolRequest
2026-04-17 02:34:12,242 - mcp.server.lowlevel.server - DEBUG - [server.py:301] - Registering handler for ListResourcesRequest
2026-04-17 02:34:12,242 - mcp.server.lowlevel.server - DEBUG - [server.py:336] - Registering handler for ReadResourceRequest
2026-04-17 02:34:12,242 - mcp.server.lowlevel.server - DEBUG - [server.py:263] - Registering handler for PromptListRequest
2026-04-17 02:34:12,242 - mcp.server.lowlevel.server - DEBUG - [server.py:285] - Registering handler for GetPromptRequest
2026-04-17 02:34:12,242 - mcp.server.lowlevel.server - DEBUG - [server.py:321] - Registering handler for ListResourceTemplatesRequest
2026-04-17 02:34:12,378 - UnrealMCP_Advanced - INFO - [unreal_mcp_server_advanced.py:2744] - Starting Advanced MCP server with stdio transport
2026-04-17 02:34:12,383 - asyncio - DEBUG - [proactor_events.py:633] - Using proactor: IocpProactor
2026-04-17 02:34:12,389 - UnrealMCP_Advanced - INFO - [unreal_mcp_server_advanced.py:376] - UnrealMCP Advanced server starting up
2026-04-17 02:34:12,389 - UnrealMCP_Advanced - INFO - [unreal_mcp_server_advanced.py:377] - Connection will be established lazily on first tool call
2026-04-17 02:34:12,399 - mcp.server.lowlevel.server - DEBUG - [server.py:675] - Received message: root=InitializedNotification(method='notifications/initialized', params=None, jsonrpc='2.0')
2026-04-17 02:34:12,401 - mcp.server.lowlevel.server - DEBUG - [server.py:675] - Received message: <mcp.shared.session.RequestResponder object at 0x000002B620F60710>
2026-04-17 02:34:12,402 - mcp.server.lowlevel.server - INFO - [server.py:720] - Processing request of type ListToolsRequest
2026-04-17 02:34:12,402 - mcp.server.lowlevel.server - DEBUG - [server.py:723] - Dispatching request of type ListToolsRequest
2026-04-17 02:34:12,403 - mcp.server.lowlevel.server - DEBUG - [server.py:790] - Response sent
2026-04-17 02:34:12,404 - mcp.server.lowlevel.server - DEBUG - [server.py:675] - Received message: <mcp.shared.session.RequestResponder object at 0x000002B620FB33D0>
2026-04-17 02:34:12,404 - mcp.server.lowlevel.server - INFO - [server.py:720] - Processing request of type ListPromptsRequest
2026-04-17 02:34:12,405 - mcp.server.lowlevel.server - DEBUG - [server.py:723] - Dispatching request of type ListPromptsRequest
2026-04-17 02:34:12,406 - mcp.server.lowlevel.server - DEBUG - [server.py:675] - Received message: <mcp.shared.session.RequestResponder object at 0x000002B620F97710>
2026-04-17 02:34:12,406 - mcp.server.lowlevel.server - INFO - [server.py:720] - Processing request of type ListResourcesRequest
2026-04-17 02:34:12,406 - mcp.server.lowlevel.server - DEBUG - [server.py:723] - Dispatching request of type ListResourcesRequest
2026-04-17 02:34:12,406 - mcp.server.fastmcp.resources.resource_manager - DEBUG - [resource_manager.py:109] - Listing resources
2026-04-17 02:34:12,407 - mcp.server.lowlevel.server - DEBUG - [server.py:790] - Response sent
2026-04-17 02:34:12,408 - mcp.server.lowlevel.server - DEBUG - [server.py:675] - Received message: <mcp.shared.session.RequestResponder object at 0x000002B620FBBB50>
2026-04-17 02:34:12,408 - mcp.server.lowlevel.server - INFO - [server.py:720] - Processing request of type ListResourceTemplatesRequest
2026-04-17 02:34:12,408 - mcp.server.lowlevel.server - DEBUG - [server.py:723] - Dispatching request of type ListResourceTemplatesRequest
2026-04-17 02:34:12,408 - mcp.server.fastmcp.resources.resource_manager - DEBUG - [resource_manager.py:114] - Listing templates
2026-04-17 02:34:12,408 - mcp.server.lowlevel.server - DEBUG - [server.py:790] - Response sent
2026-04-17 02:34:12,410 - mcp.server.lowlevel.server - DEBUG - [server.py:790] - Response sent
2026-04-17 02:38:40,015 - UnrealMCP_Advanced - INFO - [unreal_mcp_server_advanced.py:371] - Unreal connection reset
2026-04-17 02:38:40,015 - UnrealMCP_Advanced - INFO - [unreal_mcp_server_advanced.py:383] - Unreal MCP Advanced server shut down
2026-04-17 02:39:03,556 - mcp.server.lowlevel.server - DEBUG - [server.py:162] - Initializing server 'UnrealMCP_Advanced'
2026-04-17 02:39:03,557 - mcp.server.lowlevel.server - DEBUG - [server.py:439] - Registering handler for ListToolsRequest
2026-04-17 02:39:03,557 - mcp.server.lowlevel.server - DEBUG - [server.py:519] - Registering handler for CallToolRequest
2026-04-17 02:39:03,557 - mcp.server.lowlevel.server - DEBUG - [server.py:301] - Registering handler for ListResourcesRequest
2026-04-17 02:39:03,557 - mcp.server.lowlevel.server - DEBUG - [server.py:336] - Registering handler for ReadResourceRequest
2026-04-17 02:39:03,557 - mcp.server.lowlevel.server - DEBUG - [server.py:263] - Registering handler for PromptListRequest
2026-04-17 02:39:03,558 - mcp.server.lowlevel.server - DEBUG - [server.py:285] - Registering handler for GetPromptRequest
2026-04-17 02:39:03,558 - mcp.server.lowlevel.server - DEBUG - [server.py:321] - Registering handler for ListResourceTemplatesRequest
2026-04-17 02:39:03,739 - UnrealMCP_Advanced - INFO - [unreal_mcp_server_advanced.py:2744] - Starting Advanced MCP server with stdio transport
2026-04-17 02:39:03,746 - asyncio - DEBUG - [proactor_events.py:633] - Using proactor: IocpProactor
2026-04-17 02:39:03,752 - UnrealMCP_Advanced - INFO - [unreal_mcp_server_advanced.py:376] - UnrealMCP Advanced server starting up
2026-04-17 02:39:03,752 - UnrealMCP_Advanced - INFO - [unreal_mcp_server_advanced.py:377] - Connection will be established lazily on first tool call
2026-04-17 02:39:03,763 - mcp.server.lowlevel.server - DEBUG - [server.py:675] - Received message: root=InitializedNotification(method='notifications/initialized', params=None, jsonrpc='2.0')
2026-04-17 02:39:03,765 - mcp.server.lowlevel.server - DEBUG - [server.py:675] - Received message: <mcp.shared.session.RequestResponder object at 0x00000207FB37E010>
2026-04-17 02:39:03,765 - mcp.server.lowlevel.server - INFO - [server.py:720] - Processing request of type ListToolsRequest
2026-04-17 02:39:03,765 - mcp.server.lowlevel.server - DEBUG - [server.py:723] - Dispatching request of type ListToolsRequest
2026-04-17 02:39:03,767 - mcp.server.lowlevel.server - DEBUG - [server.py:790] - Response sent
2026-04-17 02:39:03,768 - mcp.server.lowlevel.server - DEBUG - [server.py:675] - Received message: <mcp.shared.session.RequestResponder object at 0x00000207FB334210>
2026-04-17 02:39:03,768 - mcp.server.lowlevel.server - INFO - [server.py:720] - Processing request of type ListPromptsRequest
2026-04-17 02:39:03,768 - mcp.server.lowlevel.server - DEBUG - [server.py:723] - Dispatching request of type ListPromptsRequest
2026-04-17 02:39:03,769 - mcp.server.lowlevel.server - DEBUG - [server.py:675] - Received message: <mcp.shared.session.RequestResponder object at 0x00000207FB3634D0>
2026-04-17 02:39:03,770 - mcp.server.lowlevel.server - INFO - [server.py:720] - Processing request of type ListResourcesRequest
2026-04-17 02:39:03,770 - mcp.server.lowlevel.server - DEBUG - [server.py:723] - Dispatching request of type ListResourcesRequest
2026-04-17 02:39:03,770 - mcp.server.fastmcp.resources.resource_manager - DEBUG - [resource_manager.py:109] - Listing resources
2026-04-17 02:39:03,771 - mcp.server.lowlevel.server - DEBUG - [server.py:790] - Response sent
2026-04-17 02:39:03,771 - mcp.server.lowlevel.server - DEBUG - [server.py:675] - Received message: <mcp.shared.session.RequestResponder object at 0x00000207FB35AA90>
2026-04-17 02:39:03,772 - mcp.server.lowlevel.server - INFO - [server.py:720] - Processing request of type ListResourceTemplatesRequest
2026-04-17 02:39:03,772 - mcp.server.lowlevel.server - DEBUG - [server.py:723] - Dispatching request of type ListResourceTemplatesRequest
2026-04-17 02:39:03,772 - mcp.server.fastmcp.resources.resource_manager - DEBUG - [resource_manager.py:114] - Listing templates
2026-04-17 02:39:03,772 - mcp.server.lowlevel.server - DEBUG - [server.py:790] - Response sent
2026-04-17 02:39:03,773 - mcp.server.lowlevel.server - DEBUG - [server.py:790] - Response sent
2026-04-17 03:25:04,350 - UnrealMCP_Advanced - INFO - [unreal_mcp_server_advanced.py:371] - Unreal connection reset
2026-04-17 03:25:04,352 - UnrealMCP_Advanced - INFO - [unreal_mcp_server_advanced.py:383] - Unreal MCP Advanced server shut down
2026-04-17 13:00:28,250 - mcp.server.lowlevel.server - DEBUG - [server.py:162] - Initializing server 'UnrealMCP_Advanced'
2026-04-17 13:00:28,251 - mcp.server.lowlevel.server - DEBUG - [server.py:439] - Registering handler for ListToolsRequest
2026-04-17 13:00:28,251 - mcp.server.lowlevel.server - DEBUG - [server.py:519] - Registering handler for CallToolRequest
2026-04-17 13:00:28,251 - mcp.server.lowlevel.server - DEBUG - [server.py:301] - Registering handler for ListResourcesRequest
2026-04-17 13:00:28,251 - mcp.server.lowlevel.server - DEBUG - [server.py:336] - Registering handler for ReadResourceRequest
2026-04-17 13:00:28,252 - mcp.server.lowlevel.server - DEBUG - [server.py:263] - Registering handler for PromptListRequest
2026-04-17 13:00:28,252 - mcp.server.lowlevel.server - DEBUG - [server.py:285] - Registering handler for GetPromptRequest
2026-04-17 13:00:28,252 - mcp.server.lowlevel.server - DEBUG - [server.py:321] - Registering handler for ListResourceTemplatesRequest
2026-04-17 13:00:28,338 - UnrealMCP_Advanced - INFO - [unreal_mcp_server_advanced.py:2744] - Starting Advanced MCP server with stdio transport
2026-04-17 13:00:28,345 - asyncio - DEBUG - [proactor_events.py:633] - Using proactor: IocpProactor
2026-04-17 13:00:28,350 - UnrealMCP_Advanced - INFO - [unreal_mcp_server_advanced.py:376] - UnrealMCP Advanced server starting up
2026-04-17 13:00:28,350 - UnrealMCP_Advanced - INFO - [unreal_mcp_server_advanced.py:377] - Connection will be established lazily on first tool call
2026-04-17 13:00:28,360 - mcp.server.lowlevel.server - DEBUG - [server.py:675] - Received message: root=InitializedNotification(method='notifications/initialized', params=None, jsonrpc='2.0')
2026-04-17 13:00:28,362 - mcp.server.lowlevel.server - DEBUG - [server.py:675] - Received message: <mcp.shared.session.RequestResponder object at 0x0000020FCED6B650>
2026-04-17 13:00:28,363 - mcp.server.lowlevel.server - INFO - [server.py:720] - Processing request of type ListToolsRequest
2026-04-17 13:00:28,363 - mcp.server.lowlevel.server - DEBUG - [server.py:723] - Dispatching request of type ListToolsRequest
2026-04-17 13:00:28,364 - mcp.server.lowlevel.server - DEBUG - [server.py:790] - Response sent
2026-04-17 13:00:28,365 - mcp.server.lowlevel.server - DEBUG - [server.py:675] - Received message: <mcp.shared.session.RequestResponder object at 0x0000020FCEC06C10>
2026-04-17 13:00:28,366 - mcp.server.lowlevel.server - INFO - [server.py:720] - Processing request of type ListPromptsRequest
2026-04-17 13:00:28,366 - mcp.server.lowlevel.server - DEBUG - [server.py:723] - Dispatching request of type ListPromptsRequest
2026-04-17 13:00:28,367 - mcp.server.lowlevel.server - DEBUG - [server.py:675] - Received message: <mcp.shared.session.RequestResponder object at 0x0000020FCE947F50>
2026-04-17 13:00:28,367 - mcp.server.lowlevel.server - INFO - [server.py:720] - Processing request of type ListResourcesRequest
2026-04-17 13:00:28,367 - mcp.server.lowlevel.server - DEBUG - [server.py:723] - Dispatching request of type ListResourcesRequest
2026-04-17 13:00:28,368 - mcp.server.fastmcp.resources.resource_manager - DEBUG - [resource_manager.py:109] - Listing resources
2026-04-17 13:00:28,368 - mcp.server.lowlevel.server - DEBUG - [server.py:790] - Response sent
2026-04-17 13:00:28,369 - mcp.server.lowlevel.server - DEBUG - [server.py:675] - Received message: <mcp.shared.session.RequestResponder object at 0x0000020FCED0C8D0>
2026-04-17 13:00:28,369 - mcp.server.lowlevel.server - INFO - [server.py:720] - Processing request of type ListResourceTemplatesRequest
2026-04-17 13:00:28,369 - mcp.server.lowlevel.server - DEBUG - [server.py:723] - Dispatching request of type ListResourceTemplatesRequest
2026-04-17 13:00:28,369 - mcp.server.fastmcp.resources.resource_manager - DEBUG - [resource_manager.py:114] - Listing templates
2026-04-17 13:00:28,369 - mcp.server.lowlevel.server - DEBUG - [server.py:790] - Response sent
2026-04-17 13:00:28,371 - mcp.server.lowlevel.server - DEBUG - [server.py:790] - Response sent
2026-04-17 13:11:01,207 - UnrealMCP_Advanced - INFO - [unreal_mcp_server_advanced.py:371] - Unreal connection reset
2026-04-17 13:11:01,207 - UnrealMCP_Advanced - INFO - [unreal_mcp_server_advanced.py:383] - Unreal MCP Advanced server shut down
2026-04-17 13:11:02,376 - mcp.server.lowlevel.server - DEBUG - [server.py:162] - Initializing server 'UnrealMCP_Advanced'
2026-04-17 13:11:02,376 - mcp.server.lowlevel.server - DEBUG - [server.py:439] - Registering handler for ListToolsRequest
2026-04-17 13:11:02,376 - mcp.server.lowlevel.server - DEBUG - [server.py:519] - Registering handler for CallToolRequest
2026-04-17 13:11:02,376 - mcp.server.lowlevel.server - DEBUG - [server.py:301] - Registering handler for ListResourcesRequest
2026-04-17 13:11:02,376 - mcp.server.lowlevel.server - DEBUG - [server.py:336] - Registering handler for ReadResourceRequest
2026-04-17 13:11:02,376 - mcp.server.lowlevel.server - DEBUG - [server.py:263] - Registering handler for PromptListRequest
2026-04-17 13:11:02,376 - mcp.server.lowlevel.server - DEBUG - [server.py:285] - Registering handler for GetPromptRequest
2026-04-17 13:11:02,376 - mcp.server.lowlevel.server - DEBUG - [server.py:321] - Registering handler for ListResourceTemplatesRequest
2026-04-17 13:11:02,439 - UnrealMCP_Advanced - INFO - [unreal_mcp_server_advanced.py:2744] - Starting Advanced MCP server with stdio transport
2026-04-17 13:11:02,443 - asyncio - DEBUG - [proactor_events.py:633] - Using proactor: IocpProactor
2026-04-17 13:11:02,446 - UnrealMCP_Advanced - INFO - [unreal_mcp_server_advanced.py:376] - UnrealMCP Advanced server starting up
2026-04-17 13:11:02,446 - UnrealMCP_Advanced - INFO - [unreal_mcp_server_advanced.py:377] - Connection will be established lazily on first tool call
2026-04-17 13:11:02,450 - mcp.server.lowlevel.server - DEBUG - [server.py:675] - Received message: root=InitializedNotification(method='notifications/initialized', params=None, jsonrpc='2.0')
2026-04-17 13:11:02,451 - mcp.server.lowlevel.server - DEBUG - [server.py:675] - Received message: <mcp.shared.session.RequestResponder object at 0x000001D69E28A190>
2026-04-17 13:11:02,451 - mcp.server.lowlevel.server - INFO - [server.py:720] - Processing request of type ListToolsRequest
2026-04-17 13:11:02,451 - mcp.server.lowlevel.server - DEBUG - [server.py:723] - Dispatching request of type ListToolsRequest
2026-04-17 13:11:02,452 - mcp.server.lowlevel.server - DEBUG - [server.py:790] - Response sent
2026-04-17 13:11:02,453 - mcp.server.lowlevel.server - DEBUG - [server.py:675] - Received message: <mcp.shared.session.RequestResponder object at 0x000001D69E1DF710>
2026-04-17 13:11:02,453 - mcp.server.lowlevel.server - INFO - [server.py:720] - Processing request of type ListPromptsRequest
2026-04-17 13:11:02,453 - mcp.server.lowlevel.server - DEBUG - [server.py:723] - Dispatching request of type ListPromptsRequest
2026-04-17 13:11:02,453 - mcp.server.lowlevel.server - DEBUG - [server.py:675] - Received message: <mcp.shared.session.RequestResponder object at 0x000001D69E168650>
2026-04-17 13:11:02,454 - mcp.server.lowlevel.server - INFO - [server.py:720] - Processing request of type ListResourcesRequest
2026-04-17 13:11:02,454 - mcp.server.lowlevel.server - DEBUG - [server.py:723] - Dispatching request of type ListResourcesRequest
2026-04-17 13:11:02,454 - mcp.server.fastmcp.resources.resource_manager - DEBUG - [resource_manager.py:109] - Listing resources
2026-04-17 13:11:02,454 - mcp.server.lowlevel.server - DEBUG - [server.py:790] - Response sent
2026-04-17 13:11:02,454 - mcp.server.lowlevel.server - DEBUG - [server.py:675] - Received message: <mcp.shared.session.RequestResponder object at 0x000001D69E2848D0>
2026-04-17 13:11:02,455 - mcp.server.lowlevel.server - INFO - [server.py:720] - Processing request of type ListResourceTemplatesRequest
2026-04-17 13:11:02,455 - mcp.server.lowlevel.server - DEBUG - [server.py:723] - Dispatching request of type ListResourceTemplatesRequest
2026-04-17 13:11:02,455 - mcp.server.fastmcp.resources.resource_manager - DEBUG - [resource_manager.py:114] - Listing templates
2026-04-17 13:11:02,455 - mcp.server.lowlevel.server - DEBUG - [server.py:790] - Response sent
2026-04-17 13:11:02,456 - mcp.server.lowlevel.server - DEBUG - [server.py:790] - Response sent
2026-04-18 13:19:49,361 - mcp.server.lowlevel.server - DEBUG - [server.py:162] - Initializing server 'UnrealMCP_Advanced'
2026-04-18 13:19:49,362 - mcp.server.lowlevel.server - DEBUG - [server.py:439] - Registering handler for ListToolsRequest
2026-04-18 13:19:49,362 - mcp.server.lowlevel.server - DEBUG - [server.py:519] - Registering handler for CallToolRequest
2026-04-18 13:19:49,362 - mcp.server.lowlevel.server - DEBUG - [server.py:301] - Registering handler for ListResourcesRequest
2026-04-18 13:19:49,362 - mcp.server.lowlevel.server - DEBUG - [server.py:336] - Registering handler for ReadResourceRequest
2026-04-18 13:19:49,362 - mcp.server.lowlevel.server - DEBUG - [server.py:263] - Registering handler for PromptListRequest
2026-04-18 13:19:49,363 - mcp.server.lowlevel.server - DEBUG - [server.py:285] - Registering handler for GetPromptRequest
2026-04-18 13:19:49,363 - mcp.server.lowlevel.server - DEBUG - [server.py:321] - Registering handler for ListResourceTemplatesRequest
2026-04-18 13:19:49,450 - UnrealMCP_Advanced - INFO - [unreal_mcp_server_advanced.py:2744] - Starting Advanced MCP server with stdio transport
2026-04-18 13:19:49,456 - asyncio - DEBUG - [proactor_events.py:633] - Using proactor: IocpProactor
2026-04-18 13:19:49,459 - UnrealMCP_Advanced - INFO - [unreal_mcp_server_advanced.py:376] - UnrealMCP Advanced server starting up
2026-04-18 13:19:49,459 - UnrealMCP_Advanced - INFO - [unreal_mcp_server_advanced.py:377] - Connection will be established lazily on first tool call
2026-04-18 13:19:49,469 - mcp.server.lowlevel.server - DEBUG - [server.py:675] - Received message: root=InitializedNotification(method='notifications/initialized', params=None, jsonrpc='2.0')
2026-04-18 13:19:49,470 - mcp.server.lowlevel.server - DEBUG - [server.py:675] - Received message: <mcp.shared.session.RequestResponder object at 0x000001A649703210>
2026-04-18 13:19:49,470 - mcp.server.lowlevel.server - INFO - [server.py:720] - Processing request of type ListToolsRequest
2026-04-18 13:19:49,471 - mcp.server.lowlevel.server - DEBUG - [server.py:723] - Dispatching request of type ListToolsRequest
2026-04-18 13:19:49,472 - mcp.server.lowlevel.server - DEBUG - [server.py:790] - Response sent
2026-04-18 13:19:49,473 - mcp.server.lowlevel.server - DEBUG - [server.py:675] - Received message: <mcp.shared.session.RequestResponder object at 0x000001A649950FD0>
2026-04-18 13:19:49,474 - mcp.server.lowlevel.server - INFO - [server.py:720] - Processing request of type ListPromptsRequest
2026-04-18 13:19:49,474 - mcp.server.lowlevel.server - DEBUG - [server.py:723] - Dispatching request of type ListPromptsRequest
2026-04-18 13:19:49,474 - mcp.server.lowlevel.server - DEBUG - [server.py:675] - Received message: <mcp.shared.session.RequestResponder object at 0x000001A649A0B490>
2026-04-18 13:19:49,474 - mcp.server.lowlevel.server - INFO - [server.py:720] - Processing request of type ListResourcesRequest
2026-04-18 13:19:49,475 - mcp.server.lowlevel.server - DEBUG - [server.py:723] - Dispatching request of type ListResourcesRequest
2026-04-18 13:19:49,475 - mcp.server.fastmcp.resources.resource_manager - DEBUG - [resource_manager.py:109] - Listing resources
2026-04-18 13:19:49,475 - mcp.server.lowlevel.server - DEBUG - [server.py:790] - Response sent
2026-04-18 13:19:49,475 - mcp.server.lowlevel.server - DEBUG - [server.py:675] - Received message: <mcp.shared.session.RequestResponder object at 0x000001A649A648D0>
2026-04-18 13:19:49,476 - mcp.server.lowlevel.server - INFO - [server.py:720] - Processing request of type ListResourceTemplatesRequest
2026-04-18 13:19:49,476 - mcp.server.lowlevel.server - DEBUG - [server.py:723] - Dispatching request of type ListResourceTemplatesRequest
2026-04-18 13:19:49,476 - mcp.server.fastmcp.resources.resource_manager - DEBUG - [resource_manager.py:114] - Listing templates
2026-04-18 13:19:49,476 - mcp.server.lowlevel.server - DEBUG - [server.py:790] - Response sent
2026-04-18 13:19:49,477 - mcp.server.lowlevel.server - DEBUG - [server.py:790] - Response sent
2026-04-19 00:23:21,473 - UnrealMCP_Advanced - INFO - [unreal_mcp_server_advanced.py:371] - Unreal connection reset
2026-04-19 00:23:21,473 - UnrealMCP_Advanced - INFO - [unreal_mcp_server_advanced.py:383] - Unreal MCP Advanced server shut down
2026-04-19 00:24:16,003 - mcp.server.lowlevel.server - DEBUG - [server.py:162] - Initializing server 'UnrealMCP_Advanced'
2026-04-19 00:24:16,004 - mcp.server.lowlevel.server - DEBUG - [server.py:439] - Registering handler for ListToolsRequest
2026-04-19 00:24:16,004 - mcp.server.lowlevel.server - DEBUG - [server.py:519] - Registering handler for CallToolRequest
2026-04-19 00:24:16,004 - mcp.server.lowlevel.server - DEBUG - [server.py:301] - Registering handler for ListResourcesRequest
2026-04-19 00:24:16,004 - mcp.server.lowlevel.server - DEBUG - [server.py:336] - Registering handler for ReadResourceRequest
2026-04-19 00:24:16,004 - mcp.server.lowlevel.server - DEBUG - [server.py:263] - Registering handler for PromptListRequest
2026-04-19 00:24:16,004 - mcp.server.lowlevel.server - DEBUG - [server.py:285] - Registering handler for GetPromptRequest
2026-04-19 00:24:16,004 - mcp.server.lowlevel.server - DEBUG - [server.py:321] - Registering handler for ListResourceTemplatesRequest
2026-04-19 00:24:16,119 - UnrealMCP_Advanced - INFO - [unreal_mcp_server_advanced.py:2744] - Starting Advanced MCP server with stdio transport
2026-04-19 00:24:16,124 - asyncio - DEBUG - [proactor_events.py:633] - Using proactor: IocpProactor
2026-04-19 00:24:16,129 - UnrealMCP_Advanced - INFO - [unreal_mcp_server_advanced.py:376] - UnrealMCP Advanced server starting up
2026-04-19 00:24:16,129 - UnrealMCP_Advanced - INFO - [unreal_mcp_server_advanced.py:377] - Connection will be established lazily on first tool call
2026-04-19 00:24:16,148 - mcp.server.lowlevel.server - DEBUG - [server.py:675] - Received message: root=InitializedNotification(method='notifications/initialized', params=None, jsonrpc='2.0')
2026-04-19 00:24:16,149 - mcp.server.lowlevel.server - DEBUG - [server.py:675] - Received message: <mcp.shared.session.RequestResponder object at 0x0000029B8253D210>
2026-04-19 00:24:16,149 - mcp.server.lowlevel.server - INFO - [server.py:720] - Processing request of type ListToolsRequest
2026-04-19 00:24:16,149 - mcp.server.lowlevel.server - DEBUG - [server.py:723] - Dispatching request of type ListToolsRequest
2026-04-19 00:24:16,150 - mcp.server.lowlevel.server - DEBUG - [server.py:790] - Response sent
2026-04-19 00:24:16,151 - mcp.server.lowlevel.server - DEBUG - [server.py:675] - Received message: <mcp.shared.session.RequestResponder object at 0x0000029B8252A310>
2026-04-19 00:24:16,152 - mcp.server.lowlevel.server - INFO - [server.py:720] - Processing request of type ListPromptsRequest
2026-04-19 00:24:16,152 - mcp.server.lowlevel.server - DEBUG - [server.py:723] - Dispatching request of type ListPromptsRequest
2026-04-19 00:24:16,152 - mcp.server.lowlevel.server - DEBUG - [server.py:675] - Received message: <mcp.shared.session.RequestResponder object at 0x0000029B82513490>
2026-04-19 00:24:16,152 - mcp.server.lowlevel.server - INFO - [server.py:720] - Processing request of type ListResourcesRequest
2026-04-19 00:24:16,152 - mcp.server.lowlevel.server - DEBUG - [server.py:723] - Dispatching request of type ListResourcesRequest
2026-04-19 00:24:16,152 - mcp.server.fastmcp.resources.resource_manager - DEBUG - [resource_manager.py:109] - Listing resources
2026-04-19 00:24:16,153 - mcp.server.lowlevel.server - DEBUG - [server.py:790] - Response sent
2026-04-19 00:24:16,153 - mcp.server.lowlevel.server - DEBUG - [server.py:675] - Received message: <mcp.shared.session.RequestResponder object at 0x0000029B824A48D0>
2026-04-19 00:24:16,154 - mcp.server.lowlevel.server - INFO - [server.py:720] - Processing request of type ListResourceTemplatesRequest
2026-04-19 00:24:16,154 - mcp.server.lowlevel.server - DEBUG - [server.py:723] - Dispatching request of type ListResourceTemplatesRequest
2026-04-19 00:24:16,154 - mcp.server.fastmcp.resources.resource_manager - DEBUG - [resource_manager.py:114] - Listing templates
2026-04-19 00:24:16,154 - mcp.server.lowlevel.server - DEBUG - [server.py:790] - Response sent
2026-04-19 00:24:16,155 - mcp.server.lowlevel.server - DEBUG - [server.py:790] - Response sent
2026-04-19 01:13:09,760 - mcp.server.lowlevel.server - DEBUG - [server.py:162] - Initializing server 'UnrealMCP_Advanced'
2026-04-19 01:13:09,760 - mcp.server.lowlevel.server - DEBUG - [server.py:439] - Registering handler for ListToolsRequest
2026-04-19 01:13:09,760 - mcp.server.lowlevel.server - DEBUG - [server.py:519] - Registering handler for CallToolRequest
2026-04-19 01:13:09,760 - mcp.server.lowlevel.server - DEBUG - [server.py:301] - Registering handler for ListResourcesRequest
2026-04-19 01:13:09,761 - mcp.server.lowlevel.server - DEBUG - [server.py:336] - Registering handler for ReadResourceRequest
2026-04-19 01:13:09,761 - mcp.server.lowlevel.server - DEBUG - [server.py:263] - Registering handler for PromptListRequest
2026-04-19 01:13:09,761 - mcp.server.lowlevel.server - DEBUG - [server.py:285] - Registering handler for GetPromptRequest
2026-04-19 01:13:09,761 - mcp.server.lowlevel.server - DEBUG - [server.py:321] - Registering handler for ListResourceTemplatesRequest
2026-04-19 01:13:09,867 - UnrealMCP_Advanced - INFO - [unreal_mcp_server_advanced.py:2744] - Starting Advanced MCP server with stdio transport
2026-04-19 01:13:09,872 - asyncio - DEBUG - [proactor_events.py:633] - Using proactor: IocpProactor
2026-04-19 01:13:09,877 - UnrealMCP_Advanced - INFO - [unreal_mcp_server_advanced.py:376] - UnrealMCP Advanced server starting up
2026-04-19 01:13:09,877 - UnrealMCP_Advanced - INFO - [unreal_mcp_server_advanced.py:377] - Connection will be established lazily on first tool call
2026-04-19 01:13:09,885 - mcp.server.lowlevel.server - DEBUG - [server.py:675] - Received message: root=InitializedNotification(method='notifications/initialized', params=None, jsonrpc='2.0')
2026-04-19 01:13:09,886 - mcp.server.lowlevel.server - DEBUG - [server.py:675] - Received message: <mcp.shared.session.RequestResponder object at 0x00000210DF886150>
2026-04-19 01:13:09,886 - mcp.server.lowlevel.server - INFO - [server.py:720] - Processing request of type ListToolsRequest
2026-04-19 01:13:09,886 - mcp.server.lowlevel.server - DEBUG - [server.py:723] - Dispatching request of type ListToolsRequest
2026-04-19 01:13:09,887 - mcp.server.lowlevel.server - DEBUG - [server.py:790] - Response sent
2026-04-19 01:13:09,888 - mcp.server.lowlevel.server - DEBUG - [server.py:675] - Received message: <mcp.shared.session.RequestResponder object at 0x00000210DF761D50>
2026-04-19 01:13:09,889 - mcp.server.lowlevel.server - INFO - [server.py:720] - Processing request of type ListPromptsRequest
2026-04-19 01:13:09,889 - mcp.server.lowlevel.server - DEBUG - [server.py:723] - Dispatching request of type ListPromptsRequest
2026-04-19 01:13:09,889 - mcp.server.lowlevel.server - DEBUG - [server.py:675] - Received message: <mcp.shared.session.RequestResponder object at 0x00000210DF78B490>
2026-04-19 01:13:09,890 - mcp.server.lowlevel.server - INFO - [server.py:720] - Processing request of type ListResourcesRequest
2026-04-19 01:13:09,890 - mcp.server.lowlevel.server - DEBUG - [server.py:723] - Dispatching request of type ListResourcesRequest
2026-04-19 01:13:09,890 - mcp.server.fastmcp.resources.resource_manager - DEBUG - [resource_manager.py:109] - Listing resources
2026-04-19 01:13:09,890 - mcp.server.lowlevel.server - DEBUG - [server.py:790] - Response sent
2026-04-19 01:13:09,890 - mcp.server.lowlevel.server - DEBUG - [server.py:675] - Received message: <mcp.shared.session.RequestResponder object at 0x00000210DF7C48D0>
2026-04-19 01:13:09,891 - mcp.server.lowlevel.server - INFO - [server.py:720] - Processing request of type ListResourceTemplatesRequest
2026-04-19 01:13:09,891 - mcp.server.lowlevel.server - DEBUG - [server.py:723] - Dispatching request of type ListResourceTemplatesRequest
2026-04-19 01:13:09,891 - mcp.server.fastmcp.resources.resource_manager - DEBUG - [resource_manager.py:114] - Listing templates
2026-04-19 01:13:09,892 - mcp.server.lowlevel.server - DEBUG - [server.py:790] - Response sent
2026-04-19 01:13:09,892 - mcp.server.lowlevel.server - DEBUG - [server.py:790] - Response sent
2026-04-19 01:25:27,213 - UnrealMCP_Advanced - INFO - [unreal_mcp_server_advanced.py:371] - Unreal connection reset
2026-04-19 01:25:27,213 - UnrealMCP_Advanced - INFO - [unreal_mcp_server_advanced.py:383] - Unreal MCP Advanced server shut down
2026-04-19 04:16:55,917 - mcp.server.lowlevel.server - DEBUG - [server.py:162] - Initializing server 'UnrealMCP_Advanced'
2026-04-19 04:16:55,917 - mcp.server.lowlevel.server - DEBUG - [server.py:439] - Registering handler for ListToolsRequest
2026-04-19 04:16:55,918 - mcp.server.lowlevel.server - DEBUG - [server.py:519] - Registering handler for CallToolRequest
2026-04-19 04:16:55,918 - mcp.server.lowlevel.server - DEBUG - [server.py:301] - Registering handler for ListResourcesRequest
2026-04-19 04:16:55,918 - mcp.server.lowlevel.server - DEBUG - [server.py:336] - Registering handler for ReadResourceRequest
2026-04-19 04:16:55,918 - mcp.server.lowlevel.server - DEBUG - [server.py:263] - Registering handler for PromptListRequest
2026-04-19 04:16:55,918 - mcp.server.lowlevel.server - DEBUG - [server.py:285] - Registering handler for GetPromptRequest
2026-04-19 04:16:55,918 - mcp.server.lowlevel.server - DEBUG - [server.py:321] - Registering handler for ListResourceTemplatesRequest
2026-04-19 04:16:56,112 - UnrealMCP_Advanced - INFO - [unreal_mcp_server_advanced.py:2744] - Starting Advanced MCP server with stdio transport
2026-04-19 04:16:56,120 - asyncio - DEBUG - [proactor_events.py:633] - Using proactor: IocpProactor
2026-04-19 04:16:56,124 - UnrealMCP_Advanced - INFO - [unreal_mcp_server_advanced.py:376] - UnrealMCP Advanced server starting up
2026-04-19 04:16:56,124 - UnrealMCP_Advanced - INFO - [unreal_mcp_server_advanced.py:377] - Connection will be established lazily on first tool call
2026-04-19 04:16:56,706 - mcp.server.lowlevel.server - DEBUG - [server.py:675] - Received message: root=InitializedNotification(method='notifications/initialized', params=None, jsonrpc='2.0')
2026-04-19 04:16:56,734 - mcp.server.lowlevel.server - DEBUG - [server.py:675] - Received message: <mcp.shared.session.RequestResponder object at 0x000001BEB4B22150>
2026-04-19 04:16:56,734 - mcp.server.lowlevel.server - INFO - [server.py:720] - Processing request of type ListToolsRequest
2026-04-19 04:16:56,734 - mcp.server.lowlevel.server - DEBUG - [server.py:723] - Dispatching request of type ListToolsRequest
2026-04-19 04:16:56,735 - mcp.server.lowlevel.server - DEBUG - [server.py:790] - Response sent
2026-04-19 04:16:56,765 - mcp.server.lowlevel.server - DEBUG - [server.py:675] - Received message: <mcp.shared.session.RequestResponder object at 0x000001BEB4BD4210>
2026-04-19 04:16:56,766 - mcp.server.lowlevel.server - INFO - [server.py:720] - Processing request of type ListPromptsRequest
2026-04-19 04:16:56,766 - mcp.server.lowlevel.server - DEBUG - [server.py:723] - Dispatching request of type ListPromptsRequest
2026-04-19 04:16:56,766 - mcp.server.lowlevel.server - DEBUG - [server.py:790] - Response sent
2026-04-19 04:16:56,767 - mcp.server.lowlevel.server - DEBUG - [server.py:675] - Received message: <mcp.shared.session.RequestResponder object at 0x000001BEB4B37710>
2026-04-19 04:16:56,767 - mcp.server.lowlevel.server - INFO - [server.py:720] - Processing request of type ListResourcesRequest
2026-04-19 04:16:56,767 - mcp.server.lowlevel.server - DEBUG - [server.py:723] - Dispatching request of type ListResourcesRequest
2026-04-19 04:16:56,767 - mcp.server.fastmcp.resources.resource_manager - DEBUG - [resource_manager.py:109] - Listing resources
2026-04-19 04:16:56,768 - mcp.server.lowlevel.server - DEBUG - [server.py:675] - Received message: <mcp.shared.session.RequestResponder object at 0x000001BEB4B9C8D0>
2026-04-19 04:16:56,768 - mcp.server.lowlevel.server - INFO - [server.py:720] - Processing request of type ListResourceTemplatesRequest
2026-04-19 04:16:56,768 - mcp.server.lowlevel.server - DEBUG - [server.py:723] - Dispatching request of type ListResourceTemplatesRequest
2026-04-19 04:16:56,768 - mcp.server.fastmcp.resources.resource_manager - DEBUG - [resource_manager.py:114] - Listing templates
2026-04-19 04:16:56,769 - mcp.server.lowlevel.server - DEBUG - [server.py:790] - Response sent
2026-04-19 04:16:56,770 - mcp.server.lowlevel.server - DEBUG - [server.py:790] - Response sent
2026-04-19 04:19:16,648 - UnrealMCP_Advanced - INFO - [unreal_mcp_server_advanced.py:371] - Unreal connection reset
2026-04-19 04:19:16,648 - UnrealMCP_Advanced - INFO - [unreal_mcp_server_advanced.py:383] - Unreal MCP Advanced server shut down
2026-04-19 04:20:58,038 - mcp.server.lowlevel.server - DEBUG - [server.py:162] - Initializing server 'UnrealMCP_Advanced'
2026-04-19 04:20:58,039 - mcp.server.lowlevel.server - DEBUG - [server.py:439] - Registering handler for ListToolsRequest
2026-04-19 04:20:58,039 - mcp.server.lowlevel.server - DEBUG - [server.py:519] - Registering handler for CallToolRequest
2026-04-19 04:20:58,039 - mcp.server.lowlevel.server - DEBUG - [server.py:301] - Registering handler for ListResourcesRequest
2026-04-19 04:20:58,039 - mcp.server.lowlevel.server - DEBUG - [server.py:336] - Registering handler for ReadResourceRequest
2026-04-19 04:20:58,039 - mcp.server.lowlevel.server - DEBUG - [server.py:263] - Registering handler for PromptListRequest
2026-04-19 04:20:58,039 - mcp.server.lowlevel.server - DEBUG - [server.py:285] - Registering handler for GetPromptRequest
2026-04-19 04:20:58,039 - mcp.server.lowlevel.server - DEBUG - [server.py:321] - Registering handler for ListResourceTemplatesRequest
2026-04-19 04:20:58,306 - UnrealMCP_Advanced - INFO - [unreal_mcp_server_advanced.py:2744] - Starting Advanced MCP server with stdio transport
2026-04-19 04:20:58,317 - asyncio - DEBUG - [proactor_events.py:633] - Using proactor: IocpProactor
2026-04-19 04:20:58,323 - UnrealMCP_Advanced - INFO - [unreal_mcp_server_advanced.py:376] - UnrealMCP Advanced server starting up
2026-04-19 04:20:58,323 - UnrealMCP_Advanced - INFO - [unreal_mcp_server_advanced.py:377] - Connection will be established lazily on first tool call
2026-04-19 04:20:58,341 - mcp.server.lowlevel.server - DEBUG - [server.py:675] - Received message: root=InitializedNotification(method='notifications/initialized', params=None, jsonrpc='2.0')
2026-04-19 04:20:58,342 - mcp.server.lowlevel.server - DEBUG - [server.py:675] - Received message: <mcp.shared.session.RequestResponder object at 0x000001EBBE4C3090>
2026-04-19 04:20:58,343 - mcp.server.lowlevel.server - INFO - [server.py:720] - Processing request of type ListToolsRequest
2026-04-19 04:20:58,343 - mcp.server.lowlevel.server - DEBUG - [server.py:723] - Dispatching request of type ListToolsRequest
2026-04-19 04:20:58,345 - mcp.server.lowlevel.server - DEBUG - [server.py:790] - Response sent
2026-04-19 04:20:58,347 - mcp.server.lowlevel.server - DEBUG - [server.py:675] - Received message: <mcp.shared.session.RequestResponder object at 0x000001EBBE591550>
2026-04-19 04:20:58,348 - mcp.server.lowlevel.server - INFO - [server.py:720] - Processing request of type ListPromptsRequest
2026-04-19 04:20:58,348 - mcp.server.lowlevel.server - DEBUG - [server.py:723] - Dispatching request of type ListPromptsRequest
2026-04-19 04:20:58,350 - mcp.server.lowlevel.server - DEBUG - [server.py:675] - Received message: <mcp.shared.session.RequestResponder object at 0x000001EBBE51B490>
2026-04-19 04:20:58,350 - mcp.server.lowlevel.server - INFO - [server.py:720] - Processing request of type ListResourcesRequest
2026-04-19 04:20:58,351 - mcp.server.lowlevel.server - DEBUG - [server.py:723] - Dispatching request of type ListResourcesRequest
2026-04-19 04:20:58,351 - mcp.server.fastmcp.resources.resource_manager - DEBUG - [resource_manager.py:109] - Listing resources
2026-04-19 04:20:58,352 - mcp.server.lowlevel.server - DEBUG - [server.py:790] - Response sent
2026-04-19 04:20:58,353 - mcp.server.lowlevel.server - DEBUG - [server.py:675] - Received message: <mcp.shared.session.RequestResponder object at 0x000001EBBE4B5B90>
2026-04-19 04:20:58,353 - mcp.server.lowlevel.server - INFO - [server.py:720] - Processing request of type ListResourceTemplatesRequest
2026-04-19 04:20:58,353 - mcp.server.lowlevel.server - DEBUG - [server.py:723] - Dispatching request of type ListResourceTemplatesRequest
2026-04-19 04:20:58,354 - mcp.server.fastmcp.resources.resource_manager - DEBUG - [resource_manager.py:114] - Listing templates
2026-04-19 04:20:58,354 - mcp.server.lowlevel.server - DEBUG - [server.py:790] - Response sent
2026-04-19 04:20:58,355 - mcp.server.lowlevel.server - DEBUG - [server.py:790] - Response sent
2026-04-19 04:21:59,864 - UnrealMCP_Advanced - INFO - [unreal_mcp_server_advanced.py:371] - Unreal connection reset
2026-04-19 04:21:59,864 - UnrealMCP_Advanced - INFO - [unreal_mcp_server_advanced.py:383] - Unreal MCP Advanced server shut down
2026-04-19 12:23:45,614 - mcp.server.lowlevel.server - DEBUG - [server.py:162] - Initializing server 'UnrealMCP_Advanced'
2026-04-19 12:23:45,614 - mcp.server.lowlevel.server - DEBUG - [server.py:439] - Registering handler for ListToolsRequest
2026-04-19 12:23:45,615 - mcp.server.lowlevel.server - DEBUG - [server.py:519] - Registering handler for CallToolRequest
2026-04-19 12:23:45,615 - mcp.server.lowlevel.server - DEBUG - [server.py:301] - Registering handler for ListResourcesRequest
2026-04-19 12:23:45,615 - mcp.server.lowlevel.server - DEBUG - [server.py:336] - Registering handler for ReadResourceRequest
2026-04-19 12:23:45,616 - mcp.server.lowlevel.server - DEBUG - [server.py:263] - Registering handler for PromptListRequest
2026-04-19 12:23:45,616 - mcp.server.lowlevel.server - DEBUG - [server.py:285] - Registering handler for GetPromptRequest
2026-04-19 12:23:45,616 - mcp.server.lowlevel.server - DEBUG - [server.py:321] - Registering handler for ListResourceTemplatesRequest
2026-04-19 12:23:45,912 - UnrealMCP_Advanced - INFO - [unreal_mcp_server_advanced.py:2744] - Starting Advanced MCP server with stdio transport
2026-04-19 12:23:45,918 - asyncio - DEBUG - [proactor_events.py:633] - Using proactor: IocpProactor
2026-04-19 12:23:45,923 - UnrealMCP_Advanced - INFO - [unreal_mcp_server_advanced.py:376] - UnrealMCP Advanced server starting up
2026-04-19 12:23:45,923 - UnrealMCP_Advanced - INFO - [unreal_mcp_server_advanced.py:377] - Connection will be established lazily on first tool call
2026-04-19 12:23:45,933 - mcp.server.lowlevel.server - DEBUG - [server.py:675] - Received message: root=InitializedNotification(method='notifications/initialized', params=None, jsonrpc='2.0')
2026-04-19 12:23:45,934 - mcp.server.lowlevel.server - DEBUG - [server.py:675] - Received message: <mcp.shared.session.RequestResponder object at 0x0000016D0EC26E10>
2026-04-19 12:23:45,935 - mcp.server.lowlevel.server - INFO - [server.py:720] - Processing request of type ListToolsRequest
2026-04-19 12:23:45,935 - mcp.server.lowlevel.server - DEBUG - [server.py:723] - Dispatching request of type ListToolsRequest
2026-04-19 12:23:45,936 - mcp.server.lowlevel.server - DEBUG - [server.py:790] - Response sent
2026-04-19 12:23:45,937 - mcp.server.lowlevel.server - DEBUG - [server.py:675] - Received message: <mcp.shared.session.RequestResponder object at 0x0000016D0EB5C210>
2026-04-19 12:23:45,939 - mcp.server.lowlevel.server - INFO - [server.py:720] - Processing request of type ListPromptsRequest
2026-04-19 12:23:45,939 - mcp.server.lowlevel.server - DEBUG - [server.py:723] - Dispatching request of type ListPromptsRequest
2026-04-19 12:23:45,940 - mcp.server.lowlevel.server - DEBUG - [server.py:675] - Received message: <mcp.shared.session.RequestResponder object at 0x0000016D0EB93490>
2026-04-19 12:23:45,940 - mcp.server.lowlevel.server - INFO - [server.py:720] - Processing request of type ListResourcesRequest
2026-04-19 12:23:45,940 - mcp.server.lowlevel.server - DEBUG - [server.py:723] - Dispatching request of type ListResourcesRequest
2026-04-19 12:23:45,940 - mcp.server.fastmcp.resources.resource_manager - DEBUG - [resource_manager.py:109] - Listing resources
2026-04-19 12:23:45,941 - mcp.server.lowlevel.server - DEBUG - [server.py:790] - Response sent
2026-04-19 12:23:45,942 - mcp.server.lowlevel.server - DEBUG - [server.py:675] - Received message: <mcp.shared.session.RequestResponder object at 0x0000016D0EC0A890>
2026-04-19 12:23:45,942 - mcp.server.lowlevel.server - INFO - [server.py:720] - Processing request of type ListResourceTemplatesRequest
2026-04-19 12:23:45,942 - mcp.server.lowlevel.server - DEBUG - [server.py:723] - Dispatching request of type ListResourceTemplatesRequest
2026-04-19 12:23:45,942 - mcp.server.fastmcp.resources.resource_manager - DEBUG - [resource_manager.py:114] - Listing templates
2026-04-19 12:23:45,943 - mcp.server.lowlevel.server - DEBUG - [server.py:790] - Response sent
2026-04-19 12:23:45,944 - mcp.server.lowlevel.server - DEBUG - [server.py:790] - Response sent
2026-04-19 17:22:15,846 - mcp.server.lowlevel.server - DEBUG - [server.py:162] - Initializing server 'UnrealMCP_Advanced'
2026-04-19 17:22:15,846 - mcp.server.lowlevel.server - DEBUG - [server.py:439] - Registering handler for ListToolsRequest
2026-04-19 17:22:15,846 - mcp.server.lowlevel.server - DEBUG - [server.py:519] - Registering handler for CallToolRequest
2026-04-19 17:22:15,846 - mcp.server.lowlevel.server - DEBUG - [server.py:301] - Registering handler for ListResourcesRequest
2026-04-19 17:22:15,846 - mcp.server.lowlevel.server - DEBUG - [server.py:336] - Registering handler for ReadResourceRequest
2026-04-19 17:22:15,846 - mcp.server.lowlevel.server - DEBUG - [server.py:263] - Registering handler for PromptListRequest
2026-04-19 17:22:15,847 - mcp.server.lowlevel.server - DEBUG - [server.py:285] - Registering handler for GetPromptRequest
2026-04-19 17:22:15,847 - mcp.server.lowlevel.server - DEBUG - [server.py:321] - Registering handler for ListResourceTemplatesRequest
2026-04-19 17:22:15,935 - UnrealMCP_Advanced - INFO - [unreal_mcp_server_advanced.py:2744] - Starting Advanced MCP server with stdio transport
2026-04-19 17:22:15,938 - asyncio - DEBUG - [proactor_events.py:633] - Using proactor: IocpProactor
2026-04-19 17:22:15,943 - UnrealMCP_Advanced - INFO - [unreal_mcp_server_advanced.py:376] - UnrealMCP Advanced server starting up
2026-04-19 17:22:15,943 - UnrealMCP_Advanced - INFO - [unreal_mcp_server_advanced.py:377] - Connection will be established lazily on first tool call
2026-04-19 17:22:15,953 - mcp.server.lowlevel.server - DEBUG - [server.py:675] - Received message: root=InitializedNotification(method='notifications/initialized', params=None, jsonrpc='2.0')
2026-04-19 17:22:15,954 - mcp.server.lowlevel.server - DEBUG - [server.py:675] - Received message: <mcp.shared.session.RequestResponder object at 0x000001B6CF54BF50>
2026-04-19 17:22:15,954 - mcp.server.lowlevel.server - INFO - [server.py:720] - Processing request of type ListToolsRequest
2026-04-19 17:22:15,954 - mcp.server.lowlevel.server - DEBUG - [server.py:723] - Dispatching request of type ListToolsRequest
2026-04-19 17:22:15,956 - mcp.server.lowlevel.server - DEBUG - [server.py:790] - Response sent
2026-04-19 17:22:15,957 - mcp.server.lowlevel.server - DEBUG - [server.py:675] - Received message: <mcp.shared.session.RequestResponder object at 0x000001B6CF20B450>
2026-04-19 17:22:15,958 - mcp.server.lowlevel.server - INFO - [server.py:720] - Processing request of type ListPromptsRequest
2026-04-19 17:22:15,958 - mcp.server.lowlevel.server - DEBUG - [server.py:723] - Dispatching request of type ListPromptsRequest
2026-04-19 17:22:15,959 - mcp.server.lowlevel.server - DEBUG - [server.py:675] - Received message: <mcp.shared.session.RequestResponder object at 0x000001B6CF58C2D0>
2026-04-19 17:22:15,959 - mcp.server.lowlevel.server - INFO - [server.py:720] - Processing request of type ListResourcesRequest
2026-04-19 17:22:15,959 - mcp.server.lowlevel.server - DEBUG - [server.py:723] - Dispatching request of type ListResourcesRequest
2026-04-19 17:22:15,959 - mcp.server.fastmcp.resources.resource_manager - DEBUG - [resource_manager.py:109] - Listing resources
2026-04-19 17:22:15,959 - mcp.server.lowlevel.server - DEBUG - [server.py:790] - Response sent
2026-04-19 17:22:15,961 - mcp.server.lowlevel.server - DEBUG - [server.py:675] - Received message: <mcp.shared.session.RequestResponder object at 0x000001B6CF5748D0>
2026-04-19 17:22:15,961 - mcp.server.lowlevel.server - INFO - [server.py:720] - Processing request of type ListResourceTemplatesRequest
2026-04-19 17:22:15,962 - mcp.server.lowlevel.server - DEBUG - [server.py:723] - Dispatching request of type ListResourceTemplatesRequest
2026-04-19 17:22:15,962 - mcp.server.fastmcp.resources.resource_manager - DEBUG - [resource_manager.py:114] - Listing templates
2026-04-19 17:22:15,962 - mcp.server.lowlevel.server - DEBUG - [server.py:790] - Response sent
2026-04-19 17:22:15,963 - mcp.server.lowlevel.server - DEBUG - [server.py:790] - Response sent
2026-04-20 22:43:25,094 - mcp.server.lowlevel.server - DEBUG - [server.py:162] - Initializing server 'UnrealMCP_Advanced'
2026-04-20 22:43:25,094 - mcp.server.lowlevel.server - DEBUG - [server.py:439] - Registering handler for ListToolsRequest
2026-04-20 22:43:25,095 - mcp.server.lowlevel.server - DEBUG - [server.py:519] - Registering handler for CallToolRequest
2026-04-20 22:43:25,095 - mcp.server.lowlevel.server - DEBUG - [server.py:301] - Registering handler for ListResourcesRequest
2026-04-20 22:43:25,095 - mcp.server.lowlevel.server - DEBUG - [server.py:336] - Registering handler for ReadResourceRequest
2026-04-20 22:43:25,095 - mcp.server.lowlevel.server - DEBUG - [server.py:263] - Registering handler for PromptListRequest
2026-04-20 22:43:25,095 - mcp.server.lowlevel.server - DEBUG - [server.py:285] - Registering handler for GetPromptRequest
2026-04-20 22:43:25,095 - mcp.server.lowlevel.server - DEBUG - [server.py:321] - Registering handler for ListResourceTemplatesRequest
2026-04-20 22:43:25,203 - UnrealMCP_Advanced - INFO - [unreal_mcp_server_advanced.py:2744] - Starting Advanced MCP server with stdio transport
2026-04-20 22:43:25,208 - asyncio - DEBUG - [proactor_events.py:633] - Using proactor: IocpProactor
2026-04-20 22:43:25,213 - UnrealMCP_Advanced - INFO - [unreal_mcp_server_advanced.py:376] - UnrealMCP Advanced server starting up
2026-04-20 22:43:25,214 - UnrealMCP_Advanced - INFO - [unreal_mcp_server_advanced.py:377] - Connection will be established lazily on first tool call
2026-04-20 22:43:25,221 - mcp.server.lowlevel.server - DEBUG - [server.py:675] - Received message: root=InitializedNotification(method='notifications/initialized', params=None, jsonrpc='2.0')
2026-04-20 22:43:25,222 - mcp.server.lowlevel.server - DEBUG - [server.py:675] - Received message: <mcp.shared.session.RequestResponder object at 0x00000239B65AA150>
2026-04-20 22:43:25,223 - mcp.server.lowlevel.server - INFO - [server.py:720] - Processing request of type ListToolsRequest
2026-04-20 22:43:25,223 - mcp.server.lowlevel.server - DEBUG - [server.py:723] - Dispatching request of type ListToolsRequest
2026-04-20 22:43:25,224 - mcp.server.lowlevel.server - DEBUG - [server.py:790] - Response sent
2026-04-20 22:43:25,224 - mcp.server.lowlevel.server - DEBUG - [server.py:675] - Received message: <mcp.shared.session.RequestResponder object at 0x00000239B64DDD90>
2026-04-20 22:43:25,224 - mcp.server.lowlevel.server - INFO - [server.py:720] - Processing request of type ListPromptsRequest
2026-04-20 22:43:25,224 - mcp.server.lowlevel.server - DEBUG - [server.py:723] - Dispatching request of type ListPromptsRequest
2026-04-20 22:43:25,226 - mcp.server.lowlevel.server - DEBUG - [server.py:675] - Received message: <mcp.shared.session.RequestResponder object at 0x00000239B64AB490>
2026-04-20 22:43:25,226 - mcp.server.lowlevel.server - INFO - [server.py:720] - Processing request of type ListResourcesRequest
2026-04-20 22:43:25,227 - mcp.server.lowlevel.server - DEBUG - [server.py:723] - Dispatching request of type ListResourcesRequest
2026-04-20 22:43:25,227 - mcp.server.fastmcp.resources.resource_manager - DEBUG - [resource_manager.py:109] - Listing resources
2026-04-20 22:43:25,227 - mcp.server.lowlevel.server - DEBUG - [server.py:790] - Response sent
2026-04-20 22:43:25,228 - mcp.server.lowlevel.server - DEBUG - [server.py:675] - Received message: <mcp.shared.session.RequestResponder object at 0x00000239B65AB090>
2026-04-20 22:43:25,228 - mcp.server.lowlevel.server - INFO - [server.py:720] - Processing request of type ListResourceTemplatesRequest
2026-04-20 22:43:25,228 - mcp.server.lowlevel.server - DEBUG - [server.py:723] - Dispatching request of type ListResourceTemplatesRequest
2026-04-20 22:43:25,228 - mcp.server.fastmcp.resources.resource_manager - DEBUG - [resource_manager.py:114] - Listing templates
2026-04-20 22:43:25,228 - mcp.server.lowlevel.server - DEBUG - [server.py:790] - Response sent
2026-04-20 22:43:25,228 - mcp.server.lowlevel.server - DEBUG - [server.py:790] - Response sent
2026-04-21 01:50:42,317 - mcp.server.lowlevel.server - DEBUG - [server.py:162] - Initializing server 'UnrealMCP_Advanced'
2026-04-21 01:50:42,318 - mcp.server.lowlevel.server - DEBUG - [server.py:439] - Registering handler for ListToolsRequest
2026-04-21 01:50:42,318 - mcp.server.lowlevel.server - DEBUG - [server.py:519] - Registering handler for CallToolRequest
2026-04-21 01:50:42,318 - mcp.server.lowlevel.server - DEBUG - [server.py:301] - Registering handler for ListResourcesRequest
2026-04-21 01:50:42,318 - mcp.server.lowlevel.server - DEBUG - [server.py:336] - Registering handler for ReadResourceRequest
2026-04-21 01:50:42,318 - mcp.server.lowlevel.server - DEBUG - [server.py:263] - Registering handler for PromptListRequest
2026-04-21 01:50:42,318 - mcp.server.lowlevel.server - DEBUG - [server.py:285] - Registering handler for GetPromptRequest
2026-04-21 01:50:42,319 - mcp.server.lowlevel.server - DEBUG - [server.py:321] - Registering handler for ListResourceTemplatesRequest
2026-04-21 01:50:42,490 - UnrealMCP_Advanced - INFO - [unreal_mcp_server_advanced.py:2744] - Starting Advanced MCP server with stdio transport
2026-04-21 01:50:42,496 - asyncio - DEBUG - [proactor_events.py:633] - Using proactor: IocpProactor
2026-04-21 01:50:42,500 - UnrealMCP_Advanced - INFO - [unreal_mcp_server_advanced.py:376] - UnrealMCP Advanced server starting up
2026-04-21 01:50:42,500 - UnrealMCP_Advanced - INFO - [unreal_mcp_server_advanced.py:377] - Connection will be established lazily on first tool call
2026-04-21 01:50:42,518 - mcp.server.lowlevel.server - DEBUG - [server.py:675] - Received message: root=InitializedNotification(method='notifications/initialized', params=None, jsonrpc='2.0')
2026-04-21 01:50:42,520 - mcp.server.lowlevel.server - DEBUG - [server.py:675] - Received message: <mcp.shared.session.RequestResponder object at 0x000001CFBE186BD0>
2026-04-21 01:50:42,521 - mcp.server.lowlevel.server - INFO - [server.py:720] - Processing request of type ListToolsRequest
2026-04-21 01:50:42,521 - mcp.server.lowlevel.server - DEBUG - [server.py:723] - Dispatching request of type ListToolsRequest
2026-04-21 01:50:42,522 - mcp.server.lowlevel.server - DEBUG - [server.py:790] - Response sent
2026-04-21 01:50:42,522 - mcp.server.lowlevel.server - DEBUG - [server.py:675] - Received message: <mcp.shared.session.RequestResponder object at 0x000001CFBE484210>
2026-04-21 01:50:42,523 - mcp.server.lowlevel.server - INFO - [server.py:720] - Processing request of type ListPromptsRequest
2026-04-21 01:50:42,523 - mcp.server.lowlevel.server - DEBUG - [server.py:723] - Dispatching request of type ListPromptsRequest
2026-04-21 01:50:42,523 - mcp.server.lowlevel.server - DEBUG - [server.py:675] - Received message: <mcp.shared.session.RequestResponder object at 0x000001CFBE473490>
2026-04-21 01:50:42,524 - mcp.server.lowlevel.server - INFO - [server.py:720] - Processing request of type ListResourcesRequest
2026-04-21 01:50:42,524 - mcp.server.lowlevel.server - DEBUG - [server.py:723] - Dispatching request of type ListResourcesRequest
2026-04-21 01:50:42,524 - mcp.server.fastmcp.resources.resource_manager - DEBUG - [resource_manager.py:109] - Listing resources
2026-04-21 01:50:42,524 - mcp.server.lowlevel.server - DEBUG - [server.py:790] - Response sent
2026-04-21 01:50:42,524 - mcp.server.lowlevel.server - DEBUG - [server.py:675] - Received message: <mcp.shared.session.RequestResponder object at 0x000001CFBE4B06D0>
2026-04-21 01:50:42,525 - mcp.server.lowlevel.server - INFO - [server.py:720] - Processing request of type ListResourceTemplatesRequest
2026-04-21 01:50:42,525 - mcp.server.lowlevel.server - DEBUG - [server.py:723] - Dispatching request of type ListResourceTemplatesRequest
2026-04-21 01:50:42,525 - mcp.server.fastmcp.resources.resource_manager - DEBUG - [resource_manager.py:114] - Listing templates
2026-04-21 01:50:42,525 - mcp.server.lowlevel.server - DEBUG - [server.py:790] - Response sent
2026-04-21 01:50:42,526 - mcp.server.lowlevel.server - DEBUG - [server.py:790] - Response sent
2026-04-21 01:53:08,444 - UnrealMCP_Advanced - INFO - [unreal_mcp_server_advanced.py:371] - Unreal connection reset
2026-04-21 01:53:08,444 - UnrealMCP_Advanced - INFO - [unreal_mcp_server_advanced.py:383] - Unreal MCP Advanced server shut down
2026-04-21 13:19:16,170 - mcp.server.lowlevel.server - DEBUG - [server.py:162] - Initializing server 'UnrealMCP_Advanced'
2026-04-21 13:19:16,170 - mcp.server.lowlevel.server - DEBUG - [server.py:439] - Registering handler for ListToolsRequest
2026-04-21 13:19:16,171 - mcp.server.lowlevel.server - DEBUG - [server.py:519] - Registering handler for CallToolRequest
2026-04-21 13:19:16,171 - mcp.server.lowlevel.server - DEBUG - [server.py:301] - Registering handler for ListResourcesRequest
2026-04-21 13:19:16,171 - mcp.server.lowlevel.server - DEBUG - [server.py:336] - Registering handler for ReadResourceRequest
2026-04-21 13:19:16,171 - mcp.server.lowlevel.server - DEBUG - [server.py:263] - Registering handler for PromptListRequest
2026-04-21 13:19:16,171 - mcp.server.lowlevel.server - DEBUG - [server.py:285] - Registering handler for GetPromptRequest
2026-04-21 13:19:16,171 - mcp.server.lowlevel.server - DEBUG - [server.py:321] - Registering handler for ListResourceTemplatesRequest
2026-04-21 13:19:16,238 - UnrealMCP_Advanced - INFO - [unreal_mcp_server_advanced.py:2744] - Starting Advanced MCP server with stdio transport
2026-04-21 13:19:16,242 - asyncio - DEBUG - [proactor_events.py:633] - Using proactor: IocpProactor
2026-04-21 13:19:16,245 - UnrealMCP_Advanced - INFO - [unreal_mcp_server_advanced.py:376] - UnrealMCP Advanced server starting up
2026-04-21 13:19:16,246 - UnrealMCP_Advanced - INFO - [unreal_mcp_server_advanced.py:377] - Connection will be established lazily on first tool call
2026-04-21 13:19:16,253 - mcp.server.lowlevel.server - DEBUG - [server.py:675] - Received message: root=InitializedNotification(method='notifications/initialized', params=None, jsonrpc='2.0')
2026-04-21 13:19:16,254 - mcp.server.lowlevel.server - DEBUG - [server.py:675] - Received message: <mcp.shared.session.RequestResponder object at 0x00000224EA6FAC50>
2026-04-21 13:19:16,254 - mcp.server.lowlevel.server - INFO - [server.py:720] - Processing request of type ListToolsRequest
2026-04-21 13:19:16,254 - mcp.server.lowlevel.server - DEBUG - [server.py:723] - Dispatching request of type ListToolsRequest
2026-04-21 13:19:16,255 - mcp.server.lowlevel.server - DEBUG - [server.py:790] - Response sent
2026-04-21 13:19:16,256 - mcp.server.lowlevel.server - DEBUG - [server.py:675] - Received message: <mcp.shared.session.RequestResponder object at 0x00000224EA747210>
2026-04-21 13:19:16,256 - mcp.server.lowlevel.server - INFO - [server.py:720] - Processing request of type ListPromptsRequest
2026-04-21 13:19:16,256 - mcp.server.lowlevel.server - DEBUG - [server.py:723] - Dispatching request of type ListPromptsRequest
2026-04-21 13:19:16,257 - mcp.server.lowlevel.server - DEBUG - [server.py:675] - Received message: <mcp.shared.session.RequestResponder object at 0x00000224EA76A890>
2026-04-21 13:19:16,257 - mcp.server.lowlevel.server - INFO - [server.py:720] - Processing request of type ListResourcesRequest
2026-04-21 13:19:16,257 - mcp.server.lowlevel.server - DEBUG - [server.py:723] - Dispatching request of type ListResourcesRequest
2026-04-21 13:19:16,258 - mcp.server.fastmcp.resources.resource_manager - DEBUG - [resource_manager.py:109] - Listing resources
2026-04-21 13:19:16,258 - mcp.server.lowlevel.server - DEBUG - [server.py:790] - Response sent
2026-04-21 13:19:16,258 - mcp.server.lowlevel.server - DEBUG - [server.py:675] - Received message: <mcp.shared.session.RequestResponder object at 0x00000224EA6E48D0>
2026-04-21 13:19:16,258 - mcp.server.lowlevel.server - INFO - [server.py:720] - Processing request of type ListResourceTemplatesRequest
2026-04-21 13:19:16,259 - mcp.server.lowlevel.server - DEBUG - [server.py:723] - Dispatching request of type ListResourceTemplatesRequest
2026-04-21 13:19:16,259 - mcp.server.fastmcp.resources.resource_manager - DEBUG - [resource_manager.py:114] - Listing templates
2026-04-21 13:19:16,259 - mcp.server.lowlevel.server - DEBUG - [server.py:790] - Response sent
2026-04-21 13:19:16,260 - mcp.server.lowlevel.server - DEBUG - [server.py:790] - Response sent
2026-04-24 13:12:32,764 - mcp.server.lowlevel.server - DEBUG - [server.py:162] - Initializing server 'UnrealMCP_Advanced'
2026-04-24 13:12:32,764 - mcp.server.lowlevel.server - DEBUG - [server.py:439] - Registering handler for ListToolsRequest
2026-04-24 13:12:32,764 - mcp.server.lowlevel.server - DEBUG - [server.py:519] - Registering handler for CallToolRequest
2026-04-24 13:12:32,764 - mcp.server.lowlevel.server - DEBUG - [server.py:301] - Registering handler for ListResourcesRequest
2026-04-24 13:12:32,765 - mcp.server.lowlevel.server - DEBUG - [server.py:336] - Registering handler for ReadResourceRequest
2026-04-24 13:12:32,765 - mcp.server.lowlevel.server - DEBUG - [server.py:263] - Registering handler for PromptListRequest
2026-04-24 13:12:32,765 - mcp.server.lowlevel.server - DEBUG - [server.py:285] - Registering handler for GetPromptRequest
2026-04-24 13:12:32,765 - mcp.server.lowlevel.server - DEBUG - [server.py:321] - Registering handler for ListResourceTemplatesRequest
2026-04-24 13:12:32,942 - UnrealMCP_Advanced - INFO - [unreal_mcp_server_advanced.py:2744] - Starting Advanced MCP server with stdio transport
2026-04-24 13:12:32,970 - asyncio - DEBUG - [proactor_events.py:633] - Using proactor: IocpProactor
2026-04-24 13:12:32,975 - UnrealMCP_Advanced - INFO - [unreal_mcp_server_advanced.py:376] - UnrealMCP Advanced server starting up
2026-04-24 13:12:32,975 - UnrealMCP_Advanced - INFO - [unreal_mcp_server_advanced.py:377] - Connection will be established lazily on first tool call
2026-04-24 13:12:33,020 - mcp.server.lowlevel.server - DEBUG - [server.py:675] - Received message: root=InitializedNotification(method='notifications/initialized', params=None, jsonrpc='2.0')
2026-04-24 13:12:33,021 - mcp.server.lowlevel.server - DEBUG - [server.py:675] - Received message: <mcp.shared.session.RequestResponder object at 0x00000255C9D66BD0>
2026-04-24 13:12:33,021 - mcp.server.lowlevel.server - INFO - [server.py:720] - Processing request of type ListToolsRequest
2026-04-24 13:12:33,021 - mcp.server.lowlevel.server - DEBUG - [server.py:723] - Dispatching request of type ListToolsRequest
2026-04-24 13:12:33,024 - mcp.server.lowlevel.server - DEBUG - [server.py:790] - Response sent
2026-04-24 13:12:33,025 - mcp.server.lowlevel.server - DEBUG - [server.py:675] - Received message: <mcp.shared.session.RequestResponder object at 0x00000255CA0C6A50>
2026-04-24 13:12:33,025 - mcp.server.lowlevel.server - INFO - [server.py:720] - Processing request of type ListPromptsRequest
2026-04-24 13:12:33,025 - mcp.server.lowlevel.server - DEBUG - [server.py:723] - Dispatching request of type ListPromptsRequest
2026-04-24 13:12:33,026 - mcp.server.lowlevel.server - DEBUG - [server.py:675] - Received message: <mcp.shared.session.RequestResponder object at 0x00000255C9F92B10>
2026-04-24 13:12:33,026 - mcp.server.lowlevel.server - INFO - [server.py:720] - Processing request of type ListResourcesRequest
2026-04-24 13:12:33,026 - mcp.server.lowlevel.server - DEBUG - [server.py:723] - Dispatching request of type ListResourcesRequest
2026-04-24 13:12:33,027 - mcp.server.fastmcp.resources.resource_manager - DEBUG - [resource_manager.py:109] - Listing resources
2026-04-24 13:12:33,027 - mcp.server.lowlevel.server - DEBUG - [server.py:790] - Response sent
2026-04-24 13:12:33,028 - mcp.server.lowlevel.server - DEBUG - [server.py:790] - Response sent
2026-04-26 23:17:01,393 - mcp.server.lowlevel.server - DEBUG - [server.py:162] - Initializing server 'UnrealMCP_Advanced'
2026-04-26 23:17:01,394 - mcp.server.lowlevel.server - DEBUG - [server.py:439] - Registering handler for ListToolsRequest
2026-04-26 23:17:01,394 - mcp.server.lowlevel.server - DEBUG - [server.py:519] - Registering handler for CallToolRequest
2026-04-26 23:17:01,394 - mcp.server.lowlevel.server - DEBUG - [server.py:301] - Registering handler for ListResourcesRequest
2026-04-26 23:17:01,394 - mcp.server.lowlevel.server - DEBUG - [server.py:336] - Registering handler for ReadResourceRequest
2026-04-26 23:17:01,394 - mcp.server.lowlevel.server - DEBUG - [server.py:263] - Registering handler for PromptListRequest
2026-04-26 23:17:01,394 - mcp.server.lowlevel.server - DEBUG - [server.py:285] - Registering handler for GetPromptRequest
2026-04-26 23:17:01,394 - mcp.server.lowlevel.server - DEBUG - [server.py:321] - Registering handler for ListResourceTemplatesRequest
2026-04-26 23:17:01,486 - UnrealMCP_Advanced - INFO - [unreal_mcp_server_advanced.py:2744] - Starting Advanced MCP server with stdio transport
2026-04-26 23:17:01,490 - asyncio - DEBUG - [proactor_events.py:633] - Using proactor: IocpProactor
2026-04-26 23:17:01,493 - UnrealMCP_Advanced - INFO - [unreal_mcp_server_advanced.py:376] - UnrealMCP Advanced server starting up
2026-04-26 23:17:01,493 - UnrealMCP_Advanced - INFO - [unreal_mcp_server_advanced.py:377] - Connection will be established lazily on first tool call
2026-04-26 23:17:01,503 - mcp.server.lowlevel.server - DEBUG - [server.py:675] - Received message: root=InitializedNotification(method='notifications/initialized', params=None, jsonrpc='2.0')
2026-04-26 23:17:01,504 - mcp.server.lowlevel.server - DEBUG - [server.py:675] - Received message: <mcp.shared.session.RequestResponder object at 0x000001C1EDFFF7D0>
2026-04-26 23:17:01,504 - mcp.server.lowlevel.server - INFO - [server.py:720] - Processing request of type ListToolsRequest
2026-04-26 23:17:01,504 - mcp.server.lowlevel.server - DEBUG - [server.py:723] - Dispatching request of type ListToolsRequest
2026-04-26 23:17:01,505 - mcp.server.lowlevel.server - DEBUG - [server.py:790] - Response sent
2026-04-26 23:17:01,507 - mcp.server.lowlevel.server - DEBUG - [server.py:675] - Received message: <mcp.shared.session.RequestResponder object at 0x000001C1EE04BB50>
2026-04-26 23:17:01,507 - mcp.server.lowlevel.server - INFO - [server.py:720] - Processing request of type ListPromptsRequest
2026-04-26 23:17:01,507 - mcp.server.lowlevel.server - DEBUG - [server.py:723] - Dispatching request of type ListPromptsRequest
2026-04-26 23:17:01,508 - mcp.server.lowlevel.server - DEBUG - [server.py:675] - Received message: <mcp.shared.session.RequestResponder object at 0x000001C1EE0B7AD0>
2026-04-26 23:17:01,508 - mcp.server.lowlevel.server - INFO - [server.py:720] - Processing request of type ListResourcesRequest
2026-04-26 23:17:01,508 - mcp.server.lowlevel.server - DEBUG - [server.py:723] - Dispatching request of type ListResourcesRequest
2026-04-26 23:17:01,508 - mcp.server.fastmcp.resources.resource_manager - DEBUG - [resource_manager.py:109] - Listing resources
2026-04-26 23:17:01,509 - mcp.server.lowlevel.server - DEBUG - [server.py:790] - Response sent
2026-04-26 23:17:01,510 - mcp.server.lowlevel.server - DEBUG - [server.py:790] - Response sent
2026-04-30 19:16:43,532 - mcp.server.lowlevel.server - DEBUG - [server.py:162] - Initializing server 'UnrealMCP_Advanced'
2026-04-30 19:16:43,532 - mcp.server.lowlevel.server - DEBUG - [server.py:439] - Registering handler for ListToolsRequest
2026-04-30 19:16:43,533 - mcp.server.lowlevel.server - DEBUG - [server.py:519] - Registering handler for CallToolRequest
2026-04-30 19:16:43,533 - mcp.server.lowlevel.server - DEBUG - [server.py:301] - Registering handler for ListResourcesRequest
2026-04-30 19:16:43,533 - mcp.server.lowlevel.server - DEBUG - [server.py:336] - Registering handler for ReadResourceRequest
2026-04-30 19:16:43,533 - mcp.server.lowlevel.server - DEBUG - [server.py:263] - Registering handler for PromptListRequest
2026-04-30 19:16:43,533 - mcp.server.lowlevel.server - DEBUG - [server.py:285] - Registering handler for GetPromptRequest
2026-04-30 19:16:43,533 - mcp.server.lowlevel.server - DEBUG - [server.py:321] - Registering handler for ListResourceTemplatesRequest
2026-04-30 19:16:43,651 - UnrealMCP_Advanced - INFO - [unreal_mcp_server_advanced.py:2744] - Starting Advanced MCP server with stdio transport
2026-04-30 19:16:43,658 - asyncio - DEBUG - [proactor_events.py:633] - Using proactor: IocpProactor
2026-04-30 19:16:43,664 - UnrealMCP_Advanced - INFO - [unreal_mcp_server_advanced.py:376] - UnrealMCP Advanced server starting up
2026-04-30 19:16:43,664 - UnrealMCP_Advanced - INFO - [unreal_mcp_server_advanced.py:377] - Connection will be established lazily on first tool call
2026-04-30 19:16:43,674 - mcp.server.lowlevel.server - DEBUG - [server.py:675] - Received message: root=InitializedNotification(method='notifications/initialized', params=None, jsonrpc='2.0')
2026-04-30 19:16:43,675 - mcp.server.lowlevel.server - DEBUG - [server.py:675] - Received message: <mcp.shared.session.RequestResponder object at 0x000001400430ACD0>
2026-04-30 19:16:43,676 - mcp.server.lowlevel.server - INFO - [server.py:720] - Processing request of type ListToolsRequest
2026-04-30 19:16:43,676 - mcp.server.lowlevel.server - DEBUG - [server.py:723] - Dispatching request of type ListToolsRequest
2026-04-30 19:16:43,677 - mcp.server.lowlevel.server - DEBUG - [server.py:790] - Response sent
2026-04-30 19:16:43,678 - mcp.server.lowlevel.server - DEBUG - [server.py:675] - Received message: <mcp.shared.session.RequestResponder object at 0x000001400428C210>
2026-04-30 19:16:43,679 - mcp.server.lowlevel.server - INFO - [server.py:720] - Processing request of type ListPromptsRequest
2026-04-30 19:16:43,679 - mcp.server.lowlevel.server - DEBUG - [server.py:723] - Dispatching request of type ListPromptsRequest
2026-04-30 19:16:43,679 - mcp.server.lowlevel.server - DEBUG - [server.py:675] - Received message: <mcp.shared.session.RequestResponder object at 0x00000140042E7C10>
2026-04-30 19:16:43,679 - mcp.server.lowlevel.server - INFO - [server.py:720] - Processing request of type ListResourcesRequest
2026-04-30 19:16:43,681 - mcp.server.lowlevel.server - DEBUG - [server.py:723] - Dispatching request of type ListResourcesRequest
2026-04-30 19:16:43,681 - mcp.server.fastmcp.resources.resource_manager - DEBUG - [resource_manager.py:109] - Listing resources
2026-04-30 19:16:43,681 - mcp.server.lowlevel.server - DEBUG - [server.py:790] - Response sent
2026-04-30 19:16:43,681 - mcp.server.lowlevel.server - DEBUG - [server.py:790] - Response sent
2026-04-30 19:27:49,049 - UnrealMCP_Advanced - INFO - [unreal_mcp_server_advanced.py:371] - Unreal connection reset
2026-04-30 19:27:49,049 - UnrealMCP_Advanced - INFO - [unreal_mcp_server_advanced.py:383] - Unreal MCP Advanced server shut down
